code,report_date,publish_date
600048,2015-03-31,2015-04-30
600048,2015-06-30,2015-08-25
600048,2015-09-30,2015-10-30
600048,2015-12-31,2016-04-15
600048,2016-03-31,2016-04-28
600048,2016-06-30,2016-08-30
600048,2016-09-30,2016-10-29
600048,2016-12-31,2017-04-18
600048,2017-03-31,2017-04-29
600048,2017-06-30,2017-08-30
600048,2017-09-30,2017-10-27
600048,2017-12-31,2018-04-17
600048,2018-03-31,2018-04-27
600048,2018-06-30,2018-08-14
600048,2018-09-30,2018-10-30
600048,2018-12-31,2019-04-16
600048,2019-03-31,2019-04-27
600048,2019-06-30,2019-08-13
600048,2019-09-30,2019-10-26
600048,2019-12-31,2020-04-16
600048,2020-03-31,2020-04-30
600048,2020-06-30,2020-08-25
600048,2020-09-30,2020-10-30
600048,2020-12-31,2021-04-20
600048,2021-03-31,2021-04-30
600048,2021-06-30,2021-08-24
600048,2021-09-30,2021-10-29
600048,2021-12-31,2022-04-19
600048,2022-03-31,2022-04-30
600048,2022-06-30,2022-08-30
600048,2022-09-30,2022-10-29
600048,2022-12-31,2023-03-31
600048,2023-03-31,2023-04-22
600048,2023-06-30,2023-08-31
600048,2023-09-30,2023-10-28
600048,2023-12-31,2024-04-23
600048,2024-03-31,2024-04-30
600048,2024-06-30,2024-08-20
600048,2024-09-30,2024-10-29
600048,2024-12-31,2025-04-29
600048,2025-03-31,2025-04-29
600048,2025-06-30,2025-08-26
600048,2025-09-30,2025-10-22
600048,2025-12-31,2026-04-18
600048,2026-03-31,2026-04-28
600048,2026-06-30,2026-08-27
600276,2015-03-31,2015-04-18
600276,2015-06-30,2015-08-25
600276,2015-09-30,2015-10-28
600276,2015-12-31,2016-04-13
600276,2016-03-31,2016-04-26
600276,2016-06-30,2016-08-30
600276,2016-09-30,2016-10-29
600276,2016-12-31,2017-03-11
600276,2017-03-31,2017-04-21
600276,2017-06-30,2017-08-30
600276,2017-09-30,2017-10-19
600276,2017-12-31,2018-04-16
600276,2018-03-31,2018-04-27
600276,2018-06-30,2018-08-10
600276,2018-09-30,2018-10-26
600276,2018-12-31,2019-02-16
600276,2019-03-31,2019-04-17
600276,2019-06-30,2019-08-30
600276,2019-09-30,2019-10-25
600276,2019-12-31,2020-03-23
600276,2020-03-31,2020-04-28
600276,2020-06-30,2020-08-01
600276,2020-09-30,2020-10-20
600276,2020-12-31,2021-04-20
600276,2021-03-31,2021-04-20
600276,2021-06-30,2021-08-20
600276,2021-09-30,2021-10-20
600276,2021-12-31,2022-04-23
600276,2022-03-31,2022-04-23
600276,2022-06-30,2022-08-20
600276,2022-09-30,2022-10-29
600276,2022-12-31,2023-04-22
600276,2023-03-31,2023-04-22
600276,2023-06-30,2023-08-19
600276,2023-09-30,2023-10-26
600276,2023-12-31,2024-04-18
600276,2024-03-31,2024-04-18
600276,2024-06-30,2024-08-22
600276,2024-09-30,2024-10-25
600276,2024-12-31,2025-03-31
600276,2025-03-31,2025-04-25
600276,2025-06-30,2025-08-21
600276,2025-09-30,2025-10-28
600276,2025-12-31,2026-03-26
600276,2026-03-31,2026-04-23
600276,2026-06-30,2026-08-20
603019,2015-03-31,2015-04-22
603019,2015-06-30,2015-07-31
603019,2015-09-30,2015-10-28
603019,2015-12-31,2016-03-23
603019,2016-03-31,2016-04-22
603019,2016-06-30,2016-08-23
603019,2016-09-30,2016-10-25
603019,2016-12-31,2017-03-31
603019,2017-03-31,2017-04-25
603019,2017-06-30,2017-08-10
603019,2017-09-30,2017-10-24
603019,2017-12-31,2018-03-24
603019,2018-03-31,2018-04-26
603019,2018-06-30,2018-08-28
603019,2018-09-30,2018-10-15
603019,2018-12-31,2019-03-16
603019,2019-03-31,2019-04-20
603019,2019-06-30,2019-08-16
603019,2019-09-30,2019-10-26
603019,2019-12-31,2020-03-28
603019,2020-03-31,2020-04-28
603019,2020-06-30,2020-08-15
603019,2020-09-30,2020-10-28
603019,2020-12-31,2021-04-12
603019,2021-03-31,2021-04-24
603019,2021-06-30,2021-08-18
603019,2021-09-30,2021-10-28
603019,2021-12-31,2022-04-15
603019,2022-03-31,2022-04-28
603019,2022-06-30,2022-08-31
603019,2022-09-30,2022-10-27
603019,2022-12-31,2023-04-18
603019,2023-03-31,2023-04-26
603019,2023-06-30,2023-08-25
603019,2023-09-30,2023-10-27
603019,2023-12-31,2024-04-18
603019,2024-03-31,2024-04-26
603019,2024-06-30,2024-08-23
603019,2024-09-30,2024-10-29
603019,2024-12-31,2025-03-05
603019,2025-03-31,2025-04-30
603019,2025-06-30,2025-08-29
603019,2025-09-30,2025-10-31
603019,2025-12-31,2026-04-15
603019,2026-03-31,2026-04-25
603019,2026-06-30,2026-08-26
300122,2015-03-31,2015-04-21
300122,2015-06-30,2015-08-25
300122,2015-09-30,2015-10-27
300122,2015-12-31,2016-03-01
300122,2016-03-31,2016-04-25
300122,2016-06-30,2016-08-16
300122,2016-09-30,2016-10-20
300122,2016-12-31,2017-03-14
300122,2017-03-31,2017-04-25
300122,2017-06-30,2017-08-15
300122,2017-09-30,2017-10-23
300122,2017-12-31,2018-03-20
300122,2018-03-31,2018-04-26
300122,2018-06-30,2018-08-14
300122,2018-09-30,2018-10-19
300122,2018-12-31,2019-04-04
300122,2019-03-31,2019-04-29
300122,2019-06-30,2019-08-30
300122,2019-09-30,2019-10-22
300122,2019-12-31,2020-04-21
300122,2020-03-31,2020-04-29
300122,2020-06-30,2020-08-04
300122,2020-09-30,2020-10-16
300122,2020-12-31,2021-04-20
300122,2021-03-31,2021-04-20
300122,2021-06-30,2021-08-30
300122,2021-09-30,2021-10-29
300122,2021-12-31,2022-04-28
300122,2022-03-31,2022-04-28
300122,2022-06-30,2022-08-30
300122,2022-09-30,2022-10-28
300122,2022-12-31,2023-03-21
300122,2023-03-31,2023-04-20
300122,2023-06-30,2023-08-29
300122,2023-09-30,2023-10-27
300122,2023-12-31,2024-04-23
300122,2024-03-31,2024-04-23
300122,2024-06-30,2024-08-30
300122,2024-09-30,2024-10-26
300122,2024-12-31,2025-04-22
300122,2025-03-31,2025-04-22
300122,2025-06-30,2025-08-19
300122,2025-09-30,2025-10-30
300122,2025-12-31,2026-04-28
300122,2026-03-31,2026-04-28
300122,2026-06-30,2026-08-29
000617,2015-03-31,2015-04-28
000617,2015-06-30,2015-08-29
000617,2015-09-30,2015-10-29
000617,2015-12-31,2016-03-31
000617,2016-03-31,2016-04-30
000617,2016-06-30,2016-08-31
000617,2016-09-30,2016-10-29
000617,2016-12-31,2017-04-26
000617,2017-03-31,2017-04-26
000617,2017-06-30,2017-08-28
000617,2017-09-30,2017-10-28
000617,2017-12-31,2018-04-12
000617,2018-03-31,2018-04-26
000617,2018-06-30,2018-08-28
000617,2018-09-30,2018-10-27
000617,2018-12-31,2019-04-12
000617,2019-03-31,2019-04-26
000617,2019-06-30,2019-08-24
000617,2019-09-30,2019-10-25
000617,2019-12-31,2020-04-02
000617,2020-03-31,2020-04-29
000617,2020-06-30,2020-08-22
000617,2020-09-30,2020-10-24
000617,2020-12-31,2021-04-02
000617,2021-03-31,2021-04-30
000617,2021-06-30,2021-08-21
000617,2021-09-30,2021-10-29
000617,2021-12-31,2022-04-02
000617,2022-03-31,2022-04-29
000617,2022-06-30,2022-08-20
000617,2022-09-30,2022-10-28
000617,2022-12-31,2023-04-01
000617,2023-03-31,2023-04-29
000617,2023-06-30,2023-08-31
000617,2023-09-30,2023-10-31
000617,2023-12-31,2024-03-29
000617,2024-03-31,2024-04-30
000617,2024-06-30,2024-08-29
000617,2024-09-30,2024-10-30
000617,2024-12-31,2025-04-03
000617,2025-03-31,2025-04-30
000617,2025-06-30,2025-08-29
000617,2025-09-30,2025-10-31
000617,2025-12-31,2026-04-27
000617,2026-03-31,2026-04-27
000617,2026-06-30,2026-08-28
002028,2015-03-31,2015-04-30
002028,2015-06-30,2015-08-22
002028,2015-09-30,2015-10-24
002028,2015-12-31,2016-03-26
002028,2016-03-31,2016-04-30
002028,2016-06-30,2016-08-20
002028,2016-09-30,2016-10-22
002028,2016-12-31,2017-03-25
002028,2017-03-31,2017-04-22
002028,2017-06-30,2017-08-22
002028,2017-09-30,2017-10-21
002028,2017-12-31,2018-03-24
002028,2018-03-31,2018-04-21
002028,2018-06-30,2018-08-22
002028,2018-09-30,2018-10-22
002028,2018-12-31,2019-03-23
002028,2019-03-31,2019-04-27
002028,2019-06-30,2019-08-10
002028,2019-09-30,2019-10-25
002028,2019-12-31,2020-04-18
002028,2020-03-31,2020-04-25
002028,2020-06-30,2020-07-28
002028,2020-09-30,2020-10-17
002028,2020-12-31,2021-04-17
002028,2021-03-31,2021-04-24
002028,2021-06-30,2021-08-14
002028,2021-09-30,2021-10-23
002028,2021-12-31,2022-04-16
002028,2022-03-31,2022-04-23
002028,2022-06-30,2022-08-22
002028,2022-09-30,2022-10-22
002028,2022-12-31,2023-04-15
002028,2023-03-31,2023-04-22
002028,2023-06-30,2023-08-19
002028,2023-09-30,2023-10-21
002028,2023-12-31,2024-04-20
002028,2024-03-31,2024-04-29
002028,2024-06-30,2024-08-17
002028,2024-09-30,2024-10-26
002028,2024-12-31,2025-04-19
002028,2025-03-31,2025-04-26
002028,2025-06-30,2025-08-16
002028,2025-09-30,2025-10-18
002028,2025-12-31,2026-04-18
002028,2026-03-31,2026-04-25
002028,2026-06-30,2026-08-15
300308,2015-03-31,2015-04-25
300308,2015-06-30,2015-08-26
300308,2015-09-30,2015-10-24
300308,2015-12-31,2016-04-23
300308,2016-03-31,2016-04-23
300308,2016-06-30,2016-08-26
300308,2016-09-30,2016-10-19
300308,2016-12-31,2017-04-21
300308,2017-03-31,2017-04-21
300308,2017-06-30,2017-08-29
300308,2017-09-30,2017-10-30
300308,2017-12-31,2018-04-12
300308,2018-03-31,2018-04-27
300308,2018-06-30,2018-08-08
300308,2018-09-30,2018-10-30
300308,2018-12-31,2019-04-24
300308,2019-03-31,2019-04-24
300308,2019-06-30,2019-08-24
300308,2019-09-30,2019-10-30
300308,2019-12-31,2020-04-24
300308,2020-03-31,2020-04-24
300308,2020-06-30,2020-08-27
300308,2020-09-30,2020-10-29
300308,2020-12-31,2021-04-27
300308,2021-03-31,2021-04-27
300308,2021-06-30,2021-08-26
300308,2021-09-30,2021-10-26
300308,2021-12-31,2022-04-25
300308,2022-03-31,2022-04-25
300308,2022-06-30,2022-08-26
300308,2022-09-30,2022-10-29
300308,2022-12-31,2023-04-24
300308,2023-03-31,2023-04-24
300308,2023-06-30,2023-08-28
300308,2023-09-30,2023-10-23
300308,2023-12-31,2024-04-22
300308,2024-03-31,2024-04-22
300308,2024-06-30,2024-08-26
300308,2024-09-30,2024-10-23
300308,2024-12-31,2025-04-21
300308,2025-03-31,2025-04-21
300308,2025-06-30,2025-08-27
300308,2025-09-30,2025-10-31
300308,2025-12-31,2026-03-31
300308,2026-03-31,2026-04-17
300308,2026-06-30,2026-08-22
002202,2015-03-31,2015-04-25
002202,2015-06-30,2015-08-22
002202,2015-09-30,2015-10-24
002202,2015-12-31,2016-03-30
002202,2016-03-31,2016-04-29
002202,2016-06-30,2016-08-27
002202,2016-09-30,2016-10-29
002202,2016-12-31,2017-03-30
002202,2017-03-31,2017-04-28
002202,2017-06-30,2017-08-26
002202,2017-09-30,2017-10-27
002202,2017-12-31,2018-03-24
002202,2018-03-31,2018-04-26
002202,2018-06-30,2018-08-25
002202,2018-09-30,2018-10-27
002202,2018-12-31,2019-03-30
002202,2019-03-31,2019-04-27
002202,2019-06-30,2019-08-24
002202,2019-09-30,2019-10-26
002202,2019-12-31,2020-04-01
002202,2020-03-31,2020-04-29
002202,2020-06-30,2020-08-29
002202,2020-09-30,2020-10-29
002202,2020-12-31,2021-03-27
002202,2021-03-31,2021-04-27
002202,2021-06-30,2021-08-21
002202,2021-09-30,2021-10-27
002202,2021-12-31,2022-03-26
002202,2022-03-31,2022-04-27
002202,2022-06-30,2022-08-20
002202,2022-09-30,2022-10-27
002202,2022-12-31,2023-03-31
002202,2023-03-31,2023-04-27
002202,2023-06-30,2023-08-22
002202,2023-09-30,2023-10-27
002202,2023-12-31,2024-03-29
002202,2024-03-31,2024-04-27
002202,2024-06-30,2024-08-24
002202,2024-09-30,2024-10-26
002202,2024-12-31,2025-03-29
002202,2025-03-31,2025-04-26
002202,2025-06-30,2025-08-23
002202,2025-09-30,2025-10-25
002202,2025-12-31,2026-03-28
002202,2026-03-31,2026-04-25
002202,2026-06-30,2026-08-26
002558,2015-03-31,2015-04-27
002558,2015-06-30,2015-08-29
002558,2015-09-30,2015-10-24
002558,2015-12-31,2016-04-29
002558,2016-03-31,2016-04-29
002558,2016-06-30,2016-08-18
002558,2016-09-30,2016-10-25
002558,2016-12-31,2017-04-28
002558,2017-03-31,2017-04-28
002558,2017-06-30,2017-08-25
002558,2017-09-30,2017-10-30
002558,2017-12-31,2018-04-26
002558,2018-03-31,2018-04-28
002558,2018-06-30,2018-08-30
002558,2018-09-30,2018-10-30
002558,2018-12-31,2019-04-27
002558,2019-03-31,2019-04-27
002558,2019-06-30,2019-08-31
002558,2019-09-30,2019-10-31
002558,2019-12-31,2020-04-30
002558,2020-03-31,2020-04-30
002558,2020-06-30,2020-08-28
002558,2020-09-30,2020-10-30
002558,2020-12-31,2021-04-30
002558,2021-03-31,2021-04-30
002558,2021-06-30,2021-08-31
002558,2021-09-30,2021-10-30
002558,2021-12-31,2022-04-30
002558,2022-03-31,2022-04-30
002558,2022-06-30,2022-08-30
002558,2022-09-30,2022-10-31
002558,2022-12-31,2023-04-29
002558,2023-03-31,2023-04-29
002558,2023-06-30,2023-08-31
002558,2023-09-30,2023-10-31
002558,2023-12-31,2024-04-30
002558,2024-03-31,2024-04-30
002558,2024-06-30,2024-08-30
002558,2024-09-30,2024-10-31
002558,2024-12-31,2025-04-25
002558,2025-03-31,2025-04-30
002558,2025-06-30,2025-08-28
002558,2025-09-30,2025-10-29
002558,2025-12-31,2026-04-27
002558,2026-03-31,2026-04-28
002558,2026-06-30,2026-08-27
600115,2015-03-31,2015-04-30
600115,2015-06-30,2015-08-15
600115,2015-09-30,2015-10-28
600115,2015-12-31,2016-03-31
600115,2016-03-31,2016-04-29
600115,2016-06-30,2016-08-31
600115,2016-09-30,2016-10-28
600115,2016-12-31,2017-03-31
600115,2017-03-31,2017-04-28
600115,2017-06-30,2017-08-30
600115,2017-09-30,2017-10-27
600115,2017-12-31,2018-03-30
600115,2018-03-31,2018-04-27
600115,2018-06-30,2018-08-31
600115,2018-09-30,2018-10-27
600115,2018-12-31,2019-03-30
600115,2019-03-31,2019-04-30
600115,2019-06-30,2019-08-31
600115,2019-09-30,2019-10-30
600115,2019-12-31,2020-04-01
600115,2020-03-31,2020-04-30
600115,2020-06-30,2020-08-29
600115,2020-09-30,2020-10-31
600115,2020-12-31,2021-03-31
600115,2021-03-31,2021-04-30
600115,2021-06-30,2021-08-31
600115,2021-09-30,2021-10-30
600115,2021-12-31,2022-03-31
600115,2022-03-31,2022-04-30
600115,2022-06-30,2022-08-31
600115,2022-09-30,2022-10-31
600115,2022-12-31,2023-03-31
600115,2023-03-31,2023-04-29
600115,2023-06-30,2023-08-31
600115,2023-09-30,2023-10-28
600115,2023-12-31,2024-03-29
600115,2024-03-31,2024-04-30
600115,2024-06-30,2024-08-31
600115,2024-09-30,2024-10-31
600115,2024-12-31,2025-03-29
600115,2025-03-31,2025-04-30
600115,2025-06-30,2025-08-30
600115,2025-09-30,2025-10-31
600115,2025-12-31,2026-03-31
600115,2026-03-31,2026-04-30
600115,2026-06-30,2026-08-31
601009,2015-03-31,2015-04-28
601009,2015-06-30,2015-07-29
601009,2015-09-30,2015-10-29
601009,2015-12-31,2016-04-28
601009,2016-03-31,2016-04-28
601009,2016-06-30,2016-08-31
601009,2016-09-30,2016-10-25
601009,2016-12-31,2017-04-21
601009,2017-03-31,2017-04-28
601009,2017-06-30,2017-08-25
601009,2017-09-30,2017-10-28
601009,2017-12-31,2018-04-26
601009,2018-03-31,2018-04-26
601009,2018-06-30,2018-08-10
601009,2018-09-30,2018-10-31
601009,2018-12-31,2019-04-30
601009,2019-03-31,2019-04-30
601009,2019-06-30,2019-08-27
601009,2019-09-30,2019-10-31
601009,2019-12-31,2020-04-30
601009,2020-03-31,2020-04-30
601009,2020-06-30,2020-08-29
601009,2020-09-30,2020-10-29
601009,2020-12-31,2021-04-30
601009,2021-03-31,2021-04-30
601009,2021-06-30,2021-08-19
601009,2021-09-30,2021-10-30
601009,2021-12-31,2022-04-16
601009,2022-03-31,2022-04-16
601009,2022-06-30,2022-08-16
601009,2022-09-30,2022-10-29
601009,2022-12-31,2023-04-29
601009,2023-03-31,2023-04-29
601009,2023-06-30,2023-08-31
601009,2023-09-30,2023-10-31
601009,2023-12-31,2024-04-27
601009,2024-03-31,2024-04-27
601009,2024-06-30,2024-08-01
601009,2024-09-30,2024-10-24
601009,2024-12-31,2025-04-22
601009,2025-03-31,2025-04-22
601009,2025-06-30,2025-08-29
601009,2025-09-30,2025-10-28
601009,2025-12-31,2026-04-23
601009,2026-03-31,2026-04-23
601009,2026-06-30,2026-08-19
002001,2015-03-31,2015-04-28
002001,2015-06-30,2015-08-03
002001,2015-09-30,2015-10-30
002001,2015-12-31,2016-04-19
002001,2016-03-31,2016-04-28
002001,2016-06-30,2016-08-16
002001,2016-09-30,2016-10-28
002001,2016-12-31,2017-03-28
002001,2017-03-31,2017-04-24
002001,2017-06-30,2017-08-23
002001,2017-09-30,2017-10-26
002001,2017-12-31,2018-04-25
002001,2018-03-31,2018-04-28
002001,2018-06-30,2018-08-23
002001,2018-09-30,2018-10-22
002001,2018-12-31,2019-04-29
002001,2019-03-31,2019-04-29
002001,2019-06-30,2019-08-23
002001,2019-09-30,2019-10-24
002001,2019-12-31,2020-04-28
002001,2020-03-31,2020-04-28
002001,2020-06-30,2020-08-28
002001,2020-09-30,2020-10-29
002001,2020-12-31,2021-03-31
002001,2021-03-31,2021-04-29
002001,2021-06-30,2021-08-20
002001,2021-09-30,2021-10-29
002001,2021-12-31,2022-04-15
002001,2022-03-31,2022-04-28
002001,2022-06-30,2022-08-24
002001,2022-09-30,2022-10-26
002001,2022-12-31,2023-04-21
002001,2023-03-31,2023-04-21
002001,2023-06-30,2023-08-30
002001,2023-09-30,2023-10-27
002001,2023-12-31,2024-04-23
002001,2024-03-31,2024-04-30
002001,2024-06-30,2024-08-23
002001,2024-09-30,2024-10-24
002001,2024-12-31,2025-04-15
002001,2025-03-31,2025-04-29
002001,2025-06-30,2025-08-28
002001,2025-09-30,2025-10-29
002001,2025-12-31,2026-04-16
002001,2026-03-31,2026-04-29
002001,2026-06-30,2026-08-20
601021,2015-03-31,2015-04-30
601021,2015-06-30,2015-08-24
601021,2015-09-30,2015-10-31
601021,2015-12-31,2016-04-29
601021,2016-03-31,2016-04-29
601021,2016-06-30,2016-08-30
601021,2016-09-30,2016-10-31
601021,2016-12-31,2017-03-31
601021,2017-03-31,2017-04-29
601021,2017-06-30,2017-08-17
601021,2017-09-30,2017-10-31
601021,2017-12-31,2018-04-28
601021,2018-03-31,2018-04-28
601021,2018-06-30,2018-08-31
601021,2018-09-30,2018-10-31
601021,2018-12-31,2019-04-19
601021,2019-03-31,2019-04-30
601021,2019-06-30,2019-08-30
601021,2019-09-30,2019-10-31
601021,2019-12-31,2020-04-30
601021,2020-03-31,2020-04-30
601021,2020-06-30,2020-08-29
601021,2020-09-30,2020-10-31
601021,2020-12-31,2021-04-30
601021,2021-03-31,2021-04-30
601021,2021-06-30,2021-08-31
601021,2021-09-30,2021-10-30
601021,2021-12-31,2022-04-29
601021,2022-03-31,2022-04-29
601021,2022-06-30,2022-08-31
601021,2022-09-30,2022-10-29
601021,2022-12-31,2023-04-28
601021,2023-03-31,2023-04-28
601021,2023-06-30,2023-08-31
601021,2023-09-30,2023-10-31
601021,2023-12-31,2024-04-30
601021,2024-03-31,2024-04-30
601021,2024-06-30,2024-08-30
601021,2024-09-30,2024-10-31
601021,2024-12-31,2025-04-30
601021,2025-03-31,2025-04-30
601021,2025-06-30,2025-08-29
601021,2025-09-30,2025-10-31
601021,2025-12-31,2026-04-11
601021,2026-03-31,2026-04-30
601021,2026-06-30,2026-08-29
688981,2020-06-30,2020-08-28
688981,2020-09-30,2020-11-12
688981,2020-12-31,2021-04-01
688981,2021-03-31,2021-05-14
688981,2021-06-30,2021-08-28
688981,2021-09-30,2021-11-12
688981,2021-12-31,2022-03-31
688981,2022-03-31,2022-05-13
688981,2022-06-30,2022-08-27
688981,2022-09-30,2022-11-11
688981,2022-12-31,2023-03-29
688981,2023-03-31,2023-05-12
688981,2023-06-30,2023-08-26
688981,2023-09-30,2023-11-10
688981,2023-12-31,2024-03-29
688981,2024-03-31,2024-05-10
688981,2024-06-30,2024-08-30
688981,2024-09-30,2024-11-08
688981,2024-12-31,2025-03-28
688981,2025-03-31,2025-05-09
688981,2025-06-30,2025-08-29
688981,2025-09-30,2025-11-14
688981,2025-12-31,2026-03-27
688981,2026-03-31,2026-05-15
688981,2026-06-30,2026-08-28
601169,2015-03-31,2015-04-28
601169,2015-06-30,2015-08-26
601169,2015-09-30,2015-10-30
601169,2015-12-31,2016-04-27
601169,2016-03-31,2016-04-30
601169,2016-06-30,2016-08-31
601169,2016-09-30,2016-10-31
601169,2016-12-31,2017-04-26
601169,2017-03-31,2017-04-26
601169,2017-06-30,2017-08-31
601169,2017-09-30,2017-10-31
601169,2017-12-31,2018-04-27
601169,2018-03-31,2018-04-27
601169,2018-06-30,2018-08-30
601169,2018-09-30,2018-10-31
601169,2018-12-31,2019-04-25
601169,2019-03-31,2019-04-25
601169,2019-06-30,2019-08-28
601169,2019-09-30,2019-10-30
601169,2019-12-31,2020-04-28
601169,2020-03-31,2020-04-28
601169,2020-06-30,2020-08-28
601169,2020-09-30,2020-10-31
601169,2020-12-31,2021-04-30
601169,2021-03-31,2021-04-30
601169,2021-06-30,2021-08-28
601169,2021-09-30,2021-10-30
601169,2021-12-31,2022-04-30
601169,2022-03-31,2022-04-30
601169,2022-06-30,2022-08-31
601169,2022-09-30,2022-10-29
601169,2022-12-31,2023-04-08
601169,2023-03-31,2023-04-29
601169,2023-06-30,2023-08-31
601169,2023-09-30,2023-10-31
601169,2023-12-31,2024-04-12
601169,2024-03-31,2024-04-30
601169,2024-06-30,2024-08-31
601169,2024-09-30,2024-10-31
601169,2024-12-31,2025-04-15
601169,2025-03-31,2025-04-30
601169,2025-06-30,2025-08-30
601169,2025-09-30,2025-10-31
601169,2025-12-31,2026-04-28
601169,2026-03-31,2026-04-28
601169,2026-06-30,2026-08-29
601633,2015-03-31,2015-04-18
601633,2015-06-30,2015-08-29
601633,2015-09-30,2015-10-24
601633,2015-12-31,2016-03-25
601633,2016-03-31,2016-04-23
601633,2016-06-30,2016-08-27
601633,2016-09-30,2016-10-26
601633,2016-12-31,2017-03-25
601633,2017-03-31,2017-04-28
601633,2017-06-30,2017-08-26
601633,2017-09-30,2017-10-27
601633,2017-12-31,2018-03-24
601633,2018-03-31,2018-04-25
601633,2018-06-30,2018-08-31
601633,2018-09-30,2018-10-27
601633,2018-12-31,2019-03-23
601633,2019-03-31,2019-04-30
601633,2019-06-30,2019-08-27
601633,2019-09-30,2019-10-26
601633,2019-12-31,2020-04-25
601633,2020-03-31,2020-04-25
601633,2020-06-30,2020-08-29
601633,2020-09-30,2020-10-24
601633,2020-12-31,2021-03-31
601633,2021-03-31,2021-04-22
601633,2021-06-30,2021-08-28
601633,2021-09-30,2021-10-30
601633,2021-12-31,2022-03-30
601633,2022-03-31,2022-04-23
601633,2022-06-30,2022-08-31
601633,2022-09-30,2022-10-22
601633,2022-12-31,2023-03-31
601633,2023-03-31,2023-04-22
601633,2023-06-30,2023-08-31
601633,2023-09-30,2023-10-28
601633,2023-12-31,2024-03-29
601633,2024-03-31,2024-04-25
601633,2024-06-30,2024-08-30
601633,2024-09-30,2024-10-26
601633,2024-12-31,2025-03-29
601633,2025-03-31,2025-04-26
601633,2025-06-30,2025-08-30
601633,2025-09-30,2025-10-25
601633,2025-12-31,2026-03-28
601633,2026-03-31,2026-04-25
601633,2026-06-30,2026-08-26
000776,2015-03-31,2015-04-28
000776,2015-06-30,2015-08-22
000776,2015-09-30,2015-10-31
000776,2015-12-31,2016-03-19
000776,2016-03-31,2016-04-29
000776,2016-06-30,2016-08-27
000776,2016-09-30,2016-10-22
000776,2016-12-31,2017-03-25
000776,2017-03-31,2017-04-28
000776,2017-06-30,2017-08-26
000776,2017-09-30,2017-10-28
000776,2017-12-31,2018-03-24
000776,2018-03-31,2018-04-25
000776,2018-06-30,2018-08-30
000776,2018-09-30,2018-10-27
000776,2018-12-31,2019-03-27
000776,2019-03-31,2019-04-30
000776,2019-06-30,2019-08-30
000776,2019-09-30,2019-10-30
000776,2019-12-31,2020-03-28
000776,2020-03-31,2020-04-29
000776,2020-06-30,2020-08-29
000776,2020-09-30,2020-10-31
000776,2020-12-31,2021-03-30
000776,2021-03-31,2021-04-29
000776,2021-06-30,2021-08-28
000776,2021-09-30,2021-10-29
000776,2021-12-31,2022-03-31
000776,2022-03-31,2022-04-30
000776,2022-06-30,2022-08-31
000776,2022-09-30,2022-10-29
000776,2022-12-31,2023-03-31
000776,2023-03-31,2023-04-29
000776,2023-06-30,2023-08-31
000776,2023-09-30,2023-10-31
000776,2023-12-31,2024-03-29
000776,2024-03-31,2024-04-30
000776,2024-06-30,2024-08-31
000776,2024-09-30,2024-10-31
000776,2024-12-31,2025-03-29
000776,2025-03-31,2025-04-30
000776,2025-06-30,2025-08-30
000776,2025-09-30,2025-10-31
000776,2025-12-31,2026-03-31
000776,2026-03-31,2026-04-28
000776,2026-06-30,2026-08-29
601800,2015-03-31,2015-04-29
601800,2015-06-30,2015-08-29
601800,2015-09-30,2015-10-31
601800,2015-12-31,2016-03-29
601800,2016-03-31,2016-04-27
601800,2016-06-30,2016-08-31
601800,2016-09-30,2016-10-29
601800,2016-12-31,2017-03-29
601800,2017-03-31,2017-04-28
601800,2017-06-30,2017-08-30
601800,2017-09-30,2017-10-31
601800,2017-12-31,2018-03-30
601800,2018-03-31,2018-04-28
601800,2018-06-30,2018-08-29
601800,2018-09-30,2018-10-31
601800,2018-12-31,2019-03-30
601800,2019-03-31,2019-04-30
601800,2019-06-30,2019-08-31
601800,2019-09-30,2019-10-31
601800,2019-12-31,2020-04-01
601800,2020-03-31,2020-04-29
601800,2020-06-30,2020-08-29
601800,2020-09-30,2020-10-30
601800,2020-12-31,2021-03-31
601800,2021-03-31,2021-04-30
601800,2021-06-30,2021-08-31
601800,2021-09-30,2021-10-30
601800,2021-12-31,2022-03-31
601800,2022-03-31,2022-04-29
601800,2022-06-30,2022-08-31
601800,2022-09-30,2022-10-29
601800,2022-12-31,2023-03-31
601800,2023-03-31,2023-04-29
601800,2023-06-30,2023-08-29
601800,2023-09-30,2023-10-31
601800,2023-12-31,2024-03-29
601800,2024-03-31,2024-04-30
601800,2024-06-30,2024-08-31
601800,2024-09-30,2024-10-31
601800,2024-12-31,2025-03-28
601800,2025-03-31,2025-04-28
601800,2025-06-30,2025-08-30
601800,2025-09-30,2025-10-31
601800,2025-12-31,2026-03-31
601800,2026-03-31,2026-04-30
601800,2026-06-30,2026-08-28
302132,2015-03-31,2015-04-24
302132,2015-06-30,2015-08-25
302132,2015-09-30,2015-10-23
302132,2015-12-31,2016-03-24
302132,2016-03-31,2016-04-22
302132,2016-06-30,2016-08-26
302132,2016-09-30,2016-10-27
302132,2016-12-31,2017-03-14
302132,2017-03-31,2017-04-21
302132,2017-06-30,2017-08-25
302132,2017-09-30,2017-10-27
302132,2017-12-31,2018-03-15
302132,2018-03-31,2018-04-11
302132,2018-06-30,2018-08-07
302132,2018-09-30,2018-10-16
302132,2018-12-31,2019-03-15
302132,2019-03-31,2019-04-26
302132,2019-06-30,2019-08-30
302132,2019-09-30,2019-10-15
302132,2019-12-31,2020-04-01
302132,2020-03-31,2020-04-10
302132,2020-06-30,2020-08-28
302132,2020-09-30,2020-10-28
302132,2020-12-31,2021-03-17
302132,2021-03-31,2021-04-28
302132,2021-06-30,2021-08-27
302132,2021-09-30,2021-10-27
302132,2021-12-31,2022-03-31
302132,2022-03-31,2022-04-28
302132,2022-06-30,2022-08-30
302132,2022-09-30,2022-10-25
302132,2022-12-31,2023-03-22
302132,2023-03-31,2023-04-26
302132,2023-06-30,2023-08-29
302132,2023-09-30,2023-10-25
302132,2023-12-31,2024-03-15
302132,2024-03-31,2024-04-26
302132,2024-06-30,2024-08-29
302132,2024-09-30,2024-10-24
302132,2024-12-31,2025-03-28
302132,2025-03-31,2025-04-29
302132,2025-06-30,2025-08-28
302132,2025-09-30,2025-10-29
302132,2025-12-31,2026-04-29
302132,2026-03-31,2026-04-29
302132,2026-06-30,2026-08-24
600061,2015-03-31,2015-04-30
600061,2015-06-30,2015-08-28
600061,2015-09-30,2015-10-30
600061,2015-12-31,2016-03-31
600061,2016-03-31,2016-04-22
600061,2016-06-30,2016-08-26
600061,2016-09-30,2016-10-27
600061,2016-12-31,2017-03-31
600061,2017-03-31,2017-04-28
600061,2017-06-30,2017-08-24
600061,2017-09-30,2017-10-28
600061,2017-12-31,2018-03-31
600061,2018-03-31,2018-04-28
600061,2018-06-30,2018-08-30
600061,2018-09-30,2018-10-31
600061,2018-12-31,2019-03-29
600061,2019-03-31,2019-04-27
600061,2019-06-30,2019-08-30
600061,2019-09-30,2019-10-31
600061,2019-12-31,2020-03-27
600061,2020-03-31,2020-04-29
600061,2020-06-30,2020-08-28
600061,2020-09-30,2020-10-30
600061,2020-12-31,2021-04-02
600061,2021-03-31,2021-04-30
600061,2021-06-30,2021-08-27
600061,2021-09-30,2021-10-28
600061,2021-12-31,2022-03-31
600061,2022-03-31,2022-04-30
600061,2022-06-30,2022-08-27
600061,2022-09-30,2022-10-29
600061,2022-12-31,2023-03-25
600061,2023-03-31,2023-04-29
600061,2023-06-30,2023-08-31
600061,2023-09-30,2023-10-28
600061,2023-12-31,2024-03-30
600061,2024-03-31,2024-04-30
600061,2024-06-30,2024-08-30
600061,2024-09-30,2024-10-31
600061,2024-12-31,2025-03-29
600061,2025-03-31,2025-04-30
600061,2025-06-30,2025-08-30
600061,2025-09-30,2025-10-31
600061,2025-12-31,2026-04-03
600061,2026-03-31,2026-04-30
600061,2026-06-30,2026-08-31
601816,2019-12-31,2020-04-16
601816,2020-03-31,2020-04-30
601816,2020-06-30,2020-08-28
601816,2020-09-30,2020-10-31
601816,2020-12-31,2021-04-30
601816,2021-03-31,2021-04-30
601816,2021-06-30,2021-08-31
601816,2021-09-30,2021-10-30
601816,2021-12-31,2022-04-23
601816,2022-03-31,2022-04-30
601816,2022-06-30,2022-08-31
601816,2022-09-30,2022-10-31
601816,2022-12-31,2023-04-29
601816,2023-03-31,2023-04-29
601816,2023-06-30,2023-08-31
601816,2023-09-30,2023-10-31
601816,2023-12-31,2024-04-30
601816,2024-03-31,2024-04-30
601816,2024-06-30,2024-08-31
601816,2024-09-30,2024-10-31
601816,2024-12-31,2025-04-30
601816,2025-03-31,2025-04-30
601816,2025-06-30,2025-08-30
601816,2025-09-30,2025-10-31
601816,2025-12-31,2026-04-21
601816,2026-03-31,2026-04-30
601816,2026-06-30,2026-08-31
000166,2015-03-31,2015-04-30
000166,2015-06-30,2015-08-29
000166,2015-09-30,2015-10-28
000166,2015-12-31,2016-04-27
000166,2016-03-31,2016-04-30
000166,2016-06-30,2016-08-27
000166,2016-09-30,2016-10-28
000166,2016-12-31,2017-03-30
000166,2017-03-31,2017-04-28
000166,2017-06-30,2017-08-12
000166,2017-09-30,2017-10-28
000166,2017-12-31,2018-04-21
000166,2018-03-31,2018-04-28
000166,2018-06-30,2018-08-18
000166,2018-09-30,2018-10-27
000166,2018-12-31,2019-02-28
000166,2019-03-31,2019-04-30
000166,2019-06-30,2019-08-31
000166,2019-09-30,2019-10-31
000166,2019-12-31,2020-03-28
000166,2020-03-31,2020-04-30
000166,2020-06-30,2020-08-29
000166,2020-09-30,2020-10-31
000166,2020-12-31,2021-03-31
000166,2021-03-31,2021-04-30
000166,2021-06-30,2021-08-28
000166,2021-09-30,2021-10-30
000166,2021-12-31,2022-03-31
000166,2022-03-31,2022-04-30
000166,2022-06-30,2022-08-31
000166,2022-09-30,2022-10-29
000166,2022-12-31,2023-03-31
000166,2023-03-31,2023-04-29
000166,2023-06-30,2023-08-31
000166,2023-09-30,2023-10-31
000166,2023-12-31,2024-03-29
000166,2024-03-31,2024-04-30
000166,2024-06-30,2024-08-31
000166,2024-09-30,2024-10-31
000166,2024-12-31,2025-03-29
000166,2025-03-31,2025-04-30
000166,2025-06-30,2025-08-30
000166,2025-09-30,2025-10-31
000166,2025-12-31,2026-03-28
000166,2026-03-31,2026-04-30
000166,2026-06-30,2026-08-28
300450,2015-06-30,2015-08-12
300450,2015-09-30,2015-10-21
300450,2015-12-31,2016-02-17
300450,2016-03-31,2016-04-26
300450,2016-06-30,2016-07-30
300450,2016-09-30,2016-10-27
300450,2016-12-31,2017-03-09
300450,2017-03-31,2017-04-26
300450,2017-06-30,2017-08-02
300450,2017-09-30,2017-10-30
300450,2017-12-31,2018-03-08
300450,2018-03-31,2018-04-27
300450,2018-06-30,2018-08-15
300450,2018-09-30,2018-10-25
300450,2018-12-31,2019-03-21
300450,2019-03-31,2019-04-26
300450,2019-06-30,2019-08-13
300450,2019-09-30,2019-10-29
300450,2019-12-31,2020-04-28
300450,2020-03-31,2020-04-28
300450,2020-06-30,2020-08-18
300450,2020-09-30,2020-10-30
300450,2020-12-31,2021-04-23
300450,2021-03-31,2021-04-23
300450,2021-06-30,2021-08-24
300450,2021-09-30,2021-10-29
300450,2021-12-31,2022-04-25
300450,2022-03-31,2022-04-25
300450,2022-06-30,2022-08-26
300450,2022-09-30,2022-10-28
300450,2022-12-31,2023-04-26
300450,2023-03-31,2023-04-26
300450,2023-06-30,2023-08-26
300450,2023-09-30,2023-10-24
300450,2023-12-31,2024-04-25
300450,2024-03-31,2024-04-25
300450,2024-06-30,2024-08-29
300450,2024-09-30,2024-10-30
300450,2024-12-31,2025-04-29
300450,2025-03-31,2025-04-29
300450,2025-06-30,2025-08-29
300450,2025-09-30,2025-10-30
300450,2025-12-31,2026-03-31
300450,2026-03-31,2026-04-29
300450,2026-06-30,2026-08-29
603392,2020-06-30,2020-08-21
603392,2020-09-30,2020-10-28
603392,2020-12-31,2021-03-26
603392,2021-03-31,2021-04-22
603392,2021-06-30,2021-08-18
603392,2021-09-30,2021-10-28
603392,2021-12-31,2022-03-18
603392,2022-03-31,2022-04-16
603392,2022-06-30,2022-08-26
603392,2022-09-30,2022-10-18
603392,2022-12-31,2023-03-21
603392,2023-03-31,2023-04-21
603392,2023-06-30,2023-08-25
603392,2023-09-30,2023-10-28
603392,2023-12-31,2024-03-29
603392,2024-03-31,2024-04-26
603392,2024-06-30,2024-08-23
603392,2024-09-30,2024-10-25
603392,2024-12-31,2025-04-12
603392,2025-03-31,2025-04-25
603392,2025-06-30,2025-08-21
603392,2025-09-30,2025-10-30
603392,2025-12-31,2026-04-21
603392,2026-03-31,2026-04-28
603392,2026-06-30,2026-08-20
601988,2015-03-31,2015-04-30
601988,2015-06-30,2015-08-29
601988,2015-09-30,2015-10-30
601988,2015-12-31,2016-03-31
601988,2016-03-31,2016-04-27
601988,2016-06-30,2016-08-31
601988,2016-09-30,2016-10-27
601988,2016-12-31,2017-04-01
601988,2017-03-31,2017-04-29
601988,2017-06-30,2017-08-31
601988,2017-09-30,2017-10-31
601988,2017-12-31,2018-03-30
601988,2018-03-31,2018-04-28
601988,2018-06-30,2018-08-29
601988,2018-09-30,2018-10-30
601988,2018-12-31,2019-03-30
601988,2019-03-31,2019-04-30
601988,2019-06-30,2019-08-31
601988,2019-09-30,2019-10-31
601988,2019-12-31,2020-03-28
601988,2020-03-31,2020-04-30
601988,2020-06-30,2020-08-31
601988,2020-09-30,2020-10-31
601988,2020-12-31,2021-03-31
601988,2021-03-31,2021-04-30
601988,2021-06-30,2021-08-31
601988,2021-09-30,2021-10-30
601988,2021-12-31,2022-03-30
601988,2022-03-31,2022-04-30
601988,2022-06-30,2022-08-31
601988,2022-09-30,2022-10-29
601988,2022-12-31,2023-03-31
601988,2023-03-31,2023-04-29
601988,2023-06-30,2023-08-31
601988,2023-09-30,2023-10-31
601988,2023-12-31,2024-03-29
601988,2024-03-31,2024-04-30
601988,2024-06-30,2024-08-30
601988,2024-09-30,2024-10-31
601988,2024-12-31,2025-03-27
601988,2025-03-31,2025-04-30
601988,2025-06-30,2025-08-30
601988,2025-09-30,2025-10-29
601988,2025-12-31,2026-03-31
601988,2026-03-31,2026-04-30
601988,2026-06-30,2026-08-29
601618,2015-03-31,2015-04-29
601618,2015-06-30,2015-08-26
601618,2015-09-30,2015-10-29
601618,2015-12-31,2016-03-30
601618,2016-03-31,2016-04-27
601618,2016-06-30,2016-08-27
601618,2016-09-30,2016-10-27
601618,2016-12-31,2017-03-29
601618,2017-03-31,2017-04-29
601618,2017-06-30,2017-08-30
601618,2017-09-30,2017-10-31
601618,2017-12-31,2018-03-30
601618,2018-03-31,2018-04-28
601618,2018-06-30,2018-08-31
601618,2018-09-30,2018-10-30
601618,2018-12-31,2019-03-30
601618,2019-03-31,2019-04-29
601618,2019-06-30,2019-08-31
601618,2019-09-30,2019-10-31
601618,2019-12-31,2020-04-01
601618,2020-03-31,2020-04-29
601618,2020-06-30,2020-08-29
601618,2020-09-30,2020-10-31
601618,2020-12-31,2021-03-30
601618,2021-03-31,2021-04-30
601618,2021-06-30,2021-08-31
601618,2021-09-30,2021-10-30
601618,2021-12-31,2022-03-30
601618,2022-03-31,2022-04-30
601618,2022-06-30,2022-08-31
601618,2022-09-30,2022-10-28
601618,2022-12-31,2023-03-30
601618,2023-03-31,2023-04-28
601618,2023-06-30,2023-08-31
601618,2023-09-30,2023-10-27
601618,2023-12-31,2024-03-29
601618,2024-03-31,2024-04-30
601618,2024-06-30,2024-08-30
601618,2024-09-30,2024-10-30
601618,2024-12-31,2025-03-29
601618,2025-03-31,2025-04-30
601618,2025-06-30,2025-08-30
601618,2025-09-30,2025-10-31
601618,2025-12-31,2026-03-31
601618,2026-03-31,2026-04-30
601618,2026-06-30,2026-08-31
002837,2016-12-31,2017-04-25
002837,2017-03-31,2017-04-25
002837,2017-06-30,2017-08-11
002837,2017-09-30,2017-10-28
002837,2017-12-31,2018-02-06
002837,2018-03-31,2018-04-27
002837,2018-06-30,2018-08-14
002837,2018-09-30,2018-10-30
002837,2018-12-31,2019-04-10
002837,2019-03-31,2019-04-29
002837,2019-06-30,2019-08-27
002837,2019-09-30,2019-10-29
002837,2019-12-31,2020-04-28
002837,2020-03-31,2020-04-28
002837,2020-06-30,2020-07-28
002837,2020-09-30,2020-10-27
002837,2020-12-31,2021-04-27
002837,2021-03-31,2021-04-27
002837,2021-06-30,2021-08-03
002837,2021-09-30,2021-10-26
002837,2021-12-31,2022-04-26
002837,2022-03-31,2022-04-26
002837,2022-06-30,2022-08-09
002837,2022-09-30,2022-10-26
002837,2022-12-31,2023-04-11
002837,2023-03-31,2023-04-27
002837,2023-06-30,2023-08-22
002837,2023-09-30,2023-10-20
002837,2023-12-31,2024-04-16
002837,2024-03-31,2024-04-23
002837,2024-06-30,2024-08-13
002837,2024-09-30,2024-10-25
002837,2024-12-31,2025-04-22
002837,2025-03-31,2025-04-22
002837,2025-06-30,2025-08-19
002837,2025-09-30,2025-10-14
002837,2025-12-31,2026-04-21
002837,2026-03-31,2026-04-21
002837,2026-06-30,2026-08-25
600089,2015-03-31,2015-04-15
600089,2015-06-30,2015-08-26
600089,2015-09-30,2015-10-28
600089,2015-12-31,2016-04-19
600089,2016-03-31,2016-04-29
600089,2016-06-30,2016-08-30
600089,2016-09-30,2016-10-28
600089,2016-12-31,2017-04-18
600089,2017-03-31,2017-04-27
600089,2017-06-30,2017-08-29
600089,2017-09-30,2017-10-28
600089,2017-12-31,2018-04-17
600089,2018-03-31,2018-04-27
600089,2018-06-30,2018-08-28
600089,2018-09-30,2018-10-30
600089,2018-12-31,2019-04-16
600089,2019-03-31,2019-04-25
600089,2019-06-30,2019-08-30
600089,2019-09-30,2019-10-30
600089,2019-12-31,2020-04-14
600089,2020-03-31,2020-04-29
600089,2020-06-30,2020-08-29
600089,2020-09-30,2020-10-31
600089,2020-12-31,2021-04-15
600089,2021-03-31,2021-04-30
600089,2021-06-30,2021-08-28
600089,2021-09-30,2021-10-29
600089,2021-12-31,2022-04-12
600089,2022-03-31,2022-04-23
600089,2022-06-30,2022-08-27
600089,2022-09-30,2022-10-29
600089,2022-12-31,2023-04-25
600089,2023-03-31,2023-04-25
600089,2023-06-30,2023-08-16
600089,2023-09-30,2023-10-28
600089,2023-12-31,2024-04-09
600089,2024-03-31,2024-04-30
600089,2024-06-30,2024-08-30
600089,2024-09-30,2024-10-30
600089,2024-12-31,2025-04-22
600089,2025-03-31,2025-04-22
600089,2025-06-30,2025-08-30
600089,2025-09-30,2025-10-31
600089,2025-12-31,2026-04-16
600089,2026-03-31,2026-04-30
600089,2026-06-30,2026-08-22
600066,2015-03-31,2015-04-24
600066,2015-06-30,2015-08-25
600066,2015-09-30,2015-10-27
600066,2015-12-31,2016-04-05
600066,2016-03-31,2016-04-28
600066,2016-06-30,2016-08-23
600066,2016-09-30,2016-10-25
600066,2016-12-31,2017-03-28
600066,2017-03-31,2017-04-20
600066,2017-06-30,2017-08-29
600066,2017-09-30,2017-10-24
600066,2017-12-31,2018-04-03
600066,2018-03-31,2018-04-25
600066,2018-06-30,2018-08-28
600066,2018-09-30,2018-10-29
600066,2018-12-31,2019-04-02
600066,2019-03-31,2019-04-26
600066,2019-06-30,2019-08-27
600066,2019-09-30,2019-10-29
600066,2019-12-31,2020-03-31
600066,2020-03-31,2020-04-28
600066,2020-06-30,2020-08-25
600066,2020-09-30,2020-10-28
600066,2020-12-31,2021-03-30
600066,2021-03-31,2021-04-28
600066,2021-06-30,2021-08-24
600066,2021-09-30,2021-10-27
600066,2021-12-31,2022-03-29
600066,2022-03-31,2022-04-27
600066,2022-06-30,2022-08-23
600066,2022-09-30,2022-10-27
600066,2022-12-31,2023-03-28
600066,2023-03-31,2023-04-26
600066,2023-06-30,2023-08-29
600066,2023-09-30,2023-10-27
600066,2023-12-31,2024-04-02
600066,2024-03-31,2024-04-26
600066,2024-06-30,2024-08-27
600066,2024-09-30,2024-10-29
600066,2024-12-31,2025-04-01
600066,2025-03-31,2025-04-26
600066,2025-06-30,2025-08-26
600066,2025-09-30,2025-10-29
600066,2025-12-31,2026-03-31
600066,2026-03-31,2026-04-28
600066,2026-06-30,2026-08-11
002600,2015-03-31,2015-04-27
002600,2015-06-30,2015-08-28
002600,2015-09-30,2015-10-30
002600,2015-12-31,2016-04-22
002600,2016-03-31,2016-04-29
002600,2016-06-30,2016-08-29
002600,2016-09-30,2016-10-25
002600,2016-12-31,2017-04-28
002600,2017-03-31,2017-04-28
002600,2017-06-30,2017-08-29
002600,2017-09-30,2017-10-30
002600,2017-12-31,2018-04-28
002600,2018-03-31,2018-04-28
002600,2018-06-30,2018-08-27
002600,2018-09-30,2018-10-30
002600,2018-12-31,2019-04-20
002600,2019-03-31,2019-04-20
002600,2019-06-30,2019-08-26
002600,2019-09-30,2019-10-29
002600,2019-12-31,2020-04-30
002600,2020-03-31,2020-04-30
002600,2020-06-30,2020-07-31
002600,2020-09-30,2020-10-28
002600,2020-12-31,2021-03-31
002600,2021-03-31,2021-04-28
002600,2021-06-30,2021-08-27
002600,2021-09-30,2021-10-29
002600,2021-12-31,2022-04-08
002600,2022-03-31,2022-04-28
002600,2022-06-30,2022-08-26
002600,2022-09-30,2022-10-29
002600,2022-12-31,2023-04-29
002600,2023-03-31,2023-04-29
002600,2023-06-30,2023-08-25
002600,2023-09-30,2023-10-28
002600,2023-12-31,2024-04-30
002600,2024-03-31,2024-04-30
002600,2024-06-30,2024-08-30
002600,2024-09-30,2024-10-31
002600,2024-12-31,2025-03-29
002600,2025-03-31,2025-04-29
002600,2025-06-30,2025-08-30
002600,2025-09-30,2025-10-30
002600,2025-12-31,2026-03-28
002600,2026-03-31,2026-04-30
002600,2026-06-30,2026-08-29
300124,2015-03-31,2015-04-23
300124,2015-06-30,2015-08-11
300124,2015-09-30,2015-10-27
300124,2015-12-31,2016-04-12
300124,2016-03-31,2016-04-23
300124,2016-06-30,2016-08-09
300124,2016-09-30,2016-10-27
300124,2016-12-31,2017-04-11
300124,2017-03-31,2017-04-25
300124,2017-06-30,2017-08-25
300124,2017-09-30,2017-10-25
300124,2017-12-31,2018-04-25
300124,2018-03-31,2018-04-25
300124,2018-06-30,2018-08-18
300124,2018-09-30,2018-10-25
300124,2018-12-31,2019-04-16
300124,2019-03-31,2019-04-26
300124,2019-06-30,2019-08-27
300124,2019-09-30,2019-10-29
300124,2019-12-31,2020-04-28
300124,2020-03-31,2020-04-28
300124,2020-06-30,2020-08-18
300124,2020-09-30,2020-10-31
300124,2020-12-31,2021-04-27
300124,2021-03-31,2021-04-27
300124,2021-06-30,2021-08-24
300124,2021-09-30,2021-10-28
300124,2021-12-31,2022-04-26
300124,2022-03-31,2022-04-26
300124,2022-06-30,2022-08-23
300124,2022-09-30,2022-10-27
300124,2022-12-31,2023-04-25
300124,2023-03-31,2023-04-25
300124,2023-06-30,2023-08-22
300124,2023-09-30,2023-10-27
300124,2023-12-31,2024-04-23
300124,2024-03-31,2024-04-23
300124,2024-06-30,2024-08-27
300124,2024-09-30,2024-10-29
300124,2024-12-31,2025-04-29
300124,2025-03-31,2025-04-29
300124,2025-06-30,2025-08-26
300124,2025-09-30,2025-10-24
300124,2025-12-31,2026-04-28
300124,2026-03-31,2026-04-28
300124,2026-06-30,2026-08-29
600489,2015-03-31,2015-04-25
600489,2015-06-30,2015-08-20
600489,2015-09-30,2015-10-30
600489,2015-12-31,2016-04-29
600489,2016-03-31,2016-04-29
600489,2016-06-30,2016-08-30
600489,2016-09-30,2016-10-28
600489,2016-12-31,2017-04-27
600489,2017-03-31,2017-04-27
600489,2017-06-30,2017-08-25
600489,2017-09-30,2017-10-31
600489,2017-12-31,2018-04-27
600489,2018-03-31,2018-04-27
600489,2018-06-30,2018-08-29
600489,2018-09-30,2018-10-30
600489,2018-12-31,2019-04-27
600489,2019-03-31,2019-04-27
600489,2019-06-30,2019-08-20
600489,2019-09-30,2019-10-31
600489,2019-12-31,2020-05-30
600489,2020-03-31,2020-04-30
600489,2020-06-30,2020-08-28
600489,2020-09-30,2020-10-31
600489,2020-12-31,2021-04-30
600489,2021-03-31,2021-04-30
600489,2021-06-30,2021-08-31
600489,2021-09-30,2021-10-30
600489,2021-12-31,2022-04-21
600489,2022-03-31,2022-04-21
600489,2022-06-30,2022-08-27
600489,2022-09-30,2022-10-28
600489,2022-12-31,2023-04-27
600489,2023-03-31,2023-04-27
600489,2023-06-30,2023-08-29
600489,2023-09-30,2023-10-28
600489,2023-12-31,2024-04-27
600489,2024-03-31,2024-04-27
600489,2024-06-30,2024-08-30
600489,2024-09-30,2024-10-30
600489,2024-12-31,2025-04-30
600489,2025-03-31,2025-04-30
600489,2025-06-30,2025-08-29
600489,2025-09-30,2025-10-30
600489,2025-12-31,2026-04-29
600489,2026-03-31,2026-04-29
600489,2026-06-30,2026-08-28
601998,2015-03-31,2015-04-25
601998,2015-06-30,2015-08-19
601998,2015-09-30,2015-10-28
601998,2015-12-31,2016-03-24
601998,2016-03-31,2016-04-28
601998,2016-06-30,2016-08-26
601998,2016-09-30,2016-10-28
601998,2016-12-31,2017-03-23
601998,2017-03-31,2017-04-26
601998,2017-06-30,2017-08-25
601998,2017-09-30,2017-10-25
601998,2017-12-31,2018-03-27
601998,2018-03-31,2018-04-27
601998,2018-06-30,2018-08-28
601998,2018-09-30,2018-10-26
601998,2018-12-31,2019-03-27
601998,2019-03-31,2019-04-26
601998,2019-06-30,2019-08-28
601998,2019-09-30,2019-10-18
601998,2019-12-31,2020-03-27
601998,2020-03-31,2020-04-24
601998,2020-06-30,2020-08-28
601998,2020-09-30,2020-10-30
601998,2020-12-31,2021-03-26
601998,2021-03-31,2021-04-30
601998,2021-06-30,2021-08-26
601998,2021-09-30,2021-10-29
601998,2021-12-31,2022-03-25
601998,2022-03-31,2022-04-30
601998,2022-06-30,2022-08-26
601998,2022-09-30,2022-10-28
601998,2022-12-31,2023-03-24
601998,2023-03-31,2023-04-29
601998,2023-06-30,2023-08-25
601998,2023-09-30,2023-10-27
601998,2023-12-31,2024-03-22
601998,2024-03-31,2024-04-30
601998,2024-06-30,2024-08-29
601998,2024-09-30,2024-10-31
601998,2024-12-31,2025-03-27
601998,2025-03-31,2025-04-30
601998,2025-06-30,2025-08-28
601998,2025-09-30,2025-10-31
601998,2025-12-31,2026-03-21
601998,2026-03-31,2026-04-30
601998,2026-06-30,2026-08-27
600674,2015-03-31,2015-04-25
600674,2015-06-30,2015-08-20
600674,2015-09-30,2015-10-24
600674,2015-12-31,2016-04-08
600674,2016-03-31,2016-04-29
600674,2016-06-30,2016-08-25
600674,2016-09-30,2016-10-20
600674,2016-12-31,2017-04-26
600674,2017-03-31,2017-04-26
600674,2017-06-30,2017-08-09
600674,2017-09-30,2017-10-25
600674,2017-12-31,2018-04-28
600674,2018-03-31,2018-04-28
600674,2018-06-30,2018-08-24
600674,2018-09-30,2018-10-25
600674,2018-12-31,2019-04-19
600674,2019-03-31,2019-04-19
600674,2019-06-30,2019-08-20
600674,2019-09-30,2019-10-26
600674,2019-12-31,2020-04-25
600674,2020-03-31,2020-04-25
600674,2020-06-30,2020-08-22
600674,2020-09-30,2020-10-24
600674,2020-12-31,2021-04-22
600674,2021-03-31,2021-04-22
600674,2021-06-30,2021-08-17
600674,2021-09-30,2021-10-26
600674,2021-12-31,2022-04-21
600674,2022-03-31,2022-04-21
600674,2022-06-30,2022-08-18
600674,2022-09-30,2022-10-22
600674,2022-12-31,2023-04-21
600674,2023-03-31,2023-04-21
600674,2023-06-30,2023-08-18
600674,2023-09-30,2023-10-18
600674,2023-12-31,2024-04-12
600674,2024-03-31,2024-04-12
600674,2024-06-30,2024-08-16
600674,2024-09-30,2024-10-15
600674,2024-12-31,2025-04-12
600674,2025-03-31,2025-04-12
600674,2025-06-30,2025-08-15
600674,2025-09-30,2025-10-21
600674,2025-12-31,2026-04-18
600674,2026-03-31,2026-04-18
600674,2026-06-30,2026-08-15
603369,2015-03-31,2015-04-30
603369,2015-06-30,2015-08-25
603369,2015-09-30,2015-10-27
603369,2015-12-31,2016-03-29
603369,2016-03-31,2016-04-26
603369,2016-06-30,2016-08-20
603369,2016-09-30,2016-10-27
603369,2016-12-31,2017-04-01
603369,2017-03-31,2017-04-26
603369,2017-06-30,2017-07-31
603369,2017-09-30,2017-10-27
603369,2017-12-31,2018-04-10
603369,2018-03-31,2018-04-10
603369,2018-06-30,2018-07-31
603369,2018-09-30,2018-10-31
603369,2018-12-31,2019-04-13
603369,2019-03-31,2019-04-13
603369,2019-06-30,2019-07-31
603369,2019-09-30,2019-10-31
603369,2019-12-31,2020-04-29
603369,2020-03-31,2020-04-29
603369,2020-06-30,2020-08-08
603369,2020-09-30,2020-10-31
603369,2020-12-31,2021-04-19
603369,2021-03-31,2021-04-30
603369,2021-06-30,2021-08-25
603369,2021-09-30,2021-10-30
603369,2021-12-31,2022-04-16
603369,2022-03-31,2022-04-30
603369,2022-06-30,2022-08-31
603369,2022-09-30,2022-10-29
603369,2022-12-31,2023-04-29
603369,2023-03-31,2023-04-29
603369,2023-06-30,2023-08-29
603369,2023-09-30,2023-10-31
603369,2023-12-31,2024-04-30
603369,2024-03-31,2024-04-30
603369,2024-06-30,2024-08-17
603369,2024-09-30,2024-10-31
603369,2024-12-31,2025-04-30
603369,2025-03-31,2025-04-30
603369,2025-06-30,2025-08-26
603369,2025-09-30,2025-10-31
603369,2025-12-31,2026-04-29
603369,2026-03-31,2026-04-29
603369,2026-06-30,2026-08-18
600660,2015-03-31,2015-04-13
600660,2015-06-30,2015-08-24
600660,2015-09-30,2015-10-27
600660,2015-12-31,2016-03-21
600660,2016-03-31,2016-04-19
600660,2016-06-30,2016-08-29
600660,2016-09-30,2016-10-31
600660,2016-12-31,2017-02-25
600660,2017-03-31,2017-04-27
600660,2017-06-30,2017-08-05
600660,2017-09-30,2017-10-26
600660,2017-12-31,2018-03-17
600660,2018-03-31,2018-04-27
600660,2018-06-30,2018-08-21
600660,2018-09-30,2018-10-26
600660,2018-12-31,2019-03-16
600660,2019-03-31,2019-04-27
600660,2019-06-30,2019-08-29
600660,2019-09-30,2019-10-31
600660,2019-12-31,2020-04-28
600660,2020-03-31,2020-04-28
600660,2020-06-30,2020-08-22
600660,2020-09-30,2020-10-30
600660,2020-12-31,2021-03-30
600660,2021-03-31,2021-04-16
600660,2021-06-30,2021-08-06
600660,2021-09-30,2021-10-29
600660,2021-12-31,2022-03-18
600660,2022-03-31,2022-04-15
600660,2022-06-30,2022-08-31
600660,2022-09-30,2022-10-21
600660,2022-12-31,2023-03-17
600660,2023-03-31,2023-04-28
600660,2023-06-30,2023-08-18
600660,2023-09-30,2023-10-17
600660,2023-12-31,2024-03-16
600660,2024-03-31,2024-04-26
600660,2024-06-30,2024-08-07
600660,2024-09-30,2024-10-18
600660,2024-12-31,2025-03-19
600660,2025-03-31,2025-04-18
600660,2025-06-30,2025-08-20
600660,2025-09-30,2025-10-17
600660,2025-12-31,2026-03-18
600660,2026-03-31,2026-04-22
600660,2026-06-30,2026-08-19
601225,2015-03-31,2015-04-25
601225,2015-06-30,2015-08-29
601225,2015-09-30,2015-10-27
601225,2015-12-31,2016-04-23
601225,2016-03-31,2016-04-23
601225,2016-06-30,2016-08-27
601225,2016-09-30,2016-10-27
601225,2016-12-31,2017-04-28
601225,2017-03-31,2017-04-28
601225,2017-06-30,2017-08-26
601225,2017-09-30,2017-10-28
601225,2017-12-31,2018-03-30
601225,2018-03-31,2018-04-26
601225,2018-06-30,2018-08-10
601225,2018-09-30,2018-10-26
601225,2018-12-31,2019-04-11
601225,2019-03-31,2019-04-27
601225,2019-06-30,2019-08-16
601225,2019-09-30,2019-10-31
601225,2019-12-31,2020-04-30
601225,2020-03-31,2020-04-30
601225,2020-06-30,2020-08-26
601225,2020-09-30,2020-10-31
601225,2020-12-31,2021-04-30
601225,2021-03-31,2021-04-30
601225,2021-06-30,2021-08-31
601225,2021-09-30,2021-10-27
601225,2021-12-31,2022-04-28
601225,2022-03-31,2022-04-28
601225,2022-06-30,2022-08-31
601225,2022-09-30,2022-10-29
601225,2022-12-31,2023-04-27
601225,2023-03-31,2023-04-27
601225,2023-06-30,2023-08-31
601225,2023-09-30,2023-10-28
601225,2023-12-31,2024-04-26
601225,2024-03-31,2024-04-26
601225,2024-06-30,2024-08-30
601225,2024-09-30,2024-10-30
601225,2024-12-31,2025-04-26
601225,2025-03-31,2025-04-26
601225,2025-06-30,2025-08-28
601225,2025-09-30,2025-10-30
601225,2025-12-31,2026-04-25
601225,2026-03-31,2026-04-25
601225,2026-06-30,2026-08-28
000002,2015-03-31,2015-04-27
000002,2015-06-30,2015-08-17
000002,2015-09-30,2015-10-28
000002,2015-12-31,2016-03-14
000002,2016-03-31,2016-04-28
000002,2016-06-30,2016-08-22
000002,2016-09-30,2016-10-28
000002,2016-12-31,2017-03-27
000002,2017-03-31,2017-04-28
000002,2017-06-30,2017-08-25
000002,2017-09-30,2017-10-27
000002,2017-12-31,2018-03-27
000002,2018-03-31,2018-04-26
000002,2018-06-30,2018-08-21
000002,2018-09-30,2018-10-26
000002,2018-12-31,2019-03-26
000002,2019-03-31,2019-04-30
000002,2019-06-30,2019-08-21
000002,2019-09-30,2019-10-25
000002,2019-12-31,2020-03-18
000002,2020-03-31,2020-04-28
000002,2020-06-30,2020-08-28
000002,2020-09-30,2020-10-30
000002,2020-12-31,2021-03-31
000002,2021-03-31,2021-04-23
000002,2021-06-30,2021-08-30
000002,2021-09-30,2021-10-29
000002,2021-12-31,2022-03-31
000002,2022-03-31,2022-04-29
000002,2022-06-30,2022-08-31
000002,2022-09-30,2022-10-29
000002,2022-12-31,2023-03-31
000002,2023-03-31,2023-04-29
000002,2023-06-30,2023-08-31
000002,2023-09-30,2023-10-28
000002,2023-12-31,2024-03-29
000002,2024-03-31,2024-04-30
000002,2024-06-30,2024-08-31
000002,2024-09-30,2024-10-31
000002,2024-12-31,2025-04-01
000002,2025-03-31,2025-04-30
000002,2025-06-30,2025-08-23
000002,2025-09-30,2025-10-31
000002,2025-12-31,2026-04-01
000002,2026-03-31,2026-04-30
000002,2026-06-30,2026-08-28
002371,2015-03-31,2015-04-29
002371,2015-06-30,2015-08-22
002371,2015-09-30,2015-10-21
002371,2015-12-31,2016-03-31
002371,2016-03-31,2016-04-27
002371,2016-06-30,2016-08-18
002371,2016-09-30,2016-10-26
002371,2016-12-31,2017-03-16
002371,2017-03-31,2017-04-22
002371,2017-06-30,2017-08-24
002371,2017-09-30,2017-10-30
002371,2017-12-31,2018-04-12
002371,2018-03-31,2018-04-28
002371,2018-06-30,2018-08-25
002371,2018-09-30,2018-10-27
002371,2018-12-31,2019-04-24
002371,2019-03-31,2019-04-30
002371,2019-06-30,2019-08-15
002371,2019-09-30,2019-10-31
002371,2019-12-31,2020-04-25
002371,2020-03-31,2020-04-25
002371,2020-06-30,2020-08-31
002371,2020-09-30,2020-10-27
002371,2020-12-31,2021-04-29
002371,2021-03-31,2021-04-29
002371,2021-06-30,2021-08-31
002371,2021-09-30,2021-10-29
002371,2021-12-31,2022-04-28
002371,2022-03-31,2022-04-28
002371,2022-06-30,2022-08-30
002371,2022-09-30,2022-10-31
002371,2022-12-31,2023-04-29
002371,2023-03-31,2023-04-29
002371,2023-06-30,2023-08-30
002371,2023-09-30,2023-10-31
002371,2023-12-31,2024-04-30
002371,2024-03-31,2024-04-30
002371,2024-06-30,2024-08-28
002371,2024-09-30,2024-10-30
002371,2024-12-31,2025-04-26
002371,2025-03-31,2025-04-26
002371,2025-06-30,2025-08-29
002371,2025-09-30,2025-10-31
002371,2025-12-31,2026-04-18
002371,2026-03-31,2026-04-30
002371,2026-06-30,2026-08-26
600926,2016-12-31,2017-04-19
600926,2017-03-31,2017-04-26
600926,2017-06-30,2017-08-26
600926,2017-09-30,2017-10-28
600926,2017-12-31,2018-04-27
600926,2018-03-31,2018-04-27
600926,2018-06-30,2018-08-31
600926,2018-09-30,2018-10-27
600926,2018-12-31,2019-04-26
600926,2019-03-31,2019-04-26
600926,2019-06-30,2019-08-28
600926,2019-09-30,2019-10-25
600926,2019-12-31,2020-04-30
600926,2020-03-31,2020-04-30
600926,2020-06-30,2020-08-28
600926,2020-09-30,2020-10-31
600926,2020-12-31,2021-04-28
600926,2021-03-31,2021-04-28
600926,2021-06-30,2021-08-31
600926,2021-09-30,2021-10-21
600926,2021-12-31,2022-04-16
600926,2022-03-31,2022-04-26
600926,2022-06-30,2022-08-20
600926,2022-09-30,2022-10-27
600926,2022-12-31,2023-04-26
600926,2023-03-31,2023-04-28
600926,2023-06-30,2023-08-29
600926,2023-09-30,2023-10-28
600926,2023-12-31,2024-04-20
600926,2024-03-31,2024-04-20
600926,2024-06-30,2024-08-29
600926,2024-09-30,2024-10-22
600926,2024-12-31,2025-04-12
600926,2025-03-31,2025-04-29
600926,2025-06-30,2025-08-28
600926,2025-09-30,2025-10-31
600926,2025-12-31,2026-04-23
600926,2026-03-31,2026-04-23
600926,2026-06-30,2026-08-27
301165,2022-12-31,2023-03-31
301165,2023-03-31,2023-04-26
301165,2023-06-30,2023-08-25
301165,2023-09-30,2023-10-27
301165,2023-12-31,2024-03-29
301165,2024-03-31,2024-04-26
301165,2024-06-30,2024-08-23
301165,2024-09-30,2024-10-25
301165,2024-12-31,2025-04-03
301165,2025-03-31,2025-04-29
301165,2025-06-30,2025-08-22
301165,2025-09-30,2025-10-22
301165,2025-12-31,2026-03-28
301165,2026-03-31,2026-04-21
301165,2026-06-30,2026-08-15
300251,2015-03-31,2015-04-25
300251,2015-06-30,2015-08-05
300251,2015-09-30,2015-10-27
300251,2015-12-31,2016-04-12
300251,2016-03-31,2016-04-27
300251,2016-06-30,2016-08-16
300251,2016-09-30,2016-10-25
300251,2016-12-31,2017-04-21
300251,2017-03-31,2017-04-27
300251,2017-06-30,2017-08-25
300251,2017-09-30,2017-10-24
300251,2017-12-31,2018-04-21
300251,2018-03-31,2018-04-26
300251,2018-06-30,2018-08-30
300251,2018-09-30,2018-10-26
300251,2018-12-31,2019-04-23
300251,2019-03-31,2019-04-23
300251,2019-06-30,2019-08-29
300251,2019-09-30,2019-10-25
300251,2019-12-31,2020-04-17
300251,2020-03-31,2020-04-29
300251,2020-06-30,2020-08-18
300251,2020-09-30,2020-10-27
300251,2020-12-31,2021-04-19
300251,2021-03-31,2021-04-24
300251,2021-06-30,2021-08-23
300251,2021-09-30,2021-10-25
300251,2021-12-31,2022-04-28
300251,2022-03-31,2022-04-29
300251,2022-06-30,2022-08-25
300251,2022-09-30,2022-10-28
300251,2022-12-31,2023-04-28
300251,2023-03-31,2023-04-28
300251,2023-06-30,2023-08-28
300251,2023-09-30,2023-10-28
300251,2023-12-31,2024-04-20
300251,2024-03-31,2024-04-20
300251,2024-06-30,2024-08-29
300251,2024-09-30,2024-10-30
300251,2024-12-31,2025-04-22
300251,2025-03-31,2025-04-22
300251,2025-06-30,2025-08-27
300251,2025-09-30,2025-10-29
300251,2025-12-31,2026-04-22
300251,2026-03-31,2026-04-22
300251,2026-06-30,2026-08-26
600918,2020-06-30,2020-08-28
600918,2020-09-30,2020-10-30
600918,2020-12-31,2021-04-24
600918,2021-03-31,2021-04-29
600918,2021-06-30,2021-08-28
600918,2021-09-30,2021-10-29
600918,2021-12-31,2022-03-30
600918,2022-03-31,2022-04-29
600918,2022-06-30,2022-08-27
600918,2022-09-30,2022-10-29
600918,2022-12-31,2023-03-31
600918,2023-03-31,2023-04-15
600918,2023-06-30,2023-08-29
600918,2023-09-30,2023-10-31
600918,2023-12-31,2024-03-30
600918,2024-03-31,2024-04-30
600918,2024-06-30,2024-08-31
600918,2024-09-30,2024-10-31
600918,2024-12-31,2025-03-22
600918,2025-03-31,2025-04-30
600918,2025-06-30,2025-08-30
600918,2025-09-30,2025-10-31
600918,2025-12-31,2026-03-31
600918,2026-03-31,2026-04-30
600918,2026-06-30,2026-08-22
601390,2015-03-31,2015-04-30
601390,2015-06-30,2015-08-31
601390,2015-09-30,2015-10-31
601390,2015-12-31,2016-03-31
601390,2016-03-31,2016-04-30
601390,2016-06-30,2016-08-31
601390,2016-09-30,2016-10-29
601390,2016-12-31,2017-03-31
601390,2017-03-31,2017-04-29
601390,2017-06-30,2017-08-31
601390,2017-09-30,2017-10-28
601390,2017-12-31,2018-03-30
601390,2018-03-31,2018-04-28
601390,2018-06-30,2018-08-31
601390,2018-09-30,2018-10-31
601390,2018-12-31,2019-03-30
601390,2019-03-31,2019-04-30
601390,2019-06-30,2019-08-31
601390,2019-09-30,2019-10-31
601390,2019-12-31,2020-03-31
601390,2020-03-31,2020-04-30
601390,2020-06-30,2020-08-29
601390,2020-09-30,2020-10-31
601390,2020-12-31,2021-03-31
601390,2021-03-31,2021-04-30
601390,2021-06-30,2021-08-31
601390,2021-09-30,2021-10-30
601390,2021-12-31,2022-03-31
601390,2022-03-31,2022-04-30
601390,2022-06-30,2022-08-31
601390,2022-09-30,2022-10-29
601390,2022-12-31,2023-03-31
601390,2023-03-31,2023-04-29
601390,2023-06-30,2023-08-31
601390,2023-09-30,2023-10-31
601390,2023-12-31,2024-03-29
601390,2024-03-31,2024-04-30
601390,2024-06-30,2024-08-31
601390,2024-09-30,2024-10-31
601390,2024-12-31,2025-03-29
601390,2025-03-31,2025-04-30
601390,2025-06-30,2025-08-30
601390,2025-09-30,2025-10-31
601390,2025-12-31,2026-03-31
601390,2026-03-31,2026-04-30
601390,2026-06-30,2026-08-29
600930,2025-06-30,2025-08-27
600930,2025-09-30,2025-10-29
600930,2025-12-31,2026-04-21
600930,2026-03-31,2026-04-21
600930,2026-06-30,2026-08-27
002415,2015-03-31,2015-04-11
002415,2015-06-30,2015-07-23
002415,2015-09-30,2015-10-20
002415,2015-12-31,2016-04-09
002415,2016-03-31,2016-04-09
002415,2016-06-30,2016-07-23
002415,2016-09-30,2016-10-12
002415,2016-12-31,2017-04-14
002415,2017-03-31,2017-04-14
002415,2017-06-30,2017-07-22
002415,2017-09-30,2017-10-31
002415,2017-12-31,2018-04-21
002415,2018-03-31,2018-04-21
002415,2018-06-30,2018-07-21
002415,2018-09-30,2018-10-20
002415,2018-12-31,2019-04-20
002415,2019-03-31,2019-04-20
002415,2019-06-30,2019-07-20
002415,2019-09-30,2019-10-19
002415,2019-12-31,2020-04-25
002415,2020-03-31,2020-04-25
002415,2020-06-30,2020-07-25
002415,2020-09-30,2020-10-24
002415,2020-12-31,2021-04-17
002415,2021-03-31,2021-04-17
002415,2021-06-30,2021-07-24
002415,2021-09-30,2021-10-23
002415,2021-12-31,2022-04-16
002415,2022-03-31,2022-04-16
002415,2022-06-30,2022-08-13
002415,2022-09-30,2022-10-29
002415,2022-12-31,2023-04-15
002415,2023-03-31,2023-04-15
002415,2023-06-30,2023-08-19
002415,2023-09-30,2023-10-21
002415,2023-12-31,2024-04-20
002415,2024-03-31,2024-04-20
002415,2024-06-30,2024-08-17
002415,2024-09-30,2024-10-26
002415,2024-12-31,2025-04-19
002415,2025-03-31,2025-04-19
002415,2025-06-30,2025-08-02
002415,2025-09-30,2025-10-18
002415,2025-12-31,2026-04-18
002415,2026-03-31,2026-04-18
002415,2026-06-30,2026-07-25
601186,2015-03-31,2015-04-30
601186,2015-06-30,2015-08-31
601186,2015-09-30,2015-10-31
601186,2015-12-31,2016-03-31
601186,2016-03-31,2016-04-30
601186,2016-06-30,2016-08-31
601186,2016-09-30,2016-10-28
601186,2016-12-31,2017-03-31
601186,2017-03-31,2017-04-29
601186,2017-06-30,2017-08-30
601186,2017-09-30,2017-10-31
601186,2017-12-31,2018-03-30
601186,2018-03-31,2018-04-28
601186,2018-06-30,2018-08-31
601186,2018-09-30,2018-10-31
601186,2018-12-31,2019-03-30
601186,2019-03-31,2019-04-30
601186,2019-06-30,2019-08-31
601186,2019-09-30,2019-10-31
601186,2019-12-31,2020-03-31
601186,2020-03-31,2020-04-30
601186,2020-06-30,2020-08-29
601186,2020-09-30,2020-10-31
601186,2020-12-31,2021-03-31
601186,2021-03-31,2021-04-30
601186,2021-06-30,2021-08-31
601186,2021-09-30,2021-10-30
601186,2021-12-31,2022-03-31
601186,2022-03-31,2022-04-30
601186,2022-06-30,2022-08-31
601186,2022-09-30,2022-10-29
601186,2022-12-31,2023-03-31
601186,2023-03-31,2023-04-29
601186,2023-06-30,2023-08-31
601186,2023-09-30,2023-10-31
601186,2023-12-31,2024-03-29
601186,2024-03-31,2024-04-30
601186,2024-06-30,2024-08-31
601186,2024-09-30,2024-10-31
601186,2024-12-31,2025-03-29
601186,2025-03-31,2025-04-30
601186,2025-06-30,2025-08-30
601186,2025-09-30,2025-10-31
601186,2025-12-31,2026-03-31
601186,2026-03-31,2026-04-30
601186,2026-06-30,2026-08-29
601838,2017-12-31,2018-04-26
601838,2018-03-31,2018-04-26
601838,2018-06-30,2018-08-22
601838,2018-09-30,2018-10-31
601838,2018-12-31,2019-04-25
601838,2019-03-31,2019-04-25
601838,2019-06-30,2019-08-28
601838,2019-09-30,2019-10-31
601838,2019-12-31,2020-04-29
601838,2020-03-31,2020-04-29
601838,2020-06-30,2020-08-28
601838,2020-09-30,2020-10-29
601838,2020-12-31,2021-04-29
601838,2021-03-31,2021-04-29
601838,2021-06-30,2021-08-26
601838,2021-09-30,2021-10-29
601838,2021-12-31,2022-04-28
601838,2022-03-31,2022-04-28
601838,2022-06-30,2022-08-30
601838,2022-09-30,2022-10-29
601838,2022-12-31,2023-04-26
601838,2023-03-31,2023-04-26
601838,2023-06-30,2023-08-30
601838,2023-09-30,2023-10-27
601838,2023-12-31,2024-04-25
601838,2024-03-31,2024-04-25
601838,2024-06-30,2024-08-28
601838,2024-09-30,2024-10-30
601838,2024-12-31,2025-04-29
601838,2025-03-31,2025-04-29
601838,2025-06-30,2025-08-27
601838,2025-09-30,2025-10-29
601838,2025-12-31,2026-04-23
601838,2026-03-31,2026-04-23
601838,2026-06-30,2026-08-27
600515,2015-03-31,2015-04-27
600515,2015-06-30,2015-08-28
600515,2015-09-30,2015-10-27
600515,2015-12-31,2016-03-28
600515,2016-03-31,2016-04-29
600515,2016-06-30,2016-08-06
600515,2016-09-30,2016-10-25
600515,2016-12-31,2017-04-15
600515,2017-03-31,2017-04-28
600515,2017-06-30,2017-08-31
600515,2017-09-30,2017-10-31
600515,2017-12-31,2018-04-28
600515,2018-03-31,2018-04-28
600515,2018-06-30,2018-08-24
600515,2018-09-30,2018-10-31
600515,2018-12-31,2019-04-30
600515,2019-03-31,2019-04-30
600515,2019-06-30,2019-08-28
600515,2019-09-30,2019-10-30
600515,2019-12-31,2020-04-30
600515,2020-03-31,2020-04-30
600515,2020-06-30,2020-08-28
600515,2020-09-30,2020-10-30
600515,2020-12-31,2021-04-30
600515,2021-03-31,2021-04-30
600515,2021-06-30,2021-08-31
600515,2021-09-30,2021-10-30
600515,2021-12-31,2022-04-29
600515,2022-03-31,2022-04-30
600515,2022-06-30,2022-08-25
600515,2022-09-30,2022-10-27
600515,2022-12-31,2023-04-21
600515,2023-03-31,2023-04-26
600515,2023-06-30,2023-08-22
600515,2023-09-30,2023-10-28
600515,2023-12-31,2024-04-19
600515,2024-03-31,2024-04-30
600515,2024-06-30,2024-08-27
600515,2024-09-30,2024-10-29
600515,2024-12-31,2025-04-15
600515,2025-03-31,2025-04-29
600515,2025-06-30,2025-08-26
600515,2025-09-30,2025-10-29
600515,2025-12-31,2026-04-22
600515,2026-03-31,2026-04-28
600515,2026-06-30,2026-08-22
300866,2020-09-30,2020-10-29
300866,2020-12-31,2021-03-31
300866,2021-03-31,2021-04-29
300866,2021-06-30,2021-08-20
300866,2021-09-30,2021-10-28
300866,2021-12-31,2022-04-12
300866,2022-03-31,2022-04-26
300866,2022-06-30,2022-08-25
300866,2022-09-30,2022-10-27
300866,2022-12-31,2023-04-19
300866,2023-03-31,2023-04-28
300866,2023-06-30,2023-08-30
300866,2023-09-30,2023-10-30
300866,2023-12-31,2024-04-25
300866,2024-03-31,2024-04-27
300866,2024-06-30,2024-08-30
300866,2024-09-30,2024-10-30
300866,2024-12-31,2025-04-29
300866,2025-03-31,2025-04-29
300866,2025-06-30,2025-08-29
300866,2025-09-30,2025-10-30
300866,2025-12-31,2026-04-10
300866,2026-03-31,2026-04-30
300866,2026-06-30,2026-08-31
600111,2015-03-31,2015-04-25
600111,2015-06-30,2015-08-22
600111,2015-09-30,2015-10-23
600111,2015-12-31,2016-04-16
600111,2016-03-31,2016-04-23
600111,2016-06-30,2016-08-19
600111,2016-09-30,2016-10-22
600111,2016-12-31,2017-04-15
600111,2017-03-31,2017-04-28
600111,2017-06-30,2017-08-18
600111,2017-09-30,2017-10-28
600111,2017-12-31,2018-04-20
600111,2018-03-31,2018-04-28
600111,2018-06-30,2018-08-24
600111,2018-09-30,2018-10-20
600111,2018-12-31,2019-04-20
600111,2019-03-31,2019-04-30
600111,2019-06-30,2019-08-24
600111,2019-09-30,2019-10-26
600111,2019-12-31,2020-04-28
600111,2020-03-31,2020-04-30
600111,2020-06-30,2020-08-25
600111,2020-09-30,2020-10-27
600111,2020-12-31,2021-04-15
600111,2021-03-31,2021-04-29
600111,2021-06-30,2021-08-27
600111,2021-09-30,2021-10-21
600111,2021-12-31,2022-04-15
600111,2022-03-31,2022-04-28
600111,2022-06-30,2022-08-26
600111,2022-09-30,2022-10-21
600111,2022-12-31,2023-04-22
600111,2023-03-31,2023-04-29
600111,2023-06-30,2023-08-19
600111,2023-09-30,2023-10-24
600111,2023-12-31,2024-04-19
600111,2024-03-31,2024-04-30
600111,2024-06-30,2024-08-30
600111,2024-09-30,2024-10-30
600111,2024-12-31,2025-04-19
600111,2025-03-31,2025-04-30
600111,2025-06-30,2025-08-27
600111,2025-09-30,2025-10-28
600111,2025-12-31,2026-04-18
600111,2026-03-31,2026-04-29
600111,2026-06-30,2026-08-20
600887,2015-03-31,2015-04-25
600887,2015-06-30,2015-08-29
600887,2015-09-30,2015-10-31
600887,2015-12-31,2016-03-31
600887,2016-03-31,2016-04-30
600887,2016-06-30,2016-08-27
600887,2016-09-30,2016-10-29
600887,2016-12-31,2017-03-31
600887,2017-03-31,2017-04-29
600887,2017-06-30,2017-08-31
600887,2017-09-30,2017-10-31
600887,2017-12-31,2018-04-27
600887,2018-03-31,2018-04-27
600887,2018-06-30,2018-08-31
600887,2018-09-30,2018-10-31
600887,2018-12-31,2019-02-28
600887,2019-03-31,2019-04-26
600887,2019-06-30,2019-08-30
600887,2019-09-30,2019-10-31
600887,2019-12-31,2020-04-29
600887,2020-03-31,2020-04-29
600887,2020-06-30,2020-08-28
600887,2020-09-30,2020-10-30
600887,2020-12-31,2021-04-29
600887,2021-03-31,2021-04-29
600887,2021-06-30,2021-08-31
600887,2021-09-30,2021-10-29
600887,2021-12-31,2022-04-28
600887,2022-03-31,2022-04-28
600887,2022-06-30,2022-08-31
600887,2022-09-30,2022-10-28
600887,2022-12-31,2023-04-28
600887,2023-03-31,2023-04-28
600887,2023-06-30,2023-08-29
600887,2023-09-30,2023-10-31
600887,2023-12-31,2024-04-30
600887,2024-03-31,2024-04-30
600887,2024-06-30,2024-08-30
600887,2024-09-30,2024-10-31
600887,2024-12-31,2025-04-30
600887,2025-03-31,2025-04-30
600887,2025-06-30,2025-08-29
600887,2025-09-30,2025-10-31
600887,2025-12-31,2026-04-30
600887,2026-03-31,2026-04-30
600887,2026-06-30,2026-08-27
600893,2015-03-31,2015-04-28
600893,2015-06-30,2015-08-25
600893,2015-09-30,2015-10-28
600893,2015-12-31,2016-04-22
600893,2016-03-31,2016-04-29
600893,2016-06-30,2016-08-26
600893,2016-09-30,2016-10-29
600893,2016-12-31,2017-03-17
600893,2017-03-31,2017-04-27
600893,2017-06-30,2017-08-29
600893,2017-09-30,2017-10-28
600893,2017-12-31,2018-03-30
600893,2018-03-31,2018-04-27
600893,2018-06-30,2018-08-28
600893,2018-09-30,2018-10-31
600893,2018-12-31,2019-03-29
600893,2019-03-31,2019-04-27
600893,2019-06-30,2019-08-24
600893,2019-09-30,2019-10-30
600893,2019-12-31,2020-04-18
600893,2020-03-31,2020-04-28
600893,2020-06-30,2020-08-26
600893,2020-09-30,2020-10-30
600893,2020-12-31,2021-03-31
600893,2021-03-31,2021-04-30
600893,2021-06-30,2021-08-28
600893,2021-09-30,2021-10-28
600893,2021-12-31,2022-04-09
600893,2022-03-31,2022-04-30
600893,2022-06-30,2022-08-27
600893,2022-09-30,2022-10-29
600893,2022-12-31,2023-03-31
600893,2023-03-31,2023-04-29
600893,2023-06-30,2023-08-30
600893,2023-09-30,2023-10-28
600893,2023-12-31,2024-03-30
600893,2024-03-31,2024-04-30
600893,2024-06-30,2024-08-31
600893,2024-09-30,2024-10-31
600893,2024-12-31,2025-04-02
600893,2025-03-31,2025-04-30
600893,2025-06-30,2025-08-28
600893,2025-09-30,2025-10-31
600893,2025-12-31,2026-04-02
600893,2026-03-31,2026-04-28
600893,2026-06-30,2026-08-25
600886,2015-03-31,2015-04-28
600886,2015-06-30,2015-08-28
600886,2015-09-30,2015-10-30
600886,2015-12-31,2016-04-08
600886,2016-03-31,2016-04-30
600886,2016-06-30,2016-08-31
600886,2016-09-30,2016-10-31
600886,2016-12-31,2017-04-15
600886,2017-03-31,2017-04-29
600886,2017-06-30,2017-08-31
600886,2017-09-30,2017-10-31
600886,2017-12-31,2018-03-27
600886,2018-03-31,2018-04-28
600886,2018-06-30,2018-08-15
600886,2018-09-30,2018-10-31
600886,2018-12-31,2019-03-29
600886,2019-03-31,2019-04-30
600886,2019-06-30,2019-08-26
600886,2019-09-30,2019-10-31
600886,2019-12-31,2020-04-18
600886,2020-03-31,2020-04-30
600886,2020-06-30,2020-08-22
600886,2020-09-30,2020-10-31
600886,2020-12-31,2021-04-29
600886,2021-03-31,2021-04-29
600886,2021-06-30,2021-08-31
600886,2021-09-30,2021-10-30
600886,2021-12-31,2022-04-29
600886,2022-03-31,2022-04-29
600886,2022-06-30,2022-08-31
600886,2022-09-30,2022-10-29
600886,2022-12-31,2023-04-29
600886,2023-03-31,2023-04-29
600886,2023-06-30,2023-08-30
600886,2023-09-30,2023-10-28
600886,2023-12-31,2024-04-30
600886,2024-03-31,2024-04-30
600886,2024-06-30,2024-08-29
600886,2024-09-30,2024-10-31
600886,2024-12-31,2025-04-30
600886,2025-03-31,2025-04-30
600886,2025-06-30,2025-08-30
600886,2025-09-30,2025-10-31
600886,2025-12-31,2026-04-30
600886,2026-03-31,2026-04-30
600886,2026-06-30,2026-08-28
600845,2015-03-31,2015-04-23
600845,2015-06-30,2015-08-25
600845,2015-09-30,2015-10-28
600845,2015-12-31,2016-03-24
600845,2016-03-31,2016-04-28
600845,2016-06-30,2016-07-30
600845,2016-09-30,2016-10-25
600845,2016-12-31,2017-03-07
600845,2017-03-31,2017-04-20
600845,2017-06-30,2017-08-22
600845,2017-09-30,2017-10-28
600845,2017-12-31,2018-03-20
600845,2018-03-31,2018-04-24
600845,2018-06-30,2018-08-17
600845,2018-09-30,2018-10-27
600845,2018-12-31,2019-04-13
600845,2019-03-31,2019-04-13
600845,2019-06-30,2019-08-20
600845,2019-09-30,2019-10-25
600845,2019-12-31,2020-04-22
600845,2020-03-31,2020-04-22
600845,2020-06-30,2020-08-20
600845,2020-09-30,2020-10-28
600845,2020-12-31,2021-04-13
600845,2021-03-31,2021-04-20
600845,2021-06-30,2021-08-20
600845,2021-09-30,2021-10-30
600845,2021-12-31,2022-03-29
600845,2022-03-31,2022-04-28
600845,2022-06-30,2022-08-24
600845,2022-09-30,2022-10-26
600845,2022-12-31,2023-04-05
600845,2023-03-31,2023-04-28
600845,2023-06-30,2023-08-19
600845,2023-09-30,2023-10-21
600845,2023-12-31,2024-03-30
600845,2024-03-31,2024-04-24
600845,2024-06-30,2024-08-28
600845,2024-09-30,2024-10-30
600845,2024-12-31,2025-04-01
600845,2025-03-31,2025-04-26
600845,2025-06-30,2025-08-19
600845,2025-09-30,2025-10-28
600845,2025-12-31,2026-03-31
600845,2026-03-31,2026-04-22
600845,2026-06-30,2026-08-20
300442,2015-06-30,2015-08-25
300442,2015-09-30,2015-10-22
300442,2015-12-31,2016-03-31
300442,2016-03-31,2016-04-27
300442,2016-06-30,2016-08-26
300442,2016-09-30,2016-10-28
300442,2016-12-31,2017-03-31
300442,2017-03-31,2017-04-19
300442,2017-06-30,2017-08-25
300442,2017-09-30,2017-10-26
300442,2017-12-31,2018-04-24
300442,2018-03-31,2018-04-24
300442,2018-06-30,2018-08-29
300442,2018-09-30,2018-10-26
300442,2018-12-31,2019-04-25
300442,2019-03-31,2019-04-25
300442,2019-06-30,2019-08-29
300442,2019-09-30,2019-10-26
300442,2019-12-31,2020-05-23
300442,2020-03-31,2020-04-30
300442,2020-06-30,2020-08-28
300442,2020-09-30,2020-10-29
300442,2020-12-31,2021-04-09
300442,2021-03-31,2021-04-29
300442,2021-06-30,2021-08-13
300442,2021-09-30,2021-10-27
300442,2021-12-31,2022-04-27
300442,2022-03-31,2022-04-29
300442,2022-06-30,2022-08-20
300442,2022-09-30,2022-10-20
300442,2022-12-31,2023-04-22
300442,2023-03-31,2023-04-22
300442,2023-06-30,2023-08-28
300442,2023-09-30,2023-10-26
300442,2023-12-31,2024-04-18
300442,2024-03-31,2024-04-27
300442,2024-06-30,2024-08-23
300442,2024-09-30,2024-10-30
300442,2024-12-31,2025-04-24
300442,2025-03-31,2025-04-29
300442,2025-06-30,2025-08-29
300442,2025-09-30,2025-10-30
300442,2025-12-31,2026-04-10
300442,2026-03-31,2026-04-10
300442,2026-06-30,2026-08-28
600460,2015-03-31,2015-04-30
600460,2015-06-30,2015-08-18
600460,2015-09-30,2015-10-31
600460,2015-12-31,2016-04-08
600460,2016-03-31,2016-04-30
600460,2016-06-30,2016-08-23
600460,2016-09-30,2016-10-29
600460,2016-12-31,2017-03-07
600460,2017-03-31,2017-04-29
600460,2017-06-30,2017-08-15
600460,2017-09-30,2017-10-31
600460,2017-12-31,2018-03-27
600460,2018-03-31,2018-04-28
600460,2018-06-30,2018-08-08
600460,2018-09-30,2018-10-30
600460,2018-12-31,2019-03-30
600460,2019-03-31,2019-04-30
600460,2019-06-30,2019-08-28
600460,2019-09-30,2019-10-31
600460,2019-12-31,2020-04-23
600460,2020-03-31,2020-04-30
600460,2020-06-30,2020-08-15
600460,2020-09-30,2020-10-30
600460,2020-12-31,2021-03-13
600460,2021-03-31,2021-04-29
600460,2021-06-30,2021-08-17
600460,2021-09-30,2021-10-30
600460,2021-12-31,2022-03-29
600460,2022-03-31,2022-04-30
600460,2022-06-30,2022-08-23
600460,2022-09-30,2022-10-29
600460,2022-12-31,2023-03-31
600460,2023-03-31,2023-04-29
600460,2023-06-30,2023-08-19
600460,2023-09-30,2023-10-27
600460,2023-12-31,2024-04-09
600460,2024-03-31,2024-04-30
600460,2024-06-30,2024-08-20
600460,2024-09-30,2024-10-31
600460,2024-12-31,2025-04-19
600460,2025-03-31,2025-04-30
600460,2025-06-30,2025-08-23
600460,2025-09-30,2025-10-31
600460,2025-12-31,2026-04-25
600460,2026-03-31,2026-04-30
600460,2026-06-30,2026-08-25
601018,2015-03-31,2015-04-29
601018,2015-06-30,2015-08-29
601018,2015-09-30,2015-10-30
601018,2015-12-31,2016-04-01
601018,2016-03-31,2016-04-29
601018,2016-06-30,2016-08-31
601018,2016-09-30,2016-10-31
601018,2016-12-31,2017-03-30
601018,2017-03-31,2017-04-29
601018,2017-06-30,2017-08-30
601018,2017-09-30,2017-10-30
601018,2017-12-31,2018-03-30
601018,2018-03-31,2018-04-28
601018,2018-06-30,2018-08-30
601018,2018-09-30,2018-10-30
601018,2018-12-31,2019-03-30
601018,2019-03-31,2019-04-30
601018,2019-06-30,2019-08-30
601018,2019-09-30,2019-10-30
601018,2019-12-31,2020-04-11
601018,2020-03-31,2020-04-29
601018,2020-06-30,2020-08-29
601018,2020-09-30,2020-10-30
601018,2020-12-31,2021-03-31
601018,2021-03-31,2021-04-29
601018,2021-06-30,2021-08-30
601018,2021-09-30,2021-10-30
601018,2021-12-31,2022-03-30
601018,2022-03-31,2022-04-29
601018,2022-06-30,2022-08-30
601018,2022-09-30,2022-10-29
601018,2022-12-31,2023-04-12
601018,2023-03-31,2023-04-29
601018,2023-06-30,2023-08-31
601018,2023-09-30,2023-10-28
601018,2023-12-31,2024-03-28
601018,2024-03-31,2024-04-27
601018,2024-06-30,2024-08-30
601018,2024-09-30,2024-10-30
601018,2024-12-31,2025-03-28
601018,2025-03-31,2025-04-29
601018,2025-06-30,2025-08-29
601018,2025-09-30,2025-10-30
601018,2025-12-31,2026-04-02
601018,2026-03-31,2026-04-29
601018,2026-06-30,2026-08-28
001280,2025-12-31,2026-04-29
001280,2026-03-31,2026-04-29
001280,2026-06-30,2026-08-29
000001,2015-03-31,2015-04-24
000001,2015-06-30,2015-08-14
000001,2015-09-30,2015-10-23
000001,2015-12-31,2016-03-10
000001,2016-03-31,2016-04-21
000001,2016-06-30,2016-08-12
000001,2016-09-30,2016-10-21
000001,2016-12-31,2017-03-17
000001,2017-03-31,2017-04-22
000001,2017-06-30,2017-08-11
000001,2017-09-30,2017-10-21
000001,2017-12-31,2018-03-15
000001,2018-03-31,2018-04-20
000001,2018-06-30,2018-08-16
000001,2018-09-30,2018-10-24
000001,2018-12-31,2019-03-07
000001,2019-03-31,2019-04-24
000001,2019-06-30,2019-08-08
000001,2019-09-30,2019-10-22
000001,2019-12-31,2020-02-14
000001,2020-03-31,2020-04-21
000001,2020-06-30,2020-08-28
000001,2020-09-30,2020-10-22
000001,2020-12-31,2021-02-02
000001,2021-03-31,2021-04-21
000001,2021-06-30,2021-08-20
000001,2021-09-30,2021-10-21
000001,2021-12-31,2022-03-10
000001,2022-03-31,2022-04-27
000001,2022-06-30,2022-08-18
000001,2022-09-30,2022-10-25
000001,2022-12-31,2023-03-09
000001,2023-03-31,2023-04-25
000001,2023-06-30,2023-08-24
000001,2023-09-30,2023-10-25
000001,2023-12-31,2024-03-15
000001,2024-03-31,2024-04-20
000001,2024-06-30,2024-08-16
000001,2024-09-30,2024-10-19
000001,2024-12-31,2025-03-15
000001,2025-03-31,2025-04-19
000001,2025-06-30,2025-08-23
000001,2025-09-30,2025-10-25
000001,2025-12-31,2026-03-21
000001,2026-03-31,2026-04-25
000001,2026-06-30,2026-08-15
688012,2019-06-30,2019-08-22
688012,2019-09-30,2019-10-29
688012,2019-12-31,2020-04-17
688012,2020-03-31,2020-04-29
688012,2020-06-30,2020-08-29
688012,2020-09-30,2020-10-29
688012,2020-12-31,2021-03-31
688012,2021-03-31,2021-04-28
688012,2021-06-30,2021-08-25
688012,2021-09-30,2021-10-28
688012,2021-12-31,2022-03-31
688012,2022-03-31,2022-04-28
688012,2022-06-30,2022-08-11
688012,2022-09-30,2022-10-28
688012,2022-12-31,2023-03-31
688012,2023-03-31,2023-04-29
688012,2023-06-30,2023-08-25
688012,2023-09-30,2023-10-27
688012,2023-12-31,2024-03-19
688012,2024-03-31,2024-04-26
688012,2024-06-30,2024-08-23
688012,2024-09-30,2024-10-30
688012,2024-12-31,2025-04-18
688012,2025-03-31,2025-04-25
688012,2025-06-30,2025-08-29
688012,2025-09-30,2025-10-30
688012,2025-12-31,2026-03-31
688012,2026-03-31,2026-04-28
688012,2026-06-30,2026-08-20
002602,2015-03-31,2015-04-27
002602,2015-06-30,2015-08-12
002602,2015-09-30,2015-10-31
002602,2015-12-31,2016-04-18
002602,2016-03-31,2016-04-29
002602,2016-06-30,2016-08-25
002602,2016-09-30,2016-10-25
002602,2016-12-31,2017-04-25
002602,2017-03-31,2017-04-27
002602,2017-06-30,2017-08-24
002602,2017-09-30,2017-10-30
002602,2017-12-31,2018-04-24
002602,2018-03-31,2018-04-28
002602,2018-06-30,2018-08-30
002602,2018-09-30,2018-10-29
002602,2018-12-31,2019-04-27
002602,2019-03-31,2019-04-30
002602,2019-06-30,2019-08-27
002602,2019-09-30,2019-10-29
002602,2019-12-31,2020-05-30
002602,2020-03-31,2020-04-30
002602,2020-06-30,2020-08-29
002602,2020-09-30,2020-10-31
002602,2020-12-31,2021-04-30
002602,2021-03-31,2021-04-30
002602,2021-06-30,2021-08-31
002602,2021-09-30,2021-10-29
002602,2021-12-31,2022-04-30
002602,2022-03-31,2022-04-30
002602,2022-06-30,2022-08-31
002602,2022-09-30,2022-10-31
002602,2022-12-31,2023-04-29
002602,2023-03-31,2023-04-29
002602,2023-06-30,2023-08-31
002602,2023-09-30,2023-10-31
002602,2023-12-31,2024-04-30
002602,2024-03-31,2024-04-30
002602,2024-06-30,2024-08-31
002602,2024-09-30,2024-10-31
002602,2024-12-31,2025-04-29
002602,2025-03-31,2025-04-29
002602,2025-06-30,2025-08-30
002602,2025-09-30,2025-10-31
002602,2025-12-31,2026-04-30
002602,2026-03-31,2026-04-30
002602,2026-06-30,2026-08-28
600919,2016-09-30,2016-10-31
600919,2016-12-31,2017-03-20
600919,2017-03-31,2017-04-27
600919,2017-06-30,2017-08-30
600919,2017-09-30,2017-10-31
600919,2017-12-31,2018-04-25
600919,2018-03-31,2018-04-27
600919,2018-06-30,2018-08-21
600919,2018-09-30,2018-10-30
600919,2018-12-31,2019-04-27
600919,2019-03-31,2019-04-27
600919,2019-06-30,2019-08-21
600919,2019-09-30,2019-10-30
600919,2019-12-31,2020-04-11
600919,2020-03-31,2020-04-29
600919,2020-06-30,2020-08-15
600919,2020-09-30,2020-10-30
600919,2020-12-31,2021-04-29
600919,2021-03-31,2021-04-29
600919,2021-06-30,2021-08-25
600919,2021-09-30,2021-10-30
600919,2021-12-31,2022-04-13
600919,2022-03-31,2022-04-29
600919,2022-06-30,2022-08-30
600919,2022-09-30,2022-10-29
600919,2022-12-31,2023-04-26
600919,2023-03-31,2023-04-28
600919,2023-06-30,2023-08-30
600919,2023-09-30,2023-10-28
600919,2023-12-31,2024-04-26
600919,2024-03-31,2024-04-26
600919,2024-06-30,2024-08-17
600919,2024-09-30,2024-10-30
600919,2024-12-31,2025-04-19
600919,2025-03-31,2025-04-29
600919,2025-06-30,2025-08-23
600919,2025-09-30,2025-10-31
600919,2025-12-31,2026-04-29
600919,2026-03-31,2026-04-29
600919,2026-06-30,2026-08-20
601916,2019-12-31,2020-03-30
601916,2020-03-31,2020-04-25
601916,2020-06-30,2020-08-29
601916,2020-09-30,2020-10-30
601916,2020-12-31,2021-03-31
601916,2021-03-31,2021-04-30
601916,2021-06-30,2021-08-31
601916,2021-09-30,2021-10-29
601916,2021-12-31,2022-03-30
601916,2022-03-31,2022-04-26
601916,2022-06-30,2022-08-30
601916,2022-09-30,2022-10-29
601916,2022-12-31,2023-03-28
601916,2023-03-31,2023-04-26
601916,2023-06-30,2023-08-30
601916,2023-09-30,2023-10-28
601916,2023-12-31,2024-03-29
601916,2024-03-31,2024-04-30
601916,2024-06-30,2024-08-30
601916,2024-09-30,2024-10-30
601916,2024-12-31,2025-03-29
601916,2025-03-31,2025-04-30
601916,2025-06-30,2025-08-29
601916,2025-09-30,2025-10-31
601916,2025-12-31,2026-03-31
601916,2026-03-31,2026-04-30
601916,2026-06-30,2026-08-27
003816,2019-09-30,2019-10-31
003816,2019-12-31,2020-03-26
003816,2020-03-31,2020-04-29
003816,2020-06-30,2020-08-27
003816,2020-09-30,2020-10-28
003816,2020-12-31,2021-03-19
003816,2021-03-31,2021-04-23
003816,2021-06-30,2021-08-27
003816,2021-09-30,2021-10-28
003816,2021-12-31,2022-03-18
003816,2022-03-31,2022-04-22
003816,2022-06-30,2022-08-25
003816,2022-09-30,2022-10-27
003816,2022-12-31,2023-03-16
003816,2023-03-31,2023-04-26
003816,2023-06-30,2023-08-24
003816,2023-09-30,2023-10-26
003816,2023-12-31,2024-03-28
003816,2024-03-31,2024-04-25
003816,2024-06-30,2024-08-22
003816,2024-09-30,2024-10-24
003816,2024-12-31,2025-03-27
003816,2025-03-31,2025-04-24
003816,2025-06-30,2025-08-28
003816,2025-09-30,2025-10-29
003816,2025-12-31,2026-03-26
003816,2026-03-31,2026-04-29
003816,2026-06-30,2026-08-26
600188,2015-03-31,2015-04-29
600188,2015-06-30,2015-08-31
600188,2015-09-30,2015-10-27
600188,2015-12-31,2016-03-30
600188,2016-03-31,2016-04-29
600188,2016-06-30,2016-08-29
600188,2016-09-30,2016-10-31
600188,2016-12-31,2017-04-01
600188,2017-03-31,2017-04-29
600188,2017-06-30,2017-08-28
600188,2017-09-30,2017-10-31
600188,2017-12-31,2018-03-24
600188,2018-03-31,2018-04-28
600188,2018-06-30,2018-08-25
600188,2018-09-30,2018-10-27
600188,2018-12-31,2019-03-30
600188,2019-03-31,2019-04-27
600188,2019-06-30,2019-08-31
600188,2019-09-30,2019-10-26
600188,2019-12-31,2020-04-23
600188,2020-03-31,2020-04-29
600188,2020-06-30,2020-08-29
600188,2020-09-30,2020-10-24
600188,2020-12-31,2021-03-27
600188,2021-03-31,2021-04-30
600188,2021-06-30,2021-08-28
600188,2021-09-30,2021-10-30
600188,2021-12-31,2022-03-31
600188,2022-03-31,2022-04-30
600188,2022-06-30,2022-08-27
600188,2022-09-30,2022-10-29
600188,2022-12-31,2023-03-25
600188,2023-03-31,2023-04-29
600188,2023-06-30,2023-08-26
600188,2023-09-30,2023-10-28
600188,2023-12-31,2024-03-29
600188,2024-03-31,2024-04-27
600188,2024-06-30,2024-08-31
600188,2024-09-30,2024-10-26
600188,2024-12-31,2025-03-29
600188,2025-03-31,2025-04-26
600188,2025-06-30,2025-08-30
600188,2025-09-30,2025-10-31
600188,2025-12-31,2026-03-28
600188,2026-03-31,2026-04-29
600188,2026-06-30,2026-08-29
688303,2021-06-30,2021-08-19
688303,2021-09-30,2021-10-29
688303,2021-12-31,2022-03-16
688303,2022-03-31,2022-04-22
688303,2022-06-30,2022-08-04
688303,2022-09-30,2022-10-28
688303,2022-12-31,2023-03-16
688303,2023-03-31,2023-04-28
688303,2023-06-30,2023-08-04
688303,2023-09-30,2023-10-28
688303,2023-12-31,2024-03-30
688303,2024-03-31,2024-04-30
688303,2024-06-30,2024-08-27
688303,2024-09-30,2024-10-31
688303,2024-12-31,2025-04-30
688303,2025-03-31,2025-04-30
688303,2025-06-30,2025-08-27
688303,2025-09-30,2025-10-28
688303,2025-12-31,2026-04-21
688303,2026-03-31,2026-04-30
688303,2026-06-30,2026-08-21
000338,2015-03-31,2015-04-29
000338,2015-06-30,2015-08-28
000338,2015-09-30,2015-10-30
000338,2015-12-31,2016-03-31
000338,2016-03-31,2016-04-30
000338,2016-06-30,2016-08-31
000338,2016-09-30,2016-10-28
000338,2016-12-31,2017-03-30
000338,2017-03-31,2017-04-28
000338,2017-06-30,2017-08-31
000338,2017-09-30,2017-10-31
000338,2017-12-31,2018-03-29
000338,2018-03-31,2018-04-28
000338,2018-06-30,2018-08-29
000338,2018-09-30,2018-10-31
000338,2018-12-31,2019-03-26
000338,2019-03-31,2019-04-29
000338,2019-06-30,2019-08-30
000338,2019-09-30,2019-10-31
000338,2019-12-31,2020-03-27
000338,2020-03-31,2020-04-30
000338,2020-06-30,2020-08-28
000338,2020-09-30,2020-10-31
000338,2020-12-31,2021-03-31
000338,2021-03-31,2021-04-30
000338,2021-06-30,2021-08-31
000338,2021-09-30,2021-10-30
000338,2021-12-31,2022-03-31
000338,2022-03-31,2022-04-30
000338,2022-06-30,2022-08-31
000338,2022-09-30,2022-10-31
000338,2022-12-31,2023-03-31
000338,2023-03-31,2023-04-29
000338,2023-06-30,2023-08-31
000338,2023-09-30,2023-10-31
000338,2023-12-31,2024-03-26
000338,2024-03-31,2024-04-30
000338,2024-06-30,2024-08-23
000338,2024-09-30,2024-10-31
000338,2024-12-31,2025-03-28
000338,2025-03-31,2025-04-30
000338,2025-06-30,2025-08-30
000338,2025-09-30,2025-10-31
000338,2025-12-31,2026-03-27
000338,2026-03-31,2026-04-30
000338,2026-06-30,2026-08-28
300394,2015-03-31,2015-04-25
300394,2015-06-30,2015-08-22
300394,2015-09-30,2015-10-27
300394,2015-12-31,2016-04-12
300394,2016-03-31,2016-04-20
300394,2016-06-30,2016-08-10
300394,2016-09-30,2016-10-25
300394,2016-12-31,2017-03-18
300394,2017-03-31,2017-04-20
300394,2017-06-30,2017-08-08
300394,2017-09-30,2017-10-24
300394,2017-12-31,2018-03-20
300394,2018-03-31,2018-04-27
300394,2018-06-30,2018-08-21
300394,2018-09-30,2018-10-23
300394,2018-12-31,2019-04-09
300394,2019-03-31,2019-04-25
300394,2019-06-30,2019-08-13
300394,2019-09-30,2019-10-29
300394,2019-12-31,2020-04-28
300394,2020-03-31,2020-04-28
300394,2020-06-30,2020-08-18
300394,2020-09-30,2020-10-23
300394,2020-12-31,2021-04-23
300394,2021-03-31,2021-04-23
300394,2021-06-30,2021-08-24
300394,2021-09-30,2021-10-26
300394,2021-12-31,2022-04-19
300394,2022-03-31,2022-04-27
300394,2022-06-30,2022-08-25
300394,2022-09-30,2022-10-25
300394,2022-12-31,2023-04-21
300394,2023-03-31,2023-04-21
300394,2023-06-30,2023-08-25
300394,2023-09-30,2023-10-20
300394,2023-12-31,2024-04-22
300394,2024-03-31,2024-04-24
300394,2024-06-30,2024-08-23
300394,2024-09-30,2024-10-23
300394,2024-12-31,2025-04-21
300394,2025-03-31,2025-04-24
300394,2025-06-30,2025-08-26
300394,2025-09-30,2025-10-30
300394,2025-12-31,2026-04-08
300394,2026-03-31,2026-04-21
300394,2026-06-30,2026-08-19
600176,2015-03-31,2015-04-22
600176,2015-06-30,2015-08-20
600176,2015-09-30,2015-10-27
600176,2015-12-31,2016-03-18
600176,2016-03-31,2016-04-27
600176,2016-06-30,2016-08-19
600176,2016-09-30,2016-10-26
600176,2016-12-31,2017-03-21
600176,2017-03-31,2017-04-29
600176,2017-06-30,2017-08-18
600176,2017-09-30,2017-10-12
600176,2017-12-31,2018-03-20
600176,2018-03-31,2018-04-26
600176,2018-06-30,2018-08-20
600176,2018-09-30,2018-10-19
600176,2018-12-31,2019-03-21
600176,2019-03-31,2019-04-25
600176,2019-06-30,2019-08-22
600176,2019-09-30,2019-10-23
600176,2019-12-31,2020-03-23
600176,2020-03-31,2020-04-25
600176,2020-06-30,2020-08-19
600176,2020-09-30,2020-10-27
600176,2020-12-31,2021-03-20
600176,2021-03-31,2021-04-27
600176,2021-06-30,2021-08-18
600176,2021-09-30,2021-10-26
600176,2021-12-31,2022-03-19
600176,2022-03-31,2022-04-26
600176,2022-06-30,2022-08-23
600176,2022-09-30,2022-10-22
600176,2022-12-31,2023-03-21
600176,2023-03-31,2023-04-21
600176,2023-06-30,2023-08-18
600176,2023-09-30,2023-10-24
600176,2023-12-31,2024-03-20
600176,2024-03-31,2024-04-26
600176,2024-06-30,2024-08-23
600176,2024-09-30,2024-10-25
600176,2024-12-31,2025-03-20
600176,2025-03-31,2025-04-24
600176,2025-06-30,2025-08-28
600176,2025-09-30,2025-10-22
600176,2025-12-31,2026-03-20
600176,2026-03-31,2026-04-25
600176,2026-06-30,2026-08-21
300418,2015-03-31,2015-04-28
300418,2015-06-30,2015-08-31
300418,2015-09-30,2015-10-27
300418,2015-12-31,2016-04-11
300418,2016-03-31,2016-04-26
300418,2016-06-30,2016-08-25
300418,2016-09-30,2016-10-27
300418,2016-12-31,2017-04-25
300418,2017-03-31,2017-04-26
300418,2017-06-30,2017-07-25
300418,2017-09-30,2017-10-25
300418,2017-12-31,2018-04-20
300418,2018-03-31,2018-04-27
300418,2018-06-30,2018-08-24
300418,2018-09-30,2018-10-29
300418,2018-12-31,2019-04-23
300418,2019-03-31,2019-04-27
300418,2019-06-30,2019-08-20
300418,2019-09-30,2019-10-28
300418,2019-12-31,2020-04-27
300418,2020-03-31,2020-04-29
300418,2020-06-30,2020-08-25
300418,2020-09-30,2020-10-30
300418,2020-12-31,2021-04-28
300418,2021-03-31,2021-04-29
300418,2021-06-30,2021-08-27
300418,2021-09-30,2021-10-30
300418,2021-12-31,2022-04-28
300418,2022-03-31,2022-04-29
300418,2022-06-30,2022-08-31
300418,2022-09-30,2022-10-29
300418,2022-12-31,2023-04-11
300418,2023-03-31,2023-04-28
300418,2023-06-30,2023-08-25
300418,2023-09-30,2023-10-27
300418,2023-12-31,2024-04-24
300418,2024-03-31,2024-04-27
300418,2024-06-30,2024-08-24
300418,2024-09-30,2024-10-30
300418,2024-12-31,2025-04-26
300418,2025-03-31,2025-04-29
300418,2025-06-30,2025-08-23
300418,2025-09-30,2025-10-30
300418,2025-12-31,2026-04-24
300418,2026-03-31,2026-04-29
300418,2026-06-30,2026-08-20
600406,2015-03-31,2015-04-29
600406,2015-06-30,2015-08-25
600406,2015-09-30,2015-10-23
600406,2015-12-31,2016-04-05
600406,2016-03-31,2016-04-27
600406,2016-06-30,2016-08-25
600406,2016-09-30,2016-10-25
600406,2016-12-31,2017-03-30
600406,2017-03-31,2017-04-29
600406,2017-06-30,2017-07-29
600406,2017-09-30,2017-10-28
600406,2017-12-31,2018-04-19
600406,2018-03-31,2018-04-28
600406,2018-06-30,2018-08-28
600406,2018-09-30,2018-10-30
600406,2018-12-31,2019-04-29
600406,2019-03-31,2019-04-29
600406,2019-06-30,2019-08-31
600406,2019-09-30,2019-10-30
600406,2019-12-31,2020-04-30
600406,2020-03-31,2020-04-30
600406,2020-06-30,2020-08-29
600406,2020-09-30,2020-10-31
600406,2020-12-31,2021-04-23
600406,2021-03-31,2021-04-30
600406,2021-06-30,2021-08-31
600406,2021-09-30,2021-10-30
600406,2021-12-31,2022-04-29
600406,2022-03-31,2022-04-29
600406,2022-06-30,2022-08-31
600406,2022-09-30,2022-10-29
600406,2022-12-31,2023-04-28
600406,2023-03-31,2023-04-28
600406,2023-06-30,2023-08-31
600406,2023-09-30,2023-10-31
600406,2023-12-31,2024-04-26
600406,2024-03-31,2024-04-26
600406,2024-06-30,2024-08-29
600406,2024-09-30,2024-10-30
600406,2024-12-31,2025-04-29
600406,2025-03-31,2025-04-29
600406,2025-06-30,2025-08-28
600406,2025-09-30,2025-10-31
600406,2025-12-31,2026-04-30
600406,2026-03-31,2026-04-30
600406,2026-06-30,2026-08-27
601888,2015-03-31,2015-04-30
601888,2015-06-30,2015-08-29
601888,2015-09-30,2015-10-29
601888,2015-12-31,2016-04-23
601888,2016-03-31,2016-04-23
601888,2016-06-30,2016-08-31
601888,2016-09-30,2016-10-29
601888,2016-12-31,2017-04-29
601888,2017-03-31,2017-04-29
601888,2017-06-30,2017-08-30
601888,2017-09-30,2017-10-27
601888,2017-12-31,2018-04-28
601888,2018-03-31,2018-04-28
601888,2018-06-30,2018-08-30
601888,2018-09-30,2018-10-31
601888,2018-12-31,2019-04-27
601888,2019-03-31,2019-04-27
601888,2019-06-30,2019-08-31
601888,2019-09-30,2019-10-30
601888,2019-12-31,2020-04-23
601888,2020-03-31,2020-04-23
601888,2020-06-30,2020-08-29
601888,2020-09-30,2020-10-28
601888,2020-12-31,2021-04-22
601888,2021-03-31,2021-04-22
601888,2021-06-30,2021-08-28
601888,2021-09-30,2021-10-30
601888,2021-12-31,2022-04-23
601888,2022-03-31,2022-04-23
601888,2022-06-30,2022-08-31
601888,2022-09-30,2022-10-29
601888,2022-12-31,2023-03-31
601888,2023-03-31,2023-04-28
601888,2023-06-30,2023-08-25
601888,2023-09-30,2023-10-27
601888,2023-12-31,2024-03-28
601888,2024-03-31,2024-04-24
601888,2024-06-30,2024-08-31
601888,2024-09-30,2024-10-31
601888,2024-12-31,2025-03-29
601888,2025-03-31,2025-04-30
601888,2025-06-30,2025-08-27
601888,2025-09-30,2025-10-31
601888,2025-12-31,2026-03-31
601888,2026-03-31,2026-04-30
601888,2026-06-30,2026-08-21
601136,2022-12-31,2023-04-22
601136,2023-03-31,2023-04-22
601136,2023-06-30,2023-08-25
601136,2023-09-30,2023-10-28
601136,2023-12-31,2024-04-13
601136,2024-03-31,2024-04-25
601136,2024-06-30,2024-08-28
601136,2024-09-30,2024-10-24
601136,2024-12-31,2025-04-12
601136,2025-03-31,2025-04-30
601136,2025-06-30,2025-08-29
601136,2025-09-30,2025-10-30
601136,2025-12-31,2026-03-21
601136,2026-03-31,2026-04-29
601136,2026-06-30,2026-08-26
601877,2015-03-31,2015-04-29
601877,2015-06-30,2015-08-18
601877,2015-09-30,2015-10-30
601877,2015-12-31,2016-04-16
601877,2016-03-31,2016-04-22
601877,2016-06-30,2016-08-15
601877,2016-09-30,2016-10-24
601877,2016-12-31,2017-04-24
601877,2017-03-31,2017-04-24
601877,2017-06-30,2017-08-31
601877,2017-09-30,2017-10-28
601877,2017-12-31,2018-04-21
601877,2018-03-31,2018-04-21
601877,2018-06-30,2018-08-17
601877,2018-09-30,2018-10-26
601877,2018-12-31,2019-04-26
601877,2019-03-31,2019-04-26
601877,2019-06-30,2019-08-30
601877,2019-09-30,2019-10-25
601877,2019-12-31,2020-04-29
601877,2020-03-31,2020-04-29
601877,2020-06-30,2020-08-28
601877,2020-09-30,2020-10-30
601877,2020-12-31,2021-04-29
601877,2021-03-31,2021-04-29
601877,2021-06-30,2021-08-27
601877,2021-09-30,2021-10-30
601877,2021-12-31,2022-04-29
601877,2022-03-31,2022-04-29
601877,2022-06-30,2022-08-31
601877,2022-09-30,2022-10-29
601877,2022-12-31,2023-04-29
601877,2023-03-31,2023-04-29
601877,2023-06-30,2023-08-31
601877,2023-09-30,2023-10-31
601877,2023-12-31,2024-04-30
601877,2024-03-31,2024-04-30
601877,2024-06-30,2024-08-31
601877,2024-09-30,2024-10-31
601877,2024-12-31,2025-04-30
601877,2025-03-31,2025-04-30
601877,2025-06-30,2025-08-28
601877,2025-09-30,2025-10-30
601877,2025-12-31,2026-04-16
601877,2026-03-31,2026-04-16
601877,2026-06-30,2026-08-20
600016,2015-03-31,2015-04-22
600016,2015-06-30,2015-08-29
600016,2015-09-30,2015-10-31
600016,2015-12-31,2016-03-31
600016,2016-03-31,2016-04-30
600016,2016-06-30,2016-08-30
600016,2016-09-30,2016-10-29
600016,2016-12-31,2017-03-31
600016,2017-03-31,2017-04-27
600016,2017-06-30,2017-08-29
600016,2017-09-30,2017-10-31
600016,2017-12-31,2018-03-30
600016,2018-03-31,2018-04-28
600016,2018-06-30,2018-08-31
600016,2018-09-30,2018-10-31
600016,2018-12-31,2019-03-30
600016,2019-03-31,2019-04-30
600016,2019-06-30,2019-08-31
600016,2019-09-30,2019-10-31
600016,2019-12-31,2020-03-31
600016,2020-03-31,2020-04-30
600016,2020-06-30,2020-08-29
600016,2020-09-30,2020-10-31
600016,2020-12-31,2021-03-31
600016,2021-03-31,2021-04-30
600016,2021-06-30,2021-08-28
600016,2021-09-30,2021-10-30
600016,2021-12-31,2022-03-30
600016,2022-03-31,2022-04-30
600016,2022-06-30,2022-08-27
600016,2022-09-30,2022-10-29
600016,2022-12-31,2023-03-28
600016,2023-03-31,2023-04-29
600016,2023-06-30,2023-08-31
600016,2023-09-30,2023-10-31
600016,2023-12-31,2024-03-29
600016,2024-03-31,2024-04-30
600016,2024-06-30,2024-08-30
600016,2024-09-30,2024-10-31
600016,2024-12-31,2025-03-29
600016,2025-03-31,2025-04-30
600016,2025-06-30,2025-08-30
600016,2025-09-30,2025-10-31
600016,2025-12-31,2026-03-31
600016,2026-03-31,2026-04-30
600016,2026-06-30,2026-08-29
002466,2015-03-31,2015-04-17
002466,2015-06-30,2015-08-24
002466,2015-09-30,2015-10-27
002466,2015-12-31,2016-04-23
002466,2016-03-31,2016-04-23
002466,2016-06-30,2016-08-23
002466,2016-09-30,2016-10-24
002466,2016-12-31,2017-03-28
002466,2017-03-31,2017-04-22
002466,2017-06-30,2017-08-18
002466,2017-09-30,2017-10-27
002466,2017-12-31,2018-03-24
002466,2018-03-31,2018-04-25
002466,2018-06-30,2018-08-30
002466,2018-09-30,2018-10-24
002466,2018-12-31,2019-03-29
002466,2019-03-31,2019-04-30
002466,2019-06-30,2019-08-23
002466,2019-09-30,2019-10-23
002466,2019-12-31,2020-04-29
002466,2020-03-31,2020-04-29
002466,2020-06-30,2020-08-31
002466,2020-09-30,2020-10-20
002466,2020-12-31,2021-04-28
002466,2021-03-31,2021-04-28
002466,2021-06-30,2021-08-30
002466,2021-09-30,2021-10-30
002466,2021-12-31,2022-04-30
002466,2022-03-31,2022-04-30
002466,2022-06-30,2022-08-31
002466,2022-09-30,2022-10-28
002466,2022-12-31,2023-03-31
002466,2023-03-31,2023-04-29
002466,2023-06-30,2023-08-31
002466,2023-09-30,2023-10-27
002466,2023-12-31,2024-03-28
002466,2024-03-31,2024-04-30
002466,2024-06-30,2024-08-31
002466,2024-09-30,2024-10-31
002466,2024-12-31,2025-03-27
002466,2025-03-31,2025-04-30
002466,2025-06-30,2025-08-30
002466,2025-09-30,2025-10-30
002466,2025-12-31,2026-03-28
002466,2026-03-31,2026-04-28
002466,2026-06-30,2026-08-28
600941,2021-12-31,2022-03-24
600941,2022-03-31,2022-04-22
600941,2022-06-30,2022-08-12
600941,2022-09-30,2022-10-21
600941,2022-12-31,2023-03-24
600941,2023-03-31,2023-04-21
600941,2023-06-30,2023-08-11
600941,2023-09-30,2023-10-21
600941,2023-12-31,2024-03-22
600941,2024-03-31,2024-04-23
600941,2024-06-30,2024-08-09
600941,2024-09-30,2024-10-22
600941,2024-12-31,2025-03-21
600941,2025-03-31,2025-04-23
600941,2025-06-30,2025-08-08
600941,2025-09-30,2025-10-21
600941,2025-12-31,2026-03-27
600941,2026-03-31,2026-04-21
600941,2026-06-30,2026-08-14
688506,2022-12-31,2023-04-29
688506,2023-03-31,2023-04-29
688506,2023-06-30,2023-08-31
688506,2023-09-30,2023-10-28
688506,2023-12-31,2024-04-27
688506,2024-03-31,2024-04-27
688506,2024-06-30,2024-08-24
688506,2024-09-30,2024-10-29
688506,2024-12-31,2025-03-29
688506,2025-03-31,2025-04-30
688506,2025-06-30,2025-08-20
688506,2025-09-30,2025-10-27
688506,2025-12-31,2026-04-28
688506,2026-03-31,2026-04-28
688506,2026-06-30,2026-08-27
600028,2015-03-31,2015-04-30
600028,2015-06-30,2015-08-27
600028,2015-09-30,2015-10-30
600028,2015-12-31,2016-03-30
600028,2016-03-31,2016-04-29
600028,2016-06-30,2016-08-29
600028,2016-09-30,2016-10-28
600028,2016-12-31,2017-03-27
600028,2017-03-31,2017-04-28
600028,2017-06-30,2017-08-28
600028,2017-09-30,2017-10-31
600028,2017-12-31,2018-03-26
600028,2018-03-31,2018-04-27
600028,2018-06-30,2018-08-27
600028,2018-09-30,2018-10-31
600028,2018-12-31,2019-03-25
600028,2019-03-31,2019-04-30
600028,2019-06-30,2019-08-26
600028,2019-09-30,2019-10-31
600028,2019-12-31,2020-03-30
600028,2020-03-31,2020-04-30
600028,2020-06-30,2020-08-31
600028,2020-09-30,2020-10-29
600028,2020-12-31,2021-03-29
600028,2021-03-31,2021-04-29
600028,2021-06-30,2021-08-30
600028,2021-09-30,2021-10-29
600028,2021-12-31,2022-03-28
600028,2022-03-31,2022-04-28
600028,2022-06-30,2022-08-29
600028,2022-09-30,2022-10-29
600028,2022-12-31,2023-03-27
600028,2023-03-31,2023-04-28
600028,2023-06-30,2023-08-28
600028,2023-09-30,2023-10-27
600028,2023-12-31,2024-03-25
600028,2024-03-31,2024-04-29
600028,2024-06-30,2024-08-26
600028,2024-09-30,2024-10-29
600028,2024-12-31,2025-03-24
600028,2025-03-31,2025-04-29
600028,2025-06-30,2025-08-22
600028,2025-09-30,2025-10-30
600028,2025-12-31,2026-03-23
600028,2026-03-31,2026-04-29
600028,2026-06-30,2026-08-24
601336,2015-03-31,2015-04-30
601336,2015-06-30,2015-08-26
601336,2015-09-30,2015-10-31
601336,2015-12-31,2016-03-30
601336,2016-03-31,2016-04-30
601336,2016-06-30,2016-08-31
601336,2016-09-30,2016-10-29
601336,2016-12-31,2017-03-30
601336,2017-03-31,2017-04-29
601336,2017-06-30,2017-08-30
601336,2017-09-30,2017-10-28
601336,2017-12-31,2018-03-21
601336,2018-03-31,2018-04-27
601336,2018-06-30,2018-08-29
601336,2018-09-30,2018-10-27
601336,2018-12-31,2019-03-21
601336,2019-03-31,2019-04-27
601336,2019-06-30,2019-08-29
601336,2019-09-30,2019-10-31
601336,2019-12-31,2020-03-26
601336,2020-03-31,2020-04-29
601336,2020-06-30,2020-08-26
601336,2020-09-30,2020-10-28
601336,2020-12-31,2021-03-25
601336,2021-03-31,2021-04-30
601336,2021-06-30,2021-08-27
601336,2021-09-30,2021-10-29
601336,2021-12-31,2022-03-30
601336,2022-03-31,2022-04-29
601336,2022-06-30,2022-08-31
601336,2022-09-30,2022-10-29
601336,2022-12-31,2023-03-31
601336,2023-03-31,2023-04-28
601336,2023-06-30,2023-08-30
601336,2023-09-30,2023-10-28
601336,2023-12-31,2024-03-28
601336,2024-03-31,2024-04-30
601336,2024-06-30,2024-08-30
601336,2024-09-30,2024-10-31
601336,2024-12-31,2025-03-28
601336,2025-03-31,2025-04-30
601336,2025-06-30,2025-08-29
601336,2025-09-30,2025-10-31
601336,2025-12-31,2026-03-28
601336,2026-03-31,2026-04-30
601336,2026-06-30,2026-08-27
300750,2018-06-30,2018-08-24
300750,2018-09-30,2018-10-26
300750,2018-12-31,2019-04-25
300750,2019-03-31,2019-04-27
300750,2019-06-30,2019-08-24
300750,2019-09-30,2019-10-26
300750,2019-12-31,2020-04-25
300750,2020-03-31,2020-04-28
300750,2020-06-30,2020-08-27
300750,2020-09-30,2020-10-28
300750,2020-12-31,2021-04-28
300750,2021-03-31,2021-04-30
300750,2021-06-30,2021-08-26
300750,2021-09-30,2021-10-28
300750,2021-12-31,2022-04-22
300750,2022-03-31,2022-04-30
300750,2022-06-30,2022-08-24
300750,2022-09-30,2022-10-22
300750,2022-12-31,2023-03-10
300750,2023-03-31,2023-04-21
300750,2023-06-30,2023-07-26
300750,2023-09-30,2023-10-20
300750,2023-12-31,2024-03-16
300750,2024-03-31,2024-04-16
300750,2024-06-30,2024-07-27
300750,2024-09-30,2024-10-19
300750,2024-12-31,2025-03-15
300750,2025-03-31,2025-04-15
300750,2025-06-30,2025-07-31
300750,2025-09-30,2025-10-21
300750,2025-12-31,2026-03-10
300750,2026-03-31,2026-04-16
300750,2026-06-30,2026-07-25
600570,2015-03-31,2015-04-25
600570,2015-06-30,2015-08-22
600570,2015-09-30,2015-10-24
600570,2015-12-31,2016-03-29
600570,2016-03-31,2016-04-28
600570,2016-06-30,2016-08-26
600570,2016-09-30,2016-10-28
600570,2016-12-31,2017-03-28
600570,2017-03-31,2017-04-25
600570,2017-06-30,2017-08-31
600570,2017-09-30,2017-10-28
600570,2017-12-31,2018-03-27
600570,2018-03-31,2018-04-24
600570,2018-06-30,2018-08-23
600570,2018-09-30,2018-10-27
600570,2018-12-31,2019-03-30
600570,2019-03-31,2019-04-25
600570,2019-06-30,2019-08-29
600570,2019-09-30,2019-10-26
600570,2019-12-31,2020-04-25
600570,2020-03-31,2020-04-28
600570,2020-06-30,2020-08-27
600570,2020-09-30,2020-10-30
600570,2020-12-31,2021-04-27
600570,2021-03-31,2021-04-29
600570,2021-06-30,2021-08-26
600570,2021-09-30,2021-10-29
600570,2021-12-31,2022-03-31
600570,2022-03-31,2022-04-28
600570,2022-06-30,2022-08-26
600570,2022-09-30,2022-10-27
600570,2022-12-31,2023-04-01
600570,2023-03-31,2023-04-28
600570,2023-06-30,2023-08-26
600570,2023-09-30,2023-10-27
600570,2023-12-31,2024-03-25
600570,2024-03-31,2024-04-30
600570,2024-06-30,2024-08-24
600570,2024-09-30,2024-10-31
600570,2024-12-31,2025-03-29
600570,2025-03-31,2025-04-30
600570,2025-06-30,2025-08-23
600570,2025-09-30,2025-10-31
600570,2025-12-31,2026-03-28
600570,2026-03-31,2026-04-30
600570,2026-06-30,2026-08-26
601901,2015-03-31,2015-04-30
601901,2015-06-30,2015-08-29
601901,2015-09-30,2015-10-31
601901,2015-12-31,2016-04-29
601901,2016-03-31,2016-04-29
601901,2016-06-30,2016-08-30
601901,2016-09-30,2016-10-28
601901,2016-12-31,2017-03-31
601901,2017-03-31,2017-04-29
601901,2017-06-30,2017-08-25
601901,2017-09-30,2017-10-31
601901,2017-12-31,2018-03-31
601901,2018-03-31,2018-04-28
601901,2018-06-30,2018-08-31
601901,2018-09-30,2018-10-31
601901,2018-12-31,2019-03-30
601901,2019-03-31,2019-04-30
601901,2019-06-30,2019-08-20
601901,2019-09-30,2019-10-30
601901,2019-12-31,2020-04-25
601901,2020-03-31,2020-04-25
601901,2020-06-30,2020-08-29
601901,2020-09-30,2020-10-31
601901,2020-12-31,2021-04-30
601901,2021-03-31,2021-04-30
601901,2021-06-30,2021-08-31
601901,2021-09-30,2021-10-30
601901,2021-12-31,2022-03-31
601901,2022-03-31,2022-04-29
601901,2022-06-30,2022-08-23
601901,2022-09-30,2022-10-28
601901,2022-12-31,2023-02-28
601901,2023-03-31,2023-04-25
601901,2023-06-30,2023-08-25
601901,2023-09-30,2023-10-27
601901,2023-12-31,2024-03-20
601901,2024-03-31,2024-04-23
601901,2024-06-30,2024-08-23
601901,2024-09-30,2024-10-30
601901,2024-12-31,2025-03-29
601901,2025-03-31,2025-04-30
601901,2025-06-30,2025-08-30
601901,2025-09-30,2025-10-31
601901,2025-12-31,2026-03-31
601901,2026-03-31,2026-04-30
601901,2026-06-30,2026-08-29
300803,2019-12-31,2020-04-29
300803,2020-03-31,2020-04-29
300803,2020-06-30,2020-08-27
300803,2020-09-30,2020-10-30
300803,2020-12-31,2021-04-26
300803,2021-03-31,2021-04-26
300803,2021-06-30,2021-08-30
300803,2021-09-30,2021-10-29
300803,2021-12-31,2022-01-25
300803,2022-03-31,2022-04-15
300803,2022-06-30,2022-08-20
300803,2022-09-30,2022-10-25
300803,2022-12-31,2023-04-25
300803,2023-03-31,2023-04-25
300803,2023-06-30,2023-08-29
300803,2023-09-30,2023-10-26
300803,2023-12-31,2024-01-27
300803,2024-03-31,2024-04-27
300803,2024-06-30,2024-08-30
300803,2024-09-30,2024-10-31
300803,2024-12-31,2025-01-25
300803,2025-03-31,2025-04-26
300803,2025-06-30,2025-08-28
300803,2025-09-30,2025-10-25
300803,2025-12-31,2026-01-31
300803,2026-03-31,2026-04-25
300803,2026-06-30,2026-08-27
600438,2015-03-31,2015-04-28
600438,2015-06-30,2015-08-18
600438,2015-09-30,2015-10-28
600438,2015-12-31,2016-04-12
600438,2016-03-31,2016-04-30
600438,2016-06-30,2016-08-30
600438,2016-09-30,2016-10-31
600438,2016-12-31,2017-04-15
600438,2017-03-31,2017-04-25
600438,2017-06-30,2017-08-22
600438,2017-09-30,2017-10-23
600438,2017-12-31,2018-03-30
600438,2018-03-31,2018-04-18
600438,2018-06-30,2018-08-18
600438,2018-09-30,2018-10-27
600438,2018-12-31,2019-04-18
600438,2019-03-31,2019-04-18
600438,2019-06-30,2019-08-15
600438,2019-09-30,2019-10-25
600438,2019-12-31,2020-04-21
600438,2020-03-31,2020-04-21
600438,2020-06-30,2020-08-08
600438,2020-09-30,2020-10-23
600438,2020-12-31,2021-04-13
600438,2021-03-31,2021-04-13
600438,2021-06-30,2021-08-18
600438,2021-09-30,2021-10-26
600438,2021-12-31,2022-04-26
600438,2022-03-31,2022-04-26
600438,2022-06-30,2022-08-18
600438,2022-09-30,2022-10-26
600438,2022-12-31,2023-04-25
600438,2023-03-31,2023-04-25
600438,2023-06-30,2023-08-22
600438,2023-09-30,2023-10-26
600438,2023-12-31,2024-04-30
600438,2024-03-31,2024-04-30
600438,2024-06-30,2024-08-31
600438,2024-09-30,2024-10-31
600438,2024-12-31,2025-04-30
600438,2025-03-31,2025-04-30
600438,2025-06-30,2025-08-23
600438,2025-09-30,2025-10-25
600438,2025-12-31,2026-04-30
600438,2026-03-31,2026-04-30
600438,2026-06-30,2026-08-27
002074,2015-03-31,2015-04-28
002074,2015-06-30,2015-08-28
002074,2015-09-30,2015-10-29
002074,2015-12-31,2016-03-31
002074,2016-03-31,2016-04-27
002074,2016-06-30,2016-08-23
002074,2016-09-30,2016-10-27
002074,2016-12-31,2017-03-18
002074,2017-03-31,2017-04-26
002074,2017-06-30,2017-08-30
002074,2017-09-30,2017-10-27
002074,2017-12-31,2018-04-26
002074,2018-03-31,2018-04-26
002074,2018-06-30,2018-08-30
002074,2018-09-30,2018-10-26
002074,2018-12-31,2019-04-30
002074,2019-03-31,2019-04-30
002074,2019-06-30,2019-08-29
002074,2019-09-30,2019-10-30
002074,2019-12-31,2020-04-30
002074,2020-03-31,2020-04-30
002074,2020-06-30,2020-08-28
002074,2020-09-30,2020-10-27
002074,2020-12-31,2021-04-22
002074,2021-03-31,2021-04-22
002074,2021-06-30,2021-08-28
002074,2021-09-30,2021-10-29
002074,2021-12-31,2022-04-29
002074,2022-03-31,2022-04-29
002074,2022-06-30,2022-08-27
002074,2022-09-30,2022-10-27
002074,2022-12-31,2023-04-28
002074,2023-03-31,2023-04-28
002074,2023-06-30,2023-08-30
002074,2023-09-30,2023-10-28
002074,2023-12-31,2024-04-20
002074,2024-03-31,2024-04-20
002074,2024-06-30,2024-08-29
002074,2024-09-30,2024-10-30
002074,2024-12-31,2025-04-25
002074,2025-03-31,2025-04-25
002074,2025-06-30,2025-08-30
002074,2025-09-30,2025-10-25
002074,2025-12-31,2026-04-29
002074,2026-03-31,2026-04-29
002074,2026-06-30,2026-08-25
600362,2015-03-31,2015-04-28
600362,2015-06-30,2015-08-26
600362,2015-09-30,2015-10-28
600362,2015-12-31,2016-03-23
600362,2016-03-31,2016-04-29
600362,2016-06-30,2016-08-24
600362,2016-09-30,2016-10-26
600362,2016-12-31,2017-03-30
600362,2017-03-31,2017-04-29
600362,2017-06-30,2017-08-30
600362,2017-09-30,2017-10-27
600362,2017-12-31,2018-03-29
600362,2018-03-31,2018-04-28
600362,2018-06-30,2018-08-29
600362,2018-09-30,2018-10-30
600362,2018-12-31,2019-03-28
600362,2019-03-31,2019-04-30
600362,2019-06-30,2019-08-30
600362,2019-09-30,2019-10-30
600362,2019-12-31,2020-03-31
600362,2020-03-31,2020-04-29
600362,2020-06-30,2020-08-29
600362,2020-09-30,2020-10-31
600362,2020-12-31,2021-03-30
600362,2021-03-31,2021-04-28
600362,2021-06-30,2021-08-28
600362,2021-09-30,2021-10-29
600362,2021-12-31,2022-03-26
600362,2022-03-31,2022-04-29
600362,2022-06-30,2022-08-26
600362,2022-09-30,2022-10-28
600362,2022-12-31,2023-03-25
600362,2023-03-31,2023-04-25
600362,2023-06-30,2023-08-26
600362,2023-09-30,2023-10-28
600362,2023-12-31,2024-03-28
600362,2024-03-31,2024-04-27
600362,2024-06-30,2024-08-29
600362,2024-09-30,2024-10-30
600362,2024-12-31,2025-03-28
600362,2025-03-31,2025-04-29
600362,2025-06-30,2025-08-29
600362,2025-09-30,2025-10-29
600362,2025-12-31,2026-03-27
600362,2026-03-31,2026-04-29
600362,2026-06-30,2026-08-26
600809,2015-03-31,2015-04-28
600809,2015-06-30,2015-08-18
600809,2015-09-30,2015-10-22
600809,2015-12-31,2016-04-26
600809,2016-03-31,2016-04-26
600809,2016-06-30,2016-08-16
600809,2016-09-30,2016-10-28
600809,2016-12-31,2017-04-28
600809,2017-03-31,2017-04-28
600809,2017-06-30,2017-08-26
600809,2017-09-30,2017-10-26
600809,2017-12-31,2018-04-27
600809,2018-03-31,2018-04-27
600809,2018-06-30,2018-08-28
600809,2018-09-30,2018-10-26
600809,2018-12-31,2019-04-27
600809,2019-03-31,2019-04-27
600809,2019-06-30,2019-08-27
600809,2019-09-30,2019-10-26
600809,2019-12-31,2020-04-28
600809,2020-03-31,2020-04-28
600809,2020-06-30,2020-08-25
600809,2020-09-30,2020-10-30
600809,2020-12-31,2021-04-27
600809,2021-03-31,2021-04-27
600809,2021-06-30,2021-08-27
600809,2021-09-30,2021-10-29
600809,2021-12-31,2022-04-28
600809,2022-03-31,2022-04-28
600809,2022-06-30,2022-08-26
600809,2022-09-30,2022-10-28
600809,2022-12-31,2023-04-28
600809,2023-03-31,2023-04-28
600809,2023-06-30,2023-08-25
600809,2023-09-30,2023-10-27
600809,2023-12-31,2024-04-26
600809,2024-03-31,2024-04-26
600809,2024-06-30,2024-08-28
600809,2024-09-30,2024-10-31
600809,2024-12-31,2025-04-30
600809,2025-03-31,2025-04-30
600809,2025-06-30,2025-08-29
600809,2025-09-30,2025-10-31
600809,2025-12-31,2026-04-23
600809,2026-03-31,2026-04-30
600809,2026-06-30,2026-08-31
600160,2015-03-31,2015-04-30
600160,2015-06-30,2015-08-21
600160,2015-09-30,2015-10-13
600160,2015-12-31,2016-04-23
600160,2016-03-31,2016-04-23
600160,2016-06-30,2016-08-26
600160,2016-09-30,2016-10-26
600160,2016-12-31,2017-04-20
600160,2017-03-31,2017-04-28
600160,2017-06-30,2017-08-25
600160,2017-09-30,2017-10-26
600160,2017-12-31,2018-04-20
600160,2018-03-31,2018-04-27
600160,2018-06-30,2018-08-25
600160,2018-09-30,2018-10-27
600160,2018-12-31,2019-04-19
600160,2019-03-31,2019-04-26
600160,2019-06-30,2019-08-23
600160,2019-09-30,2019-10-25
600160,2019-12-31,2020-04-23
600160,2020-03-31,2020-04-28
600160,2020-06-30,2020-08-21
600160,2020-09-30,2020-10-30
600160,2020-12-31,2021-03-23
600160,2021-03-31,2021-04-30
600160,2021-06-30,2021-08-26
600160,2021-09-30,2021-10-29
600160,2021-12-31,2022-04-22
600160,2022-03-31,2022-04-29
600160,2022-06-30,2022-08-26
600160,2022-09-30,2022-10-28
600160,2022-12-31,2023-04-21
600160,2023-03-31,2023-04-28
600160,2023-06-30,2023-08-25
600160,2023-09-30,2023-10-27
600160,2023-12-31,2024-04-18
600160,2024-03-31,2024-04-26
600160,2024-06-30,2024-08-23
600160,2024-09-30,2024-10-25
600160,2024-12-31,2025-04-25
600160,2025-03-31,2025-04-29
600160,2025-06-30,2025-08-28
600160,2025-09-30,2025-10-24
600160,2025-12-31,2026-04-23
600160,2026-03-31,2026-04-29
600160,2026-06-30,2026-08-26
300433,2015-03-31,2015-04-25
300433,2015-06-30,2015-08-26
300433,2015-09-30,2015-10-24
300433,2015-12-31,2016-04-23
300433,2016-03-31,2016-04-29
300433,2016-06-30,2016-08-26
300433,2016-09-30,2016-10-29
300433,2016-12-31,2017-04-20
300433,2017-03-31,2017-04-26
300433,2017-06-30,2017-08-12
300433,2017-09-30,2017-10-27
300433,2017-12-31,2018-04-24
300433,2018-03-31,2018-04-27
300433,2018-06-30,2018-08-30
300433,2018-09-30,2018-10-29
300433,2018-12-31,2019-04-26
300433,2019-03-31,2019-04-26
300433,2019-06-30,2019-08-30
300433,2019-09-30,2019-10-22
300433,2019-12-31,2020-04-28
300433,2020-03-31,2020-04-30
300433,2020-06-30,2020-08-18
300433,2020-09-30,2020-10-27
300433,2020-12-31,2021-04-26
300433,2021-03-31,2021-04-28
300433,2021-06-30,2021-08-21
300433,2021-09-30,2021-10-26
300433,2021-12-31,2022-04-23
300433,2022-03-31,2022-04-23
300433,2022-06-30,2022-08-26
300433,2022-09-30,2022-10-28
300433,2022-12-31,2023-04-24
300433,2023-03-31,2023-04-25
300433,2023-06-30,2023-08-19
300433,2023-09-30,2023-10-19
300433,2023-12-31,2024-04-22
300433,2024-03-31,2024-04-24
300433,2024-06-30,2024-08-26
300433,2024-09-30,2024-10-21
300433,2024-12-31,2025-03-28
300433,2025-03-31,2025-04-18
300433,2025-06-30,2025-08-26
300433,2025-09-30,2025-10-29
300433,2025-12-31,2026-03-31
300433,2026-03-31,2026-04-16
300433,2026-06-30,2026-08-22
001965,2017-12-31,2018-04-10
001965,2018-03-31,2018-04-26
001965,2018-06-30,2018-08-28
001965,2018-09-30,2018-10-30
001965,2018-12-31,2019-04-10
001965,2019-03-31,2019-04-30
001965,2019-06-30,2019-08-29
001965,2019-09-30,2019-10-30
001965,2019-12-31,2020-04-18
001965,2020-03-31,2020-04-29
001965,2020-06-30,2020-08-29
001965,2020-09-30,2020-10-30
001965,2020-12-31,2021-04-06
001965,2021-03-31,2021-04-29
001965,2021-06-30,2021-08-30
001965,2021-09-30,2021-10-30
001965,2021-12-31,2022-04-02
001965,2022-03-31,2022-04-27
001965,2022-06-30,2022-08-29
001965,2022-09-30,2022-10-31
001965,2022-12-31,2023-04-04
001965,2023-03-31,2023-04-28
001965,2023-06-30,2023-08-29
001965,2023-09-30,2023-10-31
001965,2023-12-31,2024-04-03
001965,2024-03-31,2024-04-29
001965,2024-06-30,2024-08-30
001965,2024-09-30,2024-10-31
001965,2024-12-31,2025-04-03
001965,2025-03-31,2025-04-29
001965,2025-06-30,2025-08-29
001965,2025-09-30,2025-10-27
001965,2025-12-31,2026-04-03
001965,2026-03-31,2026-04-25
001965,2026-06-30,2026-08-25
002049,2015-03-31,2015-04-22
002049,2015-06-30,2015-08-18
002049,2015-09-30,2015-10-24
002049,2015-12-31,2016-04-12
002049,2016-03-31,2016-04-21
002049,2016-06-30,2016-08-18
002049,2016-09-30,2016-10-25
002049,2016-12-31,2017-03-25
002049,2017-03-31,2017-04-22
002049,2017-06-30,2017-08-22
002049,2017-09-30,2017-10-24
002049,2017-12-31,2018-03-30
002049,2018-03-31,2018-04-21
002049,2018-06-30,2018-08-24
002049,2018-09-30,2018-10-27
002049,2018-12-31,2019-04-11
002049,2019-03-31,2019-04-24
002049,2019-06-30,2019-08-22
002049,2019-09-30,2019-10-24
002049,2019-12-31,2020-04-02
002049,2020-03-31,2020-04-24
002049,2020-06-30,2020-08-20
002049,2020-09-30,2020-10-21
002049,2020-12-31,2021-04-22
002049,2021-03-31,2021-04-30
002049,2021-06-30,2021-08-25
002049,2021-09-30,2021-10-26
002049,2021-12-31,2022-04-21
002049,2022-03-31,2022-04-26
002049,2022-06-30,2022-08-23
002049,2022-09-30,2022-10-28
002049,2022-12-31,2023-03-30
002049,2023-03-31,2023-04-25
002049,2023-06-30,2023-08-24
002049,2023-09-30,2023-10-28
002049,2023-12-31,2024-04-18
002049,2024-03-31,2024-04-26
002049,2024-06-30,2024-08-23
002049,2024-09-30,2024-10-30
002049,2024-12-31,2025-04-23
002049,2025-03-31,2025-04-29
002049,2025-06-30,2025-08-19
002049,2025-09-30,2025-10-28
002049,2025-12-31,2026-04-21
002049,2026-03-31,2026-04-28
002049,2026-06-30,2026-08-15
601727,2015-03-31,2015-04-25
601727,2015-06-30,2015-08-29
601727,2015-09-30,2015-10-31
601727,2015-12-31,2016-03-31
601727,2016-03-31,2016-04-30
601727,2016-06-30,2016-08-27
601727,2016-09-30,2016-10-31
601727,2016-12-31,2017-03-18
601727,2017-03-31,2017-04-22
601727,2017-06-30,2017-08-31
601727,2017-09-30,2017-10-31
601727,2017-12-31,2018-03-30
601727,2018-03-31,2018-04-28
601727,2018-06-30,2018-08-31
601727,2018-09-30,2018-10-31
601727,2018-12-31,2019-03-30
601727,2019-03-31,2019-04-30
601727,2019-06-30,2019-08-31
601727,2019-09-30,2019-10-30
601727,2019-12-31,2020-04-16
601727,2020-03-31,2020-04-30
601727,2020-06-30,2020-08-29
601727,2020-09-30,2020-10-27
601727,2020-12-31,2021-03-27
601727,2021-03-31,2021-04-30
601727,2021-06-30,2021-08-28
601727,2021-09-30,2021-10-29
601727,2021-12-31,2022-04-19
601727,2022-03-31,2022-04-30
601727,2022-06-30,2022-08-30
601727,2022-09-30,2022-10-29
601727,2022-12-31,2023-03-30
601727,2023-03-31,2023-04-26
601727,2023-06-30,2023-08-31
601727,2023-09-30,2023-10-31
601727,2023-12-31,2024-03-29
601727,2024-03-31,2024-04-30
601727,2024-06-30,2024-08-31
601727,2024-09-30,2024-10-31
601727,2024-12-31,2025-03-29
601727,2025-03-31,2025-04-29
601727,2025-06-30,2025-08-30
601727,2025-09-30,2025-10-31
601727,2025-12-31,2026-03-31
601727,2026-03-31,2026-04-30
601727,2026-06-30,2026-08-31
002920,2017-12-31,2018-04-04
002920,2018-03-31,2018-04-25
002920,2018-06-30,2018-08-20
002920,2018-09-30,2018-10-25
002920,2018-12-31,2019-04-09
002920,2019-03-31,2019-04-30
002920,2019-06-30,2019-08-20
002920,2019-09-30,2019-10-29
002920,2019-12-31,2020-04-28
002920,2020-03-31,2020-04-30
002920,2020-06-30,2020-08-14
002920,2020-09-30,2020-10-27
002920,2020-12-31,2021-04-14
002920,2021-03-31,2021-04-15
002920,2021-06-30,2021-08-24
002920,2021-09-30,2021-10-29
002920,2021-12-31,2022-04-15
002920,2022-03-31,2022-04-18
002920,2022-06-30,2022-08-19
002920,2022-09-30,2022-10-26
002920,2022-12-31,2023-03-30
002920,2023-03-31,2023-04-27
002920,2023-06-30,2023-08-17
002920,2023-09-30,2023-10-25
002920,2023-12-31,2024-03-28
002920,2024-03-31,2024-04-19
002920,2024-06-30,2024-08-21
002920,2024-09-30,2024-10-31
002920,2024-12-31,2025-03-15
002920,2025-03-31,2025-04-24
002920,2025-06-30,2025-08-12
002920,2025-09-30,2025-10-28
002920,2025-12-31,2026-03-06
002920,2026-03-31,2026-04-28
002920,2026-06-30,2026-08-14
001391,2024-12-31,2025-04-09
001391,2025-03-31,2025-04-29
001391,2025-06-30,2025-08-27
001391,2025-09-30,2025-10-28
001391,2025-12-31,2026-04-10
001391,2026-03-31,2026-04-29
001391,2026-06-30,2026-08-27
600015,2015-03-31,2015-04-30
600015,2015-06-30,2015-08-08
600015,2015-09-30,2015-10-31
600015,2015-12-31,2016-04-19
600015,2016-03-31,2016-04-30
600015,2016-06-30,2016-08-11
600015,2016-09-30,2016-10-31
600015,2016-12-31,2017-04-29
600015,2017-03-31,2017-04-29
600015,2017-06-30,2017-08-11
600015,2017-09-30,2017-10-31
600015,2017-12-31,2018-04-20
600015,2018-03-31,2018-04-28
600015,2018-06-30,2018-08-20
600015,2018-09-30,2018-10-31
600015,2018-12-31,2019-04-19
600015,2019-03-31,2019-04-30
600015,2019-06-30,2019-08-13
600015,2019-09-30,2019-10-31
600015,2019-12-31,2020-04-17
600015,2020-03-31,2020-04-30
600015,2020-06-30,2020-08-31
600015,2020-09-30,2020-10-31
600015,2020-12-31,2021-04-30
600015,2021-03-31,2021-04-30
600015,2021-06-30,2021-08-31
600015,2021-09-30,2021-10-30
600015,2021-12-31,2022-04-30
600015,2022-03-31,2022-04-30
600015,2022-06-30,2022-08-30
600015,2022-09-30,2022-10-29
600015,2022-12-31,2023-04-28
600015,2023-03-31,2023-04-28
600015,2023-06-30,2023-08-26
600015,2023-09-30,2023-10-28
600015,2023-12-31,2024-04-30
600015,2024-03-31,2024-04-30
600015,2024-06-30,2024-08-31
600015,2024-09-30,2024-10-31
600015,2024-12-31,2025-04-18
600015,2025-03-31,2025-04-30
600015,2025-06-30,2025-08-29
600015,2025-09-30,2025-10-24
600015,2025-12-31,2026-03-31
600015,2026-03-31,2026-04-30
600015,2026-06-30,2026-08-29
600029,2015-03-31,2015-04-23
600029,2015-06-30,2015-08-29
600029,2015-09-30,2015-10-31
600029,2015-12-31,2016-03-31
600029,2016-03-31,2016-04-30
600029,2016-06-30,2016-08-30
600029,2016-09-30,2016-10-29
600029,2016-12-31,2017-03-31
600029,2017-03-31,2017-04-29
600029,2017-06-30,2017-08-30
600029,2017-09-30,2017-10-31
600029,2017-12-31,2018-03-27
600029,2018-03-31,2018-04-28
600029,2018-06-30,2018-08-29
600029,2018-09-30,2018-10-31
600029,2018-12-31,2019-03-30
600029,2019-03-31,2019-04-30
600029,2019-06-30,2019-08-28
600029,2019-09-30,2019-10-31
600029,2019-12-31,2020-03-31
600029,2020-03-31,2020-04-30
600029,2020-06-30,2020-08-29
600029,2020-09-30,2020-10-31
600029,2020-12-31,2021-03-31
600029,2021-03-31,2021-04-30
600029,2021-06-30,2021-08-28
600029,2021-09-30,2021-10-30
600029,2021-12-31,2022-03-31
600029,2022-03-31,2022-04-29
600029,2022-06-30,2022-08-31
600029,2022-09-30,2022-10-29
600029,2022-12-31,2023-03-29
600029,2023-03-31,2023-04-29
600029,2023-06-30,2023-08-30
600029,2023-09-30,2023-10-28
600029,2023-12-31,2024-03-28
600029,2024-03-31,2024-04-30
600029,2024-06-30,2024-08-30
600029,2024-09-30,2024-10-29
600029,2024-12-31,2025-03-27
600029,2025-03-31,2025-04-30
600029,2025-06-30,2025-08-29
600029,2025-09-30,2025-10-28
600029,2025-12-31,2026-03-31
600029,2026-03-31,2026-04-30
600029,2026-06-30,2026-08-29
000538,2015-03-31,2015-04-30
000538,2015-06-30,2015-08-20
000538,2015-09-30,2015-10-31
000538,2015-12-31,2016-04-20
000538,2016-03-31,2016-04-27
000538,2016-06-30,2016-08-27
000538,2016-09-30,2016-10-28
000538,2016-12-31,2017-04-22
000538,2017-03-31,2017-04-29
000538,2017-06-30,2017-08-24
000538,2017-09-30,2017-10-31
000538,2017-12-31,2018-04-12
000538,2018-03-31,2018-04-28
000538,2018-06-30,2018-08-18
000538,2018-09-30,2018-10-27
000538,2018-12-31,2019-03-22
000538,2019-03-31,2019-04-30
000538,2019-06-30,2019-08-29
000538,2019-09-30,2019-10-29
000538,2019-12-31,2020-03-27
000538,2020-03-31,2020-04-29
000538,2020-06-30,2020-08-29
000538,2020-09-30,2020-10-30
000538,2020-12-31,2021-03-27
000538,2021-03-31,2021-04-28
000538,2021-06-30,2021-08-28
000538,2021-09-30,2021-10-28
000538,2021-12-31,2022-03-26
000538,2022-03-31,2022-04-29
000538,2022-06-30,2022-08-30
000538,2022-09-30,2022-10-28
000538,2022-12-31,2023-03-31
000538,2023-03-31,2023-04-27
000538,2023-06-30,2023-08-30
000538,2023-09-30,2023-10-31
000538,2023-12-31,2024-03-30
000538,2024-03-31,2024-04-27
000538,2024-06-30,2024-08-27
000538,2024-09-30,2024-10-30
000538,2024-12-31,2025-04-01
000538,2025-03-31,2025-04-29
000538,2025-06-30,2025-08-30
000538,2025-09-30,2025-10-31
000538,2025-12-31,2026-04-01
000538,2026-03-31,2026-04-30
000538,2026-06-30,2026-08-29
600011,2015-03-31,2015-04-22
600011,2015-06-30,2015-08-26
600011,2015-09-30,2015-10-21
600011,2015-12-31,2016-03-23
600011,2016-03-31,2016-04-27
600011,2016-06-30,2016-08-03
600011,2016-09-30,2016-10-26
600011,2016-12-31,2017-03-22
600011,2017-03-31,2017-04-26
600011,2017-06-30,2017-08-02
600011,2017-09-30,2017-10-25
600011,2017-12-31,2018-03-14
600011,2018-03-31,2018-04-25
600011,2018-06-30,2018-08-01
600011,2018-09-30,2018-10-24
600011,2018-12-31,2019-03-20
600011,2019-03-31,2019-04-26
600011,2019-06-30,2019-07-31
600011,2019-09-30,2019-10-23
600011,2019-12-31,2020-04-01
600011,2020-03-31,2020-04-22
600011,2020-06-30,2020-08-19
600011,2020-09-30,2020-10-28
600011,2020-12-31,2021-03-24
600011,2021-03-31,2021-04-28
600011,2021-06-30,2021-07-28
600011,2021-09-30,2021-10-27
600011,2021-12-31,2022-03-23
600011,2022-03-31,2022-04-27
600011,2022-06-30,2022-07-27
600011,2022-09-30,2022-10-26
600011,2022-12-31,2023-03-22
600011,2023-03-31,2023-04-26
600011,2023-06-30,2023-07-26
600011,2023-09-30,2023-10-25
600011,2023-12-31,2024-03-20
600011,2024-03-31,2024-04-24
600011,2024-06-30,2024-07-31
600011,2024-09-30,2024-10-30
600011,2024-12-31,2025-03-26
600011,2025-03-31,2025-04-29
600011,2025-06-30,2025-07-30
600011,2025-09-30,2025-10-29
600011,2025-12-31,2026-03-25
600011,2026-03-31,2026-04-29
600011,2026-06-30,2026-08-19
600039,2015-03-31,2015-04-30
600039,2015-06-30,2015-08-29
600039,2015-09-30,2015-10-31
600039,2015-12-31,2016-04-15
600039,2016-03-31,2016-04-30
600039,2016-06-30,2016-08-31
600039,2016-09-30,2016-10-29
600039,2016-12-31,2017-04-15
600039,2017-03-31,2017-04-29
600039,2017-06-30,2017-08-31
600039,2017-09-30,2017-10-31
600039,2017-12-31,2018-04-14
600039,2018-03-31,2018-04-28
600039,2018-06-30,2018-08-31
600039,2018-09-30,2018-10-31
600039,2018-12-31,2019-04-20
600039,2019-03-31,2019-04-30
600039,2019-06-30,2019-08-31
600039,2019-09-30,2019-10-31
600039,2019-12-31,2020-04-30
600039,2020-03-31,2020-04-30
600039,2020-06-30,2020-08-27
600039,2020-09-30,2020-10-30
600039,2020-12-31,2021-04-20
600039,2021-03-31,2021-04-29
600039,2021-06-30,2021-08-26
600039,2021-09-30,2021-10-29
600039,2021-12-31,2022-03-30
600039,2022-03-31,2022-04-29
600039,2022-06-30,2022-08-30
600039,2022-09-30,2022-10-29
600039,2022-12-31,2023-03-31
600039,2023-03-31,2023-04-29
600039,2023-06-30,2023-08-31
600039,2023-09-30,2023-10-31
600039,2023-12-31,2024-04-23
600039,2024-03-31,2024-04-30
600039,2024-06-30,2024-08-31
600039,2024-09-30,2024-10-31
600039,2024-12-31,2025-04-23
600039,2025-03-31,2025-04-30
600039,2025-06-30,2025-08-30
600039,2025-09-30,2025-10-31
600039,2025-12-31,2026-04-25
600039,2026-03-31,2026-04-30
600039,2026-06-30,2026-08-29
002475,2015-03-31,2015-04-23
002475,2015-06-30,2015-08-15
002475,2015-09-30,2015-10-16
002475,2015-12-31,2016-04-22
002475,2016-03-31,2016-04-29
002475,2016-06-30,2016-08-10
002475,2016-09-30,2016-10-20
002475,2016-12-31,2017-04-20
002475,2017-03-31,2017-04-26
002475,2017-06-30,2017-08-25
002475,2017-09-30,2017-10-21
002475,2017-12-31,2018-04-20
002475,2018-03-31,2018-04-25
002475,2018-06-30,2018-08-24
002475,2018-09-30,2018-10-20
002475,2018-12-31,2019-04-16
002475,2019-03-31,2019-04-23
002475,2019-06-30,2019-08-21
002475,2019-09-30,2019-10-22
002475,2019-12-31,2020-04-21
002475,2020-03-31,2020-04-28
002475,2020-06-30,2020-08-25
002475,2020-09-30,2020-10-28
002475,2020-12-31,2021-04-21
002475,2021-03-31,2021-04-28
002475,2021-06-30,2021-08-25
002475,2021-09-30,2021-10-28
002475,2021-12-31,2022-04-28
002475,2022-03-31,2022-04-28
002475,2022-06-30,2022-08-26
002475,2022-09-30,2022-10-29
002475,2022-12-31,2023-04-28
002475,2023-03-31,2023-04-28
002475,2023-06-30,2023-08-29
002475,2023-09-30,2023-10-21
002475,2023-12-31,2024-04-25
002475,2024-03-31,2024-04-25
002475,2024-06-30,2024-08-24
002475,2024-09-30,2024-10-26
002475,2024-12-31,2025-04-26
002475,2025-03-31,2025-04-26
002475,2025-06-30,2025-08-26
002475,2025-09-30,2025-10-31
002475,2025-12-31,2026-04-15
002475,2026-03-31,2026-04-29
002475,2026-06-30,2026-08-25
688271,2022-09-30,2022-10-29
688271,2022-12-31,2023-04-28
688271,2023-03-31,2023-04-28
688271,2023-06-30,2023-08-19
688271,2023-09-30,2023-10-28
688271,2023-12-31,2024-04-27
688271,2024-03-31,2024-04-27
688271,2024-06-30,2024-08-31
688271,2024-09-30,2024-10-31
688271,2024-12-31,2025-04-29
688271,2025-03-31,2025-04-29
688271,2025-06-30,2025-08-30
688271,2025-09-30,2025-10-30
688271,2025-12-31,2026-04-29
688271,2026-03-31,2026-04-29
688271,2026-06-30,2026-08-20
300999,2020-09-30,2020-10-31
300999,2020-12-31,2021-03-24
300999,2021-03-31,2021-04-30
300999,2021-06-30,2021-08-12
300999,2021-09-30,2021-10-30
300999,2021-12-31,2022-03-24
300999,2022-03-31,2022-04-30
300999,2022-06-30,2022-08-05
300999,2022-09-30,2022-10-29
300999,2022-12-31,2023-03-24
300999,2023-03-31,2023-04-29
300999,2023-06-30,2023-08-12
300999,2023-09-30,2023-10-27
300999,2023-12-31,2024-03-23
300999,2024-03-31,2024-04-30
300999,2024-06-30,2024-08-14
300999,2024-09-30,2024-10-31
300999,2024-12-31,2025-03-22
300999,2025-03-31,2025-04-30
300999,2025-06-30,2025-08-13
300999,2025-09-30,2025-10-31
300999,2025-12-31,2026-04-18
300999,2026-03-31,2026-04-30
300999,2026-06-30,2026-08-13
300033,2015-03-31,2015-04-15
300033,2015-06-30,2015-08-26
300033,2015-09-30,2015-10-22
300033,2015-12-31,2016-02-05
300033,2016-03-31,2016-04-22
300033,2016-06-30,2016-08-23
300033,2016-09-30,2016-10-26
300033,2016-12-31,2017-02-10
300033,2017-03-31,2017-04-27
300033,2017-06-30,2017-08-21
300033,2017-09-30,2017-10-30
300033,2017-12-31,2018-02-28
300033,2018-03-31,2018-04-26
300033,2018-06-30,2018-08-21
300033,2018-09-30,2018-10-26
300033,2018-12-31,2019-02-26
300033,2019-03-31,2019-04-26
300033,2019-06-30,2019-08-24
300033,2019-09-30,2019-10-28
300033,2019-12-31,2020-02-25
300033,2020-03-31,2020-04-28
300033,2020-06-30,2020-08-25
300033,2020-09-30,2020-10-24
300033,2020-12-31,2021-03-02
300033,2021-03-31,2021-04-27
300033,2021-06-30,2021-08-21
300033,2021-09-30,2021-10-27
300033,2021-12-31,2022-03-01
300033,2022-03-31,2022-04-26
300033,2022-06-30,2022-08-26
300033,2022-09-30,2022-10-22
300033,2022-12-31,2023-02-28
300033,2023-03-31,2023-04-25
300033,2023-06-30,2023-07-29
300033,2023-09-30,2023-10-21
300033,2023-12-31,2024-02-27
300033,2024-03-31,2024-04-24
300033,2024-06-30,2024-08-24
300033,2024-09-30,2024-10-24
300033,2024-12-31,2025-02-25
300033,2025-03-31,2025-04-25
300033,2025-06-30,2025-08-23
300033,2025-09-30,2025-10-23
300033,2025-12-31,2026-03-10
300033,2026-03-31,2026-04-23
300033,2026-06-30,2026-08-22
600549,2015-03-31,2015-04-24
600549,2015-06-30,2015-08-27
600549,2015-09-30,2015-10-30
600549,2015-12-31,2016-04-28
600549,2016-03-31,2016-04-28
600549,2016-06-30,2016-08-18
600549,2016-09-30,2016-10-21
600549,2016-12-31,2017-04-27
600549,2017-03-31,2017-04-27
600549,2017-06-30,2017-08-10
600549,2017-09-30,2017-10-17
600549,2017-12-31,2018-03-30
600549,2018-03-31,2018-04-25
600549,2018-06-30,2018-08-25
600549,2018-09-30,2018-10-23
600549,2018-12-31,2019-04-13
600549,2019-03-31,2019-04-20
600549,2019-06-30,2019-08-23
600549,2019-09-30,2019-10-19
600549,2019-12-31,2020-04-17
600549,2020-03-31,2020-04-17
600549,2020-06-30,2020-08-22
600549,2020-09-30,2020-10-30
600549,2020-12-31,2021-03-31
600549,2021-03-31,2021-04-24
600549,2021-06-30,2021-08-26
600549,2021-09-30,2021-10-29
600549,2021-12-31,2022-03-31
600549,2022-03-31,2022-04-27
600549,2022-06-30,2022-08-26
600549,2022-09-30,2022-10-27
600549,2022-12-31,2023-04-22
600549,2023-03-31,2023-04-22
600549,2023-06-30,2023-08-26
600549,2023-09-30,2023-10-25
600549,2023-12-31,2024-04-19
600549,2024-03-31,2024-04-19
600549,2024-06-30,2024-08-23
600549,2024-09-30,2024-10-26
600549,2024-12-31,2025-04-26
600549,2025-03-31,2025-04-26
600549,2025-06-30,2025-08-22
600549,2025-09-30,2025-10-25
600549,2025-12-31,2026-04-24
600549,2026-03-31,2026-04-24
600549,2026-06-30,2026-08-21
600415,2015-03-31,2015-04-30
600415,2015-06-30,2015-08-31
600415,2015-09-30,2015-10-22
600415,2015-12-31,2016-03-30
600415,2016-03-31,2016-04-21
600415,2016-06-30,2016-08-27
600415,2016-09-30,2016-10-18
600415,2016-12-31,2017-03-30
600415,2017-03-31,2017-04-29
600415,2017-06-30,2017-08-26
600415,2017-09-30,2017-10-17
600415,2017-12-31,2018-04-11
600415,2018-03-31,2018-04-21
600415,2018-06-30,2018-08-22
600415,2018-09-30,2018-10-20
600415,2018-12-31,2019-04-26
600415,2019-03-31,2019-04-26
600415,2019-06-30,2019-08-10
600415,2019-09-30,2019-10-30
600415,2019-12-31,2020-04-30
600415,2020-03-31,2020-04-30
600415,2020-06-30,2020-08-15
600415,2020-09-30,2020-10-24
600415,2020-12-31,2021-04-30
600415,2021-03-31,2021-04-30
600415,2021-06-30,2021-08-11
600415,2021-09-30,2021-10-28
600415,2021-12-31,2022-03-22
600415,2022-03-31,2022-04-15
600415,2022-06-30,2022-08-18
600415,2022-09-30,2022-10-20
600415,2022-12-31,2023-04-12
600415,2023-03-31,2023-04-12
600415,2023-06-30,2023-08-19
600415,2023-09-30,2023-10-20
600415,2023-12-31,2024-04-17
600415,2024-03-31,2024-04-17
600415,2024-06-30,2024-08-16
600415,2024-09-30,2024-10-15
600415,2024-12-31,2025-03-27
600415,2025-03-31,2025-04-08
600415,2025-06-30,2025-08-18
600415,2025-09-30,2025-10-15
600415,2025-12-31,2026-04-09
600415,2026-03-31,2026-04-23
600415,2026-06-30,2026-08-26
600372,2015-03-31,2015-04-24
600372,2015-06-30,2015-08-27
600372,2015-09-30,2015-10-28
600372,2015-12-31,2016-03-30
600372,2016-03-31,2016-04-29
600372,2016-06-30,2016-08-26
600372,2016-09-30,2016-10-28
600372,2016-12-31,2017-03-16
600372,2017-03-31,2017-04-28
600372,2017-06-30,2017-08-31
600372,2017-09-30,2017-10-27
600372,2017-12-31,2018-03-17
600372,2018-03-31,2018-04-27
600372,2018-06-30,2018-08-25
600372,2018-09-30,2018-10-26
600372,2018-12-31,2019-03-21
600372,2019-03-31,2019-04-26
600372,2019-06-30,2019-08-24
600372,2019-09-30,2019-10-25
600372,2019-12-31,2020-03-31
600372,2020-03-31,2020-04-24
600372,2020-06-30,2020-08-22
600372,2020-09-30,2020-10-23
600372,2020-12-31,2021-03-31
600372,2021-03-31,2021-04-30
600372,2021-06-30,2021-08-28
600372,2021-09-30,2021-10-30
600372,2021-12-31,2022-03-31
600372,2022-03-31,2022-04-30
600372,2022-06-30,2022-08-31
600372,2022-09-30,2022-10-29
600372,2022-12-31,2023-03-16
600372,2023-03-31,2023-04-29
600372,2023-06-30,2023-08-23
600372,2023-09-30,2023-10-25
600372,2023-12-31,2024-03-16
600372,2024-03-31,2024-04-27
600372,2024-06-30,2024-08-28
600372,2024-09-30,2024-10-30
600372,2024-12-31,2025-03-29
600372,2025-03-31,2025-04-29
600372,2025-06-30,2025-08-30
600372,2025-09-30,2025-10-30
600372,2025-12-31,2026-03-28
600372,2026-03-31,2026-04-28
600372,2026-06-30,2026-08-27
601939,2015-03-31,2015-04-30
601939,2015-06-30,2015-08-31
601939,2015-09-30,2015-10-30
601939,2015-12-31,2016-03-31
601939,2016-03-31,2016-04-30
601939,2016-06-30,2016-08-26
601939,2016-09-30,2016-10-28
601939,2016-12-31,2017-03-30
601939,2017-03-31,2017-04-28
601939,2017-06-30,2017-08-31
601939,2017-09-30,2017-10-27
601939,2017-12-31,2018-03-28
601939,2018-03-31,2018-04-27
601939,2018-06-30,2018-08-29
601939,2018-09-30,2018-10-24
601939,2018-12-31,2019-03-28
601939,2019-03-31,2019-04-30
601939,2019-06-30,2019-08-29
601939,2019-09-30,2019-10-31
601939,2019-12-31,2020-03-30
601939,2020-03-31,2020-04-29
601939,2020-06-30,2020-08-31
601939,2020-09-30,2020-10-30
601939,2020-12-31,2021-03-27
601939,2021-03-31,2021-04-29
601939,2021-06-30,2021-08-28
601939,2021-09-30,2021-10-30
601939,2021-12-31,2022-03-30
601939,2022-03-31,2022-04-30
601939,2022-06-30,2022-08-31
601939,2022-09-30,2022-10-29
601939,2022-12-31,2023-03-30
601939,2023-03-31,2023-04-29
601939,2023-06-30,2023-08-24
601939,2023-09-30,2023-10-27
601939,2023-12-31,2024-03-29
601939,2024-03-31,2024-04-30
601939,2024-06-30,2024-08-31
601939,2024-09-30,2024-10-31
601939,2024-12-31,2025-03-29
601939,2025-03-31,2025-04-30
601939,2025-06-30,2025-08-30
601939,2025-09-30,2025-10-31
601939,2025-12-31,2026-03-28
601939,2026-03-31,2026-04-30
601939,2026-06-30,2026-08-29
688072,2022-06-30,2022-08-27
688072,2022-09-30,2022-10-29
688072,2022-12-31,2023-04-18
688072,2023-03-31,2023-04-21
688072,2023-06-30,2023-08-29
688072,2023-09-30,2023-10-30
688072,2023-12-31,2024-04-30
688072,2024-03-31,2024-04-30
688072,2024-06-30,2024-08-28
688072,2024-09-30,2024-10-29
688072,2024-12-31,2025-04-25
688072,2025-03-31,2025-04-30
688072,2025-06-30,2025-08-26
688072,2025-09-30,2025-10-31
688072,2025-12-31,2026-04-28
688072,2026-03-31,2026-04-28
688072,2026-06-30,2026-08-21
002460,2015-03-31,2015-04-24
002460,2015-06-30,2015-08-24
002460,2015-09-30,2015-10-29
002460,2015-12-31,2016-04-12
002460,2016-03-31,2016-04-26
002460,2016-06-30,2016-08-23
002460,2016-09-30,2016-10-25
002460,2016-12-31,2017-04-12
002460,2017-03-31,2017-04-28
002460,2017-06-30,2017-08-24
002460,2017-09-30,2017-10-25
002460,2017-12-31,2018-04-02
002460,2018-03-31,2018-04-24
002460,2018-06-30,2018-08-21
002460,2018-09-30,2018-10-30
002460,2018-12-31,2019-03-29
002460,2019-03-31,2019-04-30
002460,2019-06-30,2019-08-29
002460,2019-09-30,2019-10-29
002460,2019-12-31,2020-04-24
002460,2020-03-31,2020-04-30
002460,2020-06-30,2020-08-26
002460,2020-09-30,2020-10-30
002460,2020-12-31,2021-03-31
002460,2021-03-31,2021-04-29
002460,2021-06-30,2021-08-31
002460,2021-09-30,2021-10-27
002460,2021-12-31,2022-03-31
002460,2022-03-31,2022-04-27
002460,2022-06-30,2022-08-31
002460,2022-09-30,2022-10-31
002460,2022-12-31,2023-03-30
002460,2023-03-31,2023-04-28
002460,2023-06-30,2023-08-30
002460,2023-09-30,2023-10-31
002460,2023-12-31,2024-03-29
002460,2024-03-31,2024-04-30
002460,2024-06-30,2024-08-29
002460,2024-09-30,2024-10-31
002460,2024-12-31,2025-03-29
002460,2025-03-31,2025-04-30
002460,2025-06-30,2025-08-23
002460,2025-09-30,2025-10-29
002460,2025-12-31,2026-03-31
002460,2026-03-31,2026-04-30
002460,2026-06-30,2026-08-29
600010,2015-03-31,2015-04-29
600010,2015-06-30,2015-08-28
600010,2015-09-30,2015-10-30
600010,2015-12-31,2016-04-20
600010,2016-03-31,2016-04-30
600010,2016-06-30,2016-08-26
600010,2016-09-30,2016-10-29
600010,2016-12-31,2017-04-21
600010,2017-03-31,2017-04-28
600010,2017-06-30,2017-08-24
600010,2017-09-30,2017-10-27
600010,2017-12-31,2018-04-20
600010,2018-03-31,2018-04-27
600010,2018-06-30,2018-08-29
600010,2018-09-30,2018-10-31
600010,2018-12-31,2019-04-19
600010,2019-03-31,2019-04-30
600010,2019-06-30,2019-08-28
600010,2019-09-30,2019-10-30
600010,2019-12-31,2020-04-30
600010,2020-03-31,2020-04-30
600010,2020-06-30,2020-08-31
600010,2020-09-30,2020-10-30
600010,2020-12-31,2021-04-30
600010,2021-03-31,2021-04-30
600010,2021-06-30,2021-08-27
600010,2021-09-30,2021-10-30
600010,2021-12-31,2022-04-15
600010,2022-03-31,2022-04-28
600010,2022-06-30,2022-08-26
600010,2022-09-30,2022-10-28
600010,2022-12-31,2023-04-22
600010,2023-03-31,2023-04-28
600010,2023-06-30,2023-08-25
600010,2023-09-30,2023-10-27
600010,2023-12-31,2024-04-19
600010,2024-03-31,2024-04-27
600010,2024-06-30,2024-08-28
600010,2024-09-30,2024-10-31
600010,2024-12-31,2025-04-19
600010,2025-03-31,2025-04-29
600010,2025-06-30,2025-08-26
600010,2025-09-30,2025-10-28
600010,2025-12-31,2026-04-18
600010,2026-03-31,2026-04-29
600010,2026-06-30,2026-08-20
603296,2023-06-30,2023-08-31
603296,2023-09-30,2023-10-23
603296,2023-12-31,2024-04-25
603296,2024-03-31,2024-04-25
603296,2024-06-30,2024-08-27
603296,2024-09-30,2024-10-29
603296,2024-12-31,2025-04-24
603296,2025-03-31,2025-04-24
603296,2025-06-30,2025-08-28
603296,2025-09-30,2025-10-28
603296,2025-12-31,2026-03-24
603296,2026-03-31,2026-04-30
603296,2026-06-30,2026-08-26
601318,2015-03-31,2015-04-30
601318,2015-06-30,2015-08-21
601318,2015-09-30,2015-10-28
601318,2015-12-31,2016-03-16
601318,2016-03-31,2016-04-27
601318,2016-06-30,2016-08-18
601318,2016-09-30,2016-10-28
601318,2016-12-31,2017-03-23
601318,2017-03-31,2017-04-28
601318,2017-06-30,2017-08-18
601318,2017-09-30,2017-10-28
601318,2017-12-31,2018-03-21
601318,2018-03-31,2018-04-27
601318,2018-06-30,2018-08-22
601318,2018-09-30,2018-10-30
601318,2018-12-31,2019-03-13
601318,2019-03-31,2019-04-30
601318,2019-06-30,2019-08-16
601318,2019-09-30,2019-10-25
601318,2019-12-31,2020-02-21
601318,2020-03-31,2020-04-24
601318,2020-06-30,2020-08-28
601318,2020-09-30,2020-10-28
601318,2020-12-31,2021-02-04
601318,2021-03-31,2021-04-23
601318,2021-06-30,2021-08-27
601318,2021-09-30,2021-10-28
601318,2021-12-31,2022-03-18
601318,2022-03-31,2022-04-30
601318,2022-06-30,2022-08-24
601318,2022-09-30,2022-10-27
601318,2022-12-31,2023-03-16
601318,2023-03-31,2023-04-27
601318,2023-06-30,2023-08-30
601318,2023-09-30,2023-10-28
601318,2023-12-31,2024-03-22
601318,2024-03-31,2024-04-24
601318,2024-06-30,2024-08-23
601318,2024-09-30,2024-10-22
601318,2024-12-31,2025-03-20
601318,2025-03-31,2025-04-26
601318,2025-06-30,2025-08-27
601318,2025-09-30,2025-10-29
601318,2025-12-31,2026-03-27
601318,2026-03-31,2026-04-29
601318,2026-06-30,2026-08-21
600760,2015-03-31,2015-04-29
600760,2015-06-30,2015-08-29
600760,2015-09-30,2015-10-28
600760,2015-12-31,2016-04-26
600760,2016-03-31,2016-04-26
600760,2016-06-30,2016-08-27
600760,2016-09-30,2016-10-29
600760,2016-12-31,2017-03-03
600760,2017-03-31,2017-04-29
600760,2017-06-30,2017-08-18
600760,2017-09-30,2017-10-31
600760,2017-12-31,2018-03-31
600760,2018-03-31,2018-04-28
600760,2018-06-30,2018-08-31
600760,2018-09-30,2018-10-23
600760,2018-12-31,2019-03-15
600760,2019-03-31,2019-04-29
600760,2019-06-30,2019-08-28
600760,2019-09-30,2019-10-30
600760,2019-12-31,2020-04-25
600760,2020-03-31,2020-04-25
600760,2020-06-30,2020-08-31
600760,2020-09-30,2020-10-30
600760,2020-12-31,2021-03-30
600760,2021-03-31,2021-04-30
600760,2021-06-30,2021-08-31
600760,2021-09-30,2021-10-30
600760,2021-12-31,2022-03-29
600760,2022-03-31,2022-04-30
600760,2022-06-30,2022-08-30
600760,2022-09-30,2022-10-29
600760,2022-12-31,2023-04-18
600760,2023-03-31,2023-04-25
600760,2023-06-30,2023-08-31
600760,2023-09-30,2023-10-28
600760,2023-12-31,2024-03-30
600760,2024-03-31,2024-04-30
600760,2024-06-30,2024-08-29
600760,2024-09-30,2024-10-31
600760,2024-12-31,2025-04-01
600760,2025-03-31,2025-04-29
600760,2025-06-30,2025-08-26
600760,2025-09-30,2025-10-30
600760,2025-12-31,2026-03-31
600760,2026-03-31,2026-04-29
600760,2026-06-30,2026-08-28
601456,2020-06-30,2020-08-28
601456,2020-09-30,2020-10-29
601456,2020-12-31,2021-03-19
601456,2021-03-31,2021-04-30
601456,2021-06-30,2021-08-25
601456,2021-09-30,2021-10-29
601456,2021-12-31,2022-03-25
601456,2022-03-31,2022-04-30
601456,2022-06-30,2022-08-27
601456,2022-09-30,2022-10-28
601456,2022-12-31,2023-03-29
601456,2023-03-31,2023-04-29
601456,2023-06-30,2023-08-30
601456,2023-09-30,2023-10-28
601456,2023-12-31,2024-03-27
601456,2024-03-31,2024-04-30
601456,2024-06-30,2024-08-31
601456,2024-09-30,2024-10-31
601456,2024-12-31,2025-03-27
601456,2025-03-31,2025-04-30
601456,2025-06-30,2025-08-29
601456,2025-09-30,2025-10-31
601456,2025-12-31,2026-03-28
601456,2026-03-31,2026-04-28
601456,2026-06-30,2026-08-29
002304,2015-03-31,2015-04-29
002304,2015-06-30,2015-08-29
002304,2015-09-30,2015-10-30
002304,2015-12-31,2016-04-26
002304,2016-03-31,2016-04-26
002304,2016-06-30,2016-08-27
002304,2016-09-30,2016-10-28
002304,2016-12-31,2017-04-28
002304,2017-03-31,2017-04-28
002304,2017-06-30,2017-08-29
002304,2017-09-30,2017-10-28
002304,2017-12-31,2018-04-27
002304,2018-03-31,2018-04-27
002304,2018-06-30,2018-08-30
002304,2018-09-30,2018-10-27
002304,2018-12-31,2019-04-30
002304,2019-03-31,2019-04-30
002304,2019-06-30,2019-08-31
002304,2019-09-30,2019-10-30
002304,2019-12-31,2020-04-29
002304,2020-03-31,2020-04-29
002304,2020-06-30,2020-08-29
002304,2020-09-30,2020-10-22
002304,2020-12-31,2021-04-29
002304,2021-03-31,2021-04-29
002304,2021-06-30,2021-08-28
002304,2021-09-30,2021-10-27
002304,2021-12-31,2022-04-29
002304,2022-03-31,2022-04-29
002304,2022-06-30,2022-08-27
002304,2022-09-30,2022-10-28
002304,2022-12-31,2023-04-26
002304,2023-03-31,2023-04-26
002304,2023-06-30,2023-08-29
002304,2023-09-30,2023-10-28
002304,2023-12-31,2024-04-27
002304,2024-03-31,2024-04-27
002304,2024-06-30,2024-08-30
002304,2024-09-30,2024-10-31
002304,2024-12-31,2025-04-29
002304,2025-03-31,2025-04-29
002304,2025-06-30,2025-08-19
002304,2025-09-30,2025-10-31
002304,2025-12-31,2026-04-28
002304,2026-03-31,2026-04-28
002304,2026-06-30,2026-08-27
601668,2015-03-31,2015-04-30
601668,2015-06-30,2015-08-25
601668,2015-09-30,2015-10-30
601668,2015-12-31,2016-04-19
601668,2016-03-31,2016-04-30
601668,2016-06-30,2016-08-24
601668,2016-09-30,2016-10-29
601668,2016-12-31,2017-04-13
601668,2017-03-31,2017-04-27
601668,2017-06-30,2017-08-23
601668,2017-09-30,2017-10-28
601668,2017-12-31,2018-04-12
601668,2018-03-31,2018-04-28
601668,2018-06-30,2018-08-29
601668,2018-09-30,2018-10-31
601668,2018-12-31,2019-04-12
601668,2019-03-31,2019-04-30
601668,2019-06-30,2019-08-29
601668,2019-09-30,2019-10-26
601668,2019-12-31,2020-04-25
601668,2020-03-31,2020-04-30
601668,2020-06-30,2020-08-28
601668,2020-09-30,2020-10-29
601668,2020-12-31,2021-04-17
601668,2021-03-31,2021-04-30
601668,2021-06-30,2021-08-28
601668,2021-09-30,2021-10-27
601668,2021-12-31,2022-04-16
601668,2022-03-31,2022-04-30
601668,2022-06-30,2022-08-30
601668,2022-09-30,2022-10-29
601668,2022-12-31,2023-04-18
601668,2023-03-31,2023-04-28
601668,2023-06-30,2023-08-30
601668,2023-09-30,2023-10-27
601668,2023-12-31,2024-04-19
601668,2024-03-31,2024-04-30
601668,2024-06-30,2024-08-30
601668,2024-09-30,2024-10-26
601668,2024-12-31,2025-04-16
601668,2025-03-31,2025-04-29
601668,2025-06-30,2025-08-29
601668,2025-09-30,2025-10-31
601668,2025-12-31,2026-04-18
601668,2026-03-31,2026-04-29
601668,2026-06-30,2026-08-29
002648,2015-03-31,2015-04-29
002648,2015-06-30,2015-08-05
002648,2015-09-30,2015-10-30
002648,2015-12-31,2016-04-25
002648,2016-03-31,2016-04-25
002648,2016-06-30,2016-07-29
002648,2016-09-30,2016-10-21
002648,2016-12-31,2017-03-16
002648,2017-03-31,2017-04-22
002648,2017-06-30,2017-08-15
002648,2017-09-30,2017-10-27
002648,2017-12-31,2018-03-13
002648,2018-03-31,2018-04-24
002648,2018-06-30,2018-08-11
002648,2018-09-30,2018-10-23
002648,2018-12-31,2019-03-12
002648,2019-03-31,2019-04-18
002648,2019-06-30,2019-07-31
002648,2019-09-30,2019-10-26
002648,2019-12-31,2020-04-10
002648,2020-03-31,2020-04-30
002648,2020-06-30,2020-07-30
002648,2020-09-30,2020-10-27
002648,2020-12-31,2021-04-13
002648,2021-03-31,2021-04-29
002648,2021-06-30,2021-07-27
002648,2021-09-30,2021-10-23
002648,2021-12-31,2022-03-22
002648,2022-03-31,2022-04-27
002648,2022-06-30,2022-08-30
002648,2022-09-30,2022-10-25
002648,2022-12-31,2023-04-29
002648,2023-03-31,2023-04-29
002648,2023-06-30,2023-07-18
002648,2023-09-30,2023-10-25
002648,2023-12-31,2024-03-26
002648,2024-03-31,2024-04-23
002648,2024-06-30,2024-07-18
002648,2024-09-30,2024-10-22
002648,2024-12-31,2025-03-25
002648,2025-03-31,2025-04-25
002648,2025-06-30,2025-08-12
002648,2025-09-30,2025-10-25
002648,2025-12-31,2026-03-24
002648,2026-03-31,2026-04-14
002648,2026-06-30,2026-08-15
601898,2015-03-31,2015-04-25
601898,2015-06-30,2015-08-22
601898,2015-09-30,2015-10-28
601898,2015-12-31,2016-03-23
601898,2016-03-31,2016-04-28
601898,2016-06-30,2016-08-25
601898,2016-09-30,2016-10-29
601898,2016-12-31,2017-03-23
601898,2017-03-31,2017-04-28
601898,2017-06-30,2017-08-24
601898,2017-09-30,2017-10-28
601898,2017-12-31,2018-03-21
601898,2018-03-31,2018-04-28
601898,2018-06-30,2018-08-22
601898,2018-09-30,2018-10-24
601898,2018-12-31,2019-03-16
601898,2019-03-31,2019-04-24
601898,2019-06-30,2019-08-24
601898,2019-09-30,2019-10-29
601898,2019-12-31,2020-03-21
601898,2020-03-31,2020-04-29
601898,2020-06-30,2020-08-29
601898,2020-09-30,2020-10-29
601898,2020-12-31,2021-03-25
601898,2021-03-31,2021-04-23
601898,2021-06-30,2021-08-26
601898,2021-09-30,2021-10-28
601898,2021-12-31,2022-03-25
601898,2022-03-31,2022-04-28
601898,2022-06-30,2022-08-26
601898,2022-09-30,2022-10-27
601898,2022-12-31,2023-03-24
601898,2023-03-31,2023-04-28
601898,2023-06-30,2023-08-25
601898,2023-09-30,2023-10-26
601898,2023-12-31,2024-03-21
601898,2024-03-31,2024-04-25
601898,2024-06-30,2024-08-24
601898,2024-09-30,2024-10-24
601898,2024-12-31,2025-03-22
601898,2025-03-31,2025-04-26
601898,2025-06-30,2025-08-23
601898,2025-09-30,2025-10-28
601898,2025-12-31,2026-03-28
601898,2026-03-31,2026-04-28
601898,2026-06-30,2026-08-22
000063,2015-03-31,2015-04-24
000063,2015-06-30,2015-08-27
000063,2015-09-30,2015-10-28
000063,2015-12-31,2016-04-07
000063,2016-03-31,2016-04-29
000063,2016-06-30,2016-08-26
000063,2016-09-30,2016-10-28
000063,2016-12-31,2017-03-24
000063,2017-03-31,2017-04-18
000063,2017-06-30,2017-08-25
000063,2017-09-30,2017-10-27
000063,2017-12-31,2018-03-16
000063,2018-03-31,2018-04-28
000063,2018-06-30,2018-08-31
000063,2018-09-30,2018-10-26
000063,2018-12-31,2019-03-28
000063,2019-03-31,2019-04-30
000063,2019-06-30,2019-08-28
000063,2019-09-30,2019-10-29
000063,2019-12-31,2020-03-28
000063,2020-03-31,2020-04-25
000063,2020-06-30,2020-08-29
000063,2020-09-30,2020-10-29
000063,2020-12-31,2021-03-17
000063,2021-03-31,2021-04-29
000063,2021-06-30,2021-08-28
000063,2021-09-30,2021-10-26
000063,2021-12-31,2022-03-09
000063,2022-03-31,2022-04-26
000063,2022-06-30,2022-08-27
000063,2022-09-30,2022-10-27
000063,2022-12-31,2023-03-11
000063,2023-03-31,2023-04-22
000063,2023-06-30,2023-08-19
000063,2023-09-30,2023-10-24
000063,2023-12-31,2024-03-09
000063,2024-03-31,2024-04-26
000063,2024-06-30,2024-08-17
000063,2024-09-30,2024-10-22
000063,2024-12-31,2025-03-01
000063,2025-03-31,2025-04-23
000063,2025-06-30,2025-08-29
000063,2025-09-30,2025-10-29
000063,2025-12-31,2026-03-07
000063,2026-03-31,2026-04-25
000063,2026-06-30,2026-08-22
000895,2015-03-31,2015-04-30
000895,2015-06-30,2015-08-13
000895,2015-09-30,2015-10-29
000895,2015-12-31,2016-03-30
000895,2016-03-31,2016-04-29
000895,2016-06-30,2016-08-17
000895,2016-09-30,2016-10-27
000895,2016-12-31,2017-03-23
000895,2017-03-31,2017-04-28
000895,2017-06-30,2017-08-15
000895,2017-09-30,2017-10-31
000895,2017-12-31,2018-03-27
000895,2018-03-31,2018-04-25
000895,2018-06-30,2018-08-15
000895,2018-09-30,2018-10-31
000895,2018-12-31,2019-03-16
000895,2019-03-31,2019-04-30
000895,2019-06-30,2019-08-14
000895,2019-09-30,2019-10-29
000895,2019-12-31,2020-03-25
000895,2020-03-31,2020-04-29
000895,2020-06-30,2020-08-12
000895,2020-09-30,2020-10-28
000895,2020-12-31,2021-03-31
000895,2021-03-31,2021-04-28
000895,2021-06-30,2021-08-13
000895,2021-09-30,2021-10-27
000895,2021-12-31,2022-03-29
000895,2022-03-31,2022-04-27
000895,2022-06-30,2022-08-17
000895,2022-09-30,2022-10-26
000895,2022-12-31,2023-03-29
000895,2023-03-31,2023-04-26
000895,2023-06-30,2023-08-16
000895,2023-09-30,2023-10-25
000895,2023-12-31,2024-03-27
000895,2024-03-31,2024-04-23
000895,2024-06-30,2024-08-14
000895,2024-09-30,2024-10-30
000895,2024-12-31,2025-03-26
000895,2025-03-31,2025-04-30
000895,2025-06-30,2025-08-13
000895,2025-09-30,2025-10-29
000895,2025-12-31,2026-03-25
000895,2026-03-31,2026-04-29
000895,2026-06-30,2026-08-29
002714,2015-03-31,2015-04-27
002714,2015-06-30,2015-07-28
002714,2015-09-30,2015-10-24
002714,2015-12-31,2016-02-25
002714,2016-03-31,2016-04-20
002714,2016-06-30,2016-07-21
002714,2016-09-30,2016-10-20
002714,2016-12-31,2017-04-26
002714,2017-03-31,2017-04-26
002714,2017-06-30,2017-07-20
002714,2017-09-30,2017-10-18
002714,2017-12-31,2018-02-10
002714,2018-03-31,2018-04-20
002714,2018-06-30,2018-08-15
002714,2018-09-30,2018-10-23
002714,2018-12-31,2019-03-27
002714,2019-03-31,2019-04-13
002714,2019-06-30,2019-08-27
002714,2019-09-30,2019-10-12
002714,2019-12-31,2020-02-27
002714,2020-03-31,2020-04-27
002714,2020-06-30,2020-07-18
002714,2020-09-30,2020-10-20
002714,2020-12-31,2021-04-30
002714,2021-03-31,2021-04-30
002714,2021-06-30,2021-08-27
002714,2021-09-30,2021-10-19
002714,2021-12-31,2022-04-30
002714,2022-03-31,2022-04-30
002714,2022-06-30,2022-08-31
002714,2022-09-30,2022-10-25
002714,2022-12-31,2023-04-28
002714,2023-03-31,2023-04-28
002714,2023-06-30,2023-08-18
002714,2023-09-30,2023-10-28
002714,2023-12-31,2024-04-27
002714,2024-03-31,2024-04-27
002714,2024-06-30,2024-08-03
002714,2024-09-30,2024-10-30
002714,2024-12-31,2025-03-20
002714,2025-03-31,2025-04-25
002714,2025-06-30,2025-08-21
002714,2025-09-30,2025-10-31
002714,2025-12-31,2026-03-28
002714,2026-03-31,2026-04-22
002714,2026-06-30,2026-08-21
300408,2015-03-31,2015-04-24
300408,2015-06-30,2015-08-26
300408,2015-09-30,2015-10-22
300408,2015-12-31,2016-03-15
300408,2016-03-31,2016-04-26
300408,2016-06-30,2016-08-26
300408,2016-09-30,2016-10-29
300408,2016-12-31,2017-04-20
300408,2017-03-31,2017-04-27
300408,2017-06-30,2017-08-29
300408,2017-09-30,2017-10-30
300408,2017-12-31,2018-04-20
300408,2018-03-31,2018-04-27
300408,2018-06-30,2018-08-29
300408,2018-09-30,2018-10-30
300408,2018-12-31,2019-04-20
300408,2019-03-31,2019-04-29
300408,2019-06-30,2019-08-30
300408,2019-09-30,2019-10-30
300408,2019-12-31,2020-03-24
300408,2020-03-31,2020-04-29
300408,2020-06-30,2020-08-28
300408,2020-09-30,2020-10-30
300408,2020-12-31,2021-04-27
300408,2021-03-31,2021-04-29
300408,2021-06-30,2021-08-18
300408,2021-09-30,2021-10-27
300408,2021-12-31,2022-04-25
300408,2022-03-31,2022-04-29
300408,2022-06-30,2022-08-30
300408,2022-09-30,2022-10-27
300408,2022-12-31,2023-04-24
300408,2023-03-31,2023-04-28
300408,2023-06-30,2023-08-30
300408,2023-09-30,2023-10-26
300408,2023-12-31,2024-04-27
300408,2024-03-31,2024-04-27
300408,2024-06-30,2024-08-30
300408,2024-09-30,2024-10-30
300408,2024-12-31,2025-04-24
300408,2025-03-31,2025-04-29
300408,2025-06-30,2025-08-29
300408,2025-09-30,2025-10-30
300408,2025-12-31,2026-03-28
300408,2026-03-31,2026-04-24
300408,2026-06-30,2026-08-28
600600,2015-03-31,2015-04-30
600600,2015-06-30,2015-08-31
600600,2015-09-30,2015-10-28
600600,2015-12-31,2016-03-29
600600,2016-03-31,2016-04-26
600600,2016-06-30,2016-08-31
600600,2016-09-30,2016-10-31
600600,2016-12-31,2017-03-31
600600,2017-03-31,2017-04-28
600600,2017-06-30,2017-08-31
600600,2017-09-30,2017-10-31
600600,2017-12-31,2018-03-28
600600,2018-03-31,2018-04-27
600600,2018-06-30,2018-08-29
600600,2018-09-30,2018-10-29
600600,2018-12-31,2019-03-29
600600,2019-03-31,2019-04-30
600600,2019-06-30,2019-08-16
600600,2019-09-30,2019-10-29
600600,2019-12-31,2020-03-30
600600,2020-03-31,2020-04-30
600600,2020-06-30,2020-08-31
600600,2020-09-30,2020-10-30
600600,2020-12-31,2021-03-29
600600,2021-03-31,2021-04-23
600600,2021-06-30,2021-08-26
600600,2021-09-30,2021-10-29
600600,2021-12-31,2022-03-29
600600,2022-03-31,2022-04-29
600600,2022-06-30,2022-08-26
600600,2022-09-30,2022-10-27
600600,2022-12-31,2023-03-23
600600,2023-03-31,2023-04-25
600600,2023-06-30,2023-08-28
600600,2023-09-30,2023-10-28
600600,2023-12-31,2024-03-27
600600,2024-03-31,2024-04-30
600600,2024-06-30,2024-08-30
600600,2024-09-30,2024-10-30
600600,2024-12-31,2025-03-31
600600,2025-03-31,2025-04-29
600600,2025-06-30,2025-08-27
600600,2025-09-30,2025-10-28
600600,2025-12-31,2026-03-27
600600,2026-03-31,2026-04-28
600600,2026-06-30,2026-08-27
000301,2015-03-31,2015-04-21
000301,2015-06-30,2015-08-29
000301,2015-09-30,2015-10-31
000301,2015-12-31,2016-04-12
000301,2016-03-31,2016-04-29
000301,2016-06-30,2016-08-24
000301,2016-09-30,2016-10-29
000301,2016-12-31,2017-04-21
000301,2017-03-31,2017-04-29
000301,2017-06-30,2017-08-10
000301,2017-09-30,2017-10-28
000301,2017-12-31,2018-03-13
000301,2018-03-31,2018-04-27
000301,2018-06-30,2018-08-10
000301,2018-09-30,2018-10-31
000301,2018-12-31,2019-04-03
000301,2019-03-31,2019-04-30
000301,2019-06-30,2019-08-31
000301,2019-09-30,2019-10-31
000301,2019-12-31,2020-04-09
000301,2020-03-31,2020-04-30
000301,2020-06-30,2020-08-31
000301,2020-09-30,2020-10-31
000301,2020-12-31,2021-04-15
000301,2021-03-31,2021-04-30
000301,2021-06-30,2021-08-25
000301,2021-09-30,2021-10-29
000301,2021-12-31,2022-04-19
000301,2022-03-31,2022-04-30
000301,2022-06-30,2022-08-20
000301,2022-09-30,2022-10-29
000301,2022-12-31,2023-04-18
000301,2023-03-31,2023-04-21
000301,2023-06-30,2023-08-11
000301,2023-09-30,2023-10-28
000301,2023-12-31,2024-04-26
000301,2024-03-31,2024-04-30
000301,2024-06-30,2024-08-30
000301,2024-09-30,2024-10-31
000301,2024-12-31,2025-04-29
000301,2025-03-31,2025-04-29
000301,2025-06-30,2025-08-30
000301,2025-09-30,2025-10-31
000301,2025-12-31,2026-04-29
000301,2026-03-31,2026-04-29
000301,2026-06-30,2026-08-29
688111,2019-12-31,2020-03-25
688111,2020-03-31,2020-04-29
688111,2020-06-30,2020-08-19
688111,2020-09-30,2020-10-27
688111,2020-12-31,2021-03-24
688111,2021-03-31,2021-04-30
688111,2021-06-30,2021-08-25
688111,2021-09-30,2021-10-29
688111,2021-12-31,2022-03-24
688111,2022-03-31,2022-04-29
688111,2022-06-30,2022-08-24
688111,2022-09-30,2022-10-27
688111,2022-12-31,2023-03-22
688111,2023-03-31,2023-04-20
688111,2023-06-30,2023-08-23
688111,2023-09-30,2023-10-26
688111,2023-12-31,2024-03-21
688111,2024-03-31,2024-04-24
688111,2024-06-30,2024-08-21
688111,2024-09-30,2024-10-26
688111,2024-12-31,2025-03-20
688111,2025-03-31,2025-04-24
688111,2025-06-30,2025-08-21
688111,2025-09-30,2025-10-28
688111,2025-12-31,2026-03-26
688111,2026-03-31,2026-04-24
688111,2026-06-30,2026-08-20
601899,2015-03-31,2015-04-21
601899,2015-06-30,2015-08-29
601899,2015-09-30,2015-10-21
601899,2015-12-31,2016-03-26
601899,2016-03-31,2016-04-30
601899,2016-06-30,2016-08-27
601899,2016-09-30,2016-10-26
601899,2016-12-31,2017-03-25
601899,2017-03-31,2017-04-29
601899,2017-06-30,2017-08-19
601899,2017-09-30,2017-10-26
601899,2017-12-31,2018-03-24
601899,2018-03-31,2018-04-25
601899,2018-06-30,2018-08-25
601899,2018-09-30,2018-10-27
601899,2018-12-31,2019-03-23
601899,2019-03-31,2019-04-30
601899,2019-06-30,2019-08-30
601899,2019-09-30,2019-10-30
601899,2019-12-31,2020-03-21
601899,2020-03-31,2020-04-29
601899,2020-06-30,2020-08-22
601899,2020-09-30,2020-10-20
601899,2020-12-31,2021-03-20
601899,2021-03-31,2021-04-17
601899,2021-06-30,2021-07-31
601899,2021-09-30,2021-10-16
601899,2021-12-31,2022-03-19
601899,2022-03-31,2022-04-12
601899,2022-06-30,2022-08-13
601899,2022-09-30,2022-10-22
601899,2022-12-31,2023-03-25
601899,2023-03-31,2023-04-28
601899,2023-06-30,2023-08-26
601899,2023-09-30,2023-10-28
601899,2023-12-31,2024-03-23
601899,2024-03-31,2024-04-23
601899,2024-06-30,2024-08-24
601899,2024-09-30,2024-10-19
601899,2024-12-31,2025-03-22
601899,2025-03-31,2025-04-12
601899,2025-06-30,2025-08-27
601899,2025-09-30,2025-10-18
601899,2025-12-31,2026-03-21
601899,2026-03-31,2026-04-22
601899,2026-06-30,2026-08-22
601669,2015-03-31,2015-04-30
601669,2015-06-30,2015-08-28
601669,2015-09-30,2015-10-31
601669,2015-12-31,2016-04-28
601669,2016-03-31,2016-04-30
601669,2016-06-30,2016-08-30
601669,2016-09-30,2016-10-29
601669,2016-12-31,2017-04-27
601669,2017-03-31,2017-04-28
601669,2017-06-30,2017-08-29
601669,2017-09-30,2017-10-31
601669,2017-12-31,2018-04-25
601669,2018-03-31,2018-04-27
601669,2018-06-30,2018-08-31
601669,2018-09-30,2018-10-31
601669,2018-12-31,2019-04-27
601669,2019-03-31,2019-04-30
601669,2019-06-30,2019-08-29
601669,2019-09-30,2019-10-30
601669,2019-12-31,2020-04-24
601669,2020-03-31,2020-04-30
601669,2020-06-30,2020-08-28
601669,2020-09-30,2020-10-30
601669,2020-12-31,2021-04-27
601669,2021-03-31,2021-04-30
601669,2021-06-30,2021-08-26
601669,2021-09-30,2021-10-29
601669,2021-12-31,2022-04-28
601669,2022-03-31,2022-04-29
601669,2022-06-30,2022-08-26
601669,2022-09-30,2022-10-31
601669,2022-12-31,2023-04-27
601669,2023-03-31,2023-04-28
601669,2023-06-30,2023-08-25
601669,2023-09-30,2023-10-31
601669,2023-12-31,2024-04-26
601669,2024-03-31,2024-04-30
601669,2024-06-30,2024-08-29
601669,2024-09-30,2024-10-31
601669,2024-12-31,2025-04-28
601669,2025-03-31,2025-04-30
601669,2025-06-30,2025-08-30
601669,2025-09-30,2025-10-31
601669,2025-12-31,2026-04-24
601669,2026-03-31,2026-04-30
601669,2026-06-30,2026-08-29
600588,2015-03-31,2015-04-30
600588,2015-06-30,2015-08-29
600588,2015-09-30,2015-10-31
600588,2015-12-31,2016-03-19
600588,2016-03-31,2016-04-30
600588,2016-06-30,2016-08-27
600588,2016-09-30,2016-10-29
600588,2016-12-31,2017-03-18
600588,2017-03-31,2017-04-29
600588,2017-06-30,2017-08-26
600588,2017-09-30,2017-10-28
600588,2017-12-31,2018-03-24
600588,2018-03-31,2018-04-28
600588,2018-06-30,2018-08-11
600588,2018-09-30,2018-10-27
600588,2018-12-31,2019-03-16
600588,2019-03-31,2019-04-27
600588,2019-06-30,2019-08-17
600588,2019-09-30,2019-10-31
600588,2019-12-31,2020-03-28
600588,2020-03-31,2020-04-30
600588,2020-06-30,2020-08-29
600588,2020-09-30,2020-10-31
600588,2020-12-31,2021-03-27
600588,2021-03-31,2021-04-29
600588,2021-06-30,2021-08-19
600588,2021-09-30,2021-10-30
600588,2021-12-31,2022-03-19
600588,2022-03-31,2022-04-30
600588,2022-06-30,2022-08-20
600588,2022-09-30,2022-10-28
600588,2022-12-31,2023-03-25
600588,2023-03-31,2023-04-29
600588,2023-06-30,2023-08-18
600588,2023-09-30,2023-10-28
600588,2023-12-31,2024-03-30
600588,2024-03-31,2024-04-27
600588,2024-06-30,2024-08-24
600588,2024-09-30,2024-10-31
600588,2024-12-31,2025-03-29
600588,2025-03-31,2025-04-26
600588,2025-06-30,2025-08-27
600588,2025-09-30,2025-10-31
600588,2025-12-31,2026-04-18
600588,2026-03-31,2026-04-25
600588,2026-06-30,2026-08-22
601872,2015-03-31,2015-04-29
601872,2015-06-30,2015-08-15
601872,2015-09-30,2015-10-28
601872,2015-12-31,2016-03-24
601872,2016-03-31,2016-04-22
601872,2016-06-30,2016-08-29
601872,2016-09-30,2016-10-28
601872,2016-12-31,2017-03-31
601872,2017-03-31,2017-04-26
601872,2017-06-30,2017-08-30
601872,2017-09-30,2017-10-27
601872,2017-12-31,2018-03-28
601872,2018-03-31,2018-04-26
601872,2018-06-30,2018-08-30
601872,2018-09-30,2018-10-30
601872,2018-12-31,2019-04-11
601872,2019-03-31,2019-04-30
601872,2019-06-30,2019-08-29
601872,2019-09-30,2019-10-30
601872,2019-12-31,2020-04-30
601872,2020-03-31,2020-04-30
601872,2020-06-30,2020-08-28
601872,2020-09-30,2020-10-31
601872,2020-12-31,2021-03-26
601872,2021-03-31,2021-04-29
601872,2021-06-30,2021-08-26
601872,2021-09-30,2021-10-30
601872,2021-12-31,2022-03-28
601872,2022-03-31,2022-04-30
601872,2022-06-30,2022-08-31
601872,2022-09-30,2022-10-20
601872,2022-12-31,2023-03-30
601872,2023-03-31,2023-04-29
601872,2023-06-30,2023-08-29
601872,2023-09-30,2023-10-31
601872,2023-12-31,2024-03-28
601872,2024-03-31,2024-04-30
601872,2024-06-30,2024-08-29
601872,2024-09-30,2024-10-29
601872,2024-12-31,2025-03-28
601872,2025-03-31,2025-04-30
601872,2025-06-30,2025-08-28
601872,2025-09-30,2025-10-30
601872,2025-12-31,2026-03-27
601872,2026-03-31,2026-04-25
601872,2026-06-30,2026-08-31
002311,2015-03-31,2015-04-28
002311,2015-06-30,2015-07-28
002311,2015-09-30,2015-10-27
002311,2015-12-31,2016-03-29
002311,2016-03-31,2016-04-19
002311,2016-06-30,2016-08-23
002311,2016-09-30,2016-10-27
002311,2016-12-31,2017-04-27
002311,2017-03-31,2017-04-27
002311,2017-06-30,2017-08-18
002311,2017-09-30,2017-10-31
002311,2017-12-31,2018-04-20
002311,2018-03-31,2018-04-27
002311,2018-06-30,2018-08-29
002311,2018-09-30,2018-10-26
002311,2018-12-31,2019-04-16
002311,2019-03-31,2019-04-24
002311,2019-06-30,2019-07-30
002311,2019-09-30,2019-10-22
002311,2019-12-31,2020-04-21
002311,2020-03-31,2020-04-21
002311,2020-06-30,2020-07-28
002311,2020-09-30,2020-10-27
002311,2020-12-31,2021-04-20
002311,2021-03-31,2021-04-20
002311,2021-06-30,2021-07-27
002311,2021-09-30,2021-10-20
002311,2021-12-31,2022-04-12
002311,2022-03-31,2022-04-12
002311,2022-06-30,2022-08-30
002311,2022-09-30,2022-10-21
002311,2022-12-31,2023-04-25
002311,2023-03-31,2023-04-25
002311,2023-06-30,2023-08-29
002311,2023-09-30,2023-10-20
002311,2023-12-31,2024-04-23
002311,2024-03-31,2024-04-23
002311,2024-06-30,2024-07-30
002311,2024-09-30,2024-10-19
002311,2024-12-31,2025-04-22
002311,2025-03-31,2025-04-22
002311,2025-06-30,2025-07-29
002311,2025-09-30,2025-10-18
002311,2025-12-31,2026-04-28
002311,2026-03-31,2026-04-28
002311,2026-06-30,2026-08-25
002463,2015-03-31,2015-04-29
002463,2015-06-30,2015-08-06
002463,2015-09-30,2015-10-28
002463,2015-12-31,2016-03-25
002463,2016-03-31,2016-04-28
002463,2016-06-30,2016-08-23
002463,2016-09-30,2016-10-25
002463,2016-12-31,2017-03-29
002463,2017-03-31,2017-04-22
002463,2017-06-30,2017-08-22
002463,2017-09-30,2017-10-27
002463,2017-12-31,2018-03-22
002463,2018-03-31,2018-04-24
002463,2018-06-30,2018-08-24
002463,2018-09-30,2018-10-20
002463,2018-12-31,2019-03-26
002463,2019-03-31,2019-04-23
002463,2019-06-30,2019-08-29
002463,2019-09-30,2019-10-29
002463,2019-12-31,2020-03-26
002463,2020-03-31,2020-04-22
002463,2020-06-30,2020-08-26
002463,2020-09-30,2020-10-28
002463,2020-12-31,2021-03-25
002463,2021-03-31,2021-04-23
002463,2021-06-30,2021-08-27
002463,2021-09-30,2021-10-27
002463,2021-12-31,2022-03-23
002463,2022-03-31,2022-04-26
002463,2022-06-30,2022-08-24
002463,2022-09-30,2022-10-25
002463,2022-12-31,2023-03-24
002463,2023-03-31,2023-04-26
002463,2023-06-30,2023-08-26
002463,2023-09-30,2023-10-26
002463,2023-12-31,2024-03-26
002463,2024-03-31,2024-04-23
002463,2024-06-30,2024-08-23
002463,2024-09-30,2024-10-25
002463,2024-12-31,2025-03-26
002463,2025-03-31,2025-04-25
002463,2025-06-30,2025-08-22
002463,2025-09-30,2025-10-29
002463,2025-12-31,2026-03-25
002463,2026-03-31,2026-04-23
002463,2026-06-30,2026-08-26
601319,2018-12-31,2019-03-23
601319,2019-03-31,2019-04-30
601319,2019-06-30,2019-08-24
601319,2019-09-30,2019-10-30
601319,2019-12-31,2020-03-28
601319,2020-03-31,2020-04-30
601319,2020-06-30,2020-08-22
601319,2020-09-30,2020-10-29
601319,2020-12-31,2021-03-24
601319,2021-03-31,2021-04-29
601319,2021-06-30,2021-08-21
601319,2021-09-30,2021-10-29
601319,2021-12-31,2022-03-26
601319,2022-03-31,2022-04-29
601319,2022-06-30,2022-08-27
601319,2022-09-30,2022-10-28
601319,2022-12-31,2023-03-25
601319,2023-03-31,2023-04-28
601319,2023-06-30,2023-08-30
601319,2023-09-30,2023-10-31
601319,2023-12-31,2024-03-27
601319,2024-03-31,2024-04-30
601319,2024-06-30,2024-08-29
601319,2024-09-30,2024-10-30
601319,2024-12-31,2025-03-28
601319,2025-03-31,2025-04-30
601319,2025-06-30,2025-08-28
601319,2025-09-30,2025-10-31
601319,2025-12-31,2026-03-27
601319,2026-03-31,2026-04-30
601319,2026-06-30,2026-08-29
688256,2020-06-30,2020-08-28
688256,2020-09-30,2020-10-29
688256,2020-12-31,2021-04-27
688256,2021-03-31,2021-04-27
688256,2021-06-30,2021-08-12
688256,2021-09-30,2021-10-30
688256,2021-12-31,2022-04-16
688256,2022-03-31,2022-04-28
688256,2022-06-30,2022-08-13
688256,2022-09-30,2022-10-27
688256,2022-12-31,2023-04-29
688256,2023-03-31,2023-04-29
688256,2023-06-30,2023-08-31
688256,2023-09-30,2023-10-28
688256,2023-12-31,2024-04-30
688256,2024-03-31,2024-04-30
688256,2024-06-30,2024-08-31
688256,2024-09-30,2024-10-31
688256,2024-12-31,2025-04-19
688256,2025-03-31,2025-04-19
688256,2025-06-30,2025-08-27
688256,2025-09-30,2025-10-18
688256,2025-12-31,2026-03-13
688256,2026-03-31,2026-04-30
688256,2026-06-30,2026-08-08
600036,2015-03-31,2015-04-29
600036,2015-06-30,2015-08-26
600036,2015-09-30,2015-10-30
600036,2015-12-31,2016-03-31
600036,2016-03-31,2016-04-29
600036,2016-06-30,2016-08-19
600036,2016-09-30,2016-10-29
600036,2016-12-31,2017-03-25
600036,2017-03-31,2017-04-28
600036,2017-06-30,2017-08-19
600036,2017-09-30,2017-10-28
600036,2017-12-31,2018-03-24
600036,2018-03-31,2018-04-28
600036,2018-06-30,2018-08-25
600036,2018-09-30,2018-10-31
600036,2018-12-31,2019-03-23
600036,2019-03-31,2019-04-30
600036,2019-06-30,2019-08-24
600036,2019-09-30,2019-10-31
600036,2019-12-31,2020-03-21
600036,2020-03-31,2020-04-30
600036,2020-06-30,2020-08-29
600036,2020-09-30,2020-10-31
600036,2020-12-31,2021-03-20
600036,2021-03-31,2021-04-24
600036,2021-06-30,2021-08-14
600036,2021-09-30,2021-10-23
600036,2021-12-31,2022-03-19
600036,2022-03-31,2022-04-23
600036,2022-06-30,2022-08-20
600036,2022-09-30,2022-10-29
600036,2022-12-31,2023-03-25
600036,2023-03-31,2023-04-27
600036,2023-06-30,2023-08-26
600036,2023-09-30,2023-10-28
600036,2023-12-31,2024-03-26
600036,2024-03-31,2024-04-30
600036,2024-06-30,2024-08-30
600036,2024-09-30,2024-10-30
600036,2024-12-31,2025-03-26
600036,2025-03-31,2025-04-30
600036,2025-06-30,2025-08-30
600036,2025-09-30,2025-10-30
600036,2025-12-31,2026-03-28
600036,2026-03-31,2026-04-29
600036,2026-06-30,2026-08-29
601328,2015-03-31,2015-04-29
601328,2015-06-30,2015-08-28
601328,2015-09-30,2015-10-31
601328,2015-12-31,2016-03-30
601328,2016-03-31,2016-04-29
601328,2016-06-30,2016-08-26
601328,2016-09-30,2016-10-29
601328,2016-12-31,2017-03-29
601328,2017-03-31,2017-04-29
601328,2017-06-30,2017-08-25
601328,2017-09-30,2017-10-28
601328,2017-12-31,2018-03-30
601328,2018-03-31,2018-04-28
601328,2018-06-30,2018-08-24
601328,2018-09-30,2018-10-27
601328,2018-12-31,2019-03-30
601328,2019-03-31,2019-04-30
601328,2019-06-30,2019-08-28
601328,2019-09-30,2019-10-26
601328,2019-12-31,2020-03-28
601328,2020-03-31,2020-04-29
601328,2020-06-30,2020-08-29
601328,2020-09-30,2020-10-31
601328,2020-12-31,2021-03-27
601328,2021-03-31,2021-04-30
601328,2021-06-30,2021-08-28
601328,2021-09-30,2021-10-30
601328,2021-12-31,2022-03-26
601328,2022-03-31,2022-04-30
601328,2022-06-30,2022-08-27
601328,2022-09-30,2022-10-29
601328,2022-12-31,2023-03-31
601328,2023-03-31,2023-04-29
601328,2023-06-30,2023-08-26
601328,2023-09-30,2023-10-28
601328,2023-12-31,2024-03-28
601328,2024-03-31,2024-04-27
601328,2024-06-30,2024-08-29
601328,2024-09-30,2024-10-31
601328,2024-12-31,2025-03-22
601328,2025-03-31,2025-04-30
601328,2025-06-30,2025-08-30
601328,2025-09-30,2025-10-31
601328,2025-12-31,2026-03-28
601328,2026-03-31,2026-04-30
601328,2026-06-30,2026-08-29
603259,2018-06-30,2018-08-22
603259,2018-09-30,2018-10-31
603259,2018-12-31,2019-03-23
603259,2019-03-31,2019-04-30
603259,2019-06-30,2019-08-20
603259,2019-09-30,2019-10-31
603259,2019-12-31,2020-03-25
603259,2020-03-31,2020-04-30
603259,2020-06-30,2020-08-14
603259,2020-09-30,2020-10-30
603259,2020-12-31,2021-03-31
603259,2021-03-31,2021-04-30
603259,2021-06-30,2021-08-13
603259,2021-09-30,2021-10-30
603259,2021-12-31,2022-03-24
603259,2022-03-31,2022-04-26
603259,2022-06-30,2022-07-27
603259,2022-09-30,2022-10-27
603259,2022-12-31,2023-03-21
603259,2023-03-31,2023-04-25
603259,2023-06-30,2023-08-01
603259,2023-09-30,2023-10-31
603259,2023-12-31,2024-03-19
603259,2024-03-31,2024-04-30
603259,2024-06-30,2024-07-30
603259,2024-09-30,2024-10-29
603259,2024-12-31,2025-03-18
603259,2025-03-31,2025-04-29
603259,2025-06-30,2025-07-29
603259,2025-09-30,2025-10-27
603259,2025-12-31,2026-03-24
603259,2026-03-31,2026-04-28
603259,2026-06-30,2026-08-04
601857,2015-03-31,2015-04-28
601857,2015-06-30,2015-08-28
601857,2015-09-30,2015-10-30
601857,2015-12-31,2016-03-24
601857,2016-03-31,2016-04-29
601857,2016-06-30,2016-08-25
601857,2016-09-30,2016-10-29
601857,2016-12-31,2017-03-31
601857,2017-03-31,2017-04-28
601857,2017-06-30,2017-08-25
601857,2017-09-30,2017-10-31
601857,2017-12-31,2018-03-23
601857,2018-03-31,2018-04-28
601857,2018-06-30,2018-08-31
601857,2018-09-30,2018-10-31
601857,2018-12-31,2019-03-22
601857,2019-03-31,2019-04-30
601857,2019-06-30,2019-08-30
601857,2019-09-30,2019-10-31
601857,2019-12-31,2020-03-27
601857,2020-03-31,2020-04-30
601857,2020-06-30,2020-08-28
601857,2020-09-30,2020-10-30
601857,2020-12-31,2021-03-26
601857,2021-03-31,2021-04-30
601857,2021-06-30,2021-08-27
601857,2021-09-30,2021-10-29
601857,2021-12-31,2022-04-01
601857,2022-03-31,2022-04-30
601857,2022-06-30,2022-08-26
601857,2022-09-30,2022-10-28
601857,2022-12-31,2023-03-30
601857,2023-03-31,2023-04-29
601857,2023-06-30,2023-08-31
601857,2023-09-30,2023-10-31
601857,2023-12-31,2024-03-26
601857,2024-03-31,2024-04-30
601857,2024-06-30,2024-08-27
601857,2024-09-30,2024-10-30
601857,2024-12-31,2025-03-31
601857,2025-03-31,2025-04-30
601857,2025-06-30,2025-08-27
601857,2025-09-30,2025-10-31
601857,2025-12-31,2026-03-30
601857,2026-03-31,2026-04-30
601857,2026-06-30,2026-08-31
300014,2015-03-31,2015-04-27
300014,2015-06-30,2015-08-25
300014,2015-09-30,2015-10-23
300014,2015-12-31,2016-02-29
300014,2016-03-31,2016-04-16
300014,2016-06-30,2016-08-23
300014,2016-09-30,2016-10-25
300014,2016-12-31,2017-02-28
300014,2017-03-31,2017-04-27
300014,2017-06-30,2017-08-01
300014,2017-09-30,2017-10-26
300014,2017-12-31,2018-03-20
300014,2018-03-31,2018-04-13
300014,2018-06-30,2018-07-31
300014,2018-09-30,2018-10-29
300014,2018-12-31,2019-04-29
300014,2019-03-31,2019-04-29
300014,2019-06-30,2019-08-16
300014,2019-09-30,2019-10-26
300014,2019-12-31,2020-04-20
300014,2020-03-31,2020-04-25
300014,2020-06-30,2020-08-25
300014,2020-09-30,2020-10-29
300014,2020-12-31,2021-04-20
300014,2021-03-31,2021-04-23
300014,2021-06-30,2021-08-27
300014,2021-09-30,2021-10-28
300014,2021-12-31,2022-04-26
300014,2022-03-31,2022-04-28
300014,2022-06-30,2022-08-26
300014,2022-09-30,2022-10-27
300014,2022-12-31,2023-04-18
300014,2023-03-31,2023-04-26
300014,2023-06-30,2023-08-25
300014,2023-09-30,2023-10-26
300014,2023-12-31,2024-04-19
300014,2024-03-31,2024-04-25
300014,2024-06-30,2024-08-23
300014,2024-09-30,2024-10-25
300014,2024-12-31,2025-04-18
300014,2025-03-31,2025-04-25
300014,2025-06-30,2025-08-22
300014,2025-09-30,2025-10-24
300014,2025-12-31,2026-03-28
300014,2026-03-31,2026-04-25
300014,2026-06-30,2026-08-20
600585,2015-03-31,2015-04-29
600585,2015-06-30,2015-08-22
600585,2015-09-30,2015-10-27
600585,2015-12-31,2016-03-24
600585,2016-03-31,2016-04-27
600585,2016-06-30,2016-08-23
600585,2016-09-30,2016-10-28
600585,2016-12-31,2017-03-24
600585,2017-03-31,2017-04-26
600585,2017-06-30,2017-08-22
600585,2017-09-30,2017-10-28
600585,2017-12-31,2018-03-23
600585,2018-03-31,2018-04-25
600585,2018-06-30,2018-08-23
600585,2018-09-30,2018-10-25
600585,2018-12-31,2019-03-22
600585,2019-03-31,2019-04-27
600585,2019-06-30,2019-08-23
600585,2019-09-30,2019-10-23
600585,2019-12-31,2020-03-21
600585,2020-03-31,2020-04-28
600585,2020-06-30,2020-08-22
600585,2020-09-30,2020-10-28
600585,2020-12-31,2021-03-26
600585,2021-03-31,2021-04-28
600585,2021-06-30,2021-08-28
600585,2021-09-30,2021-10-29
600585,2021-12-31,2022-03-26
600585,2022-03-31,2022-04-29
600585,2022-06-30,2022-08-26
600585,2022-09-30,2022-10-28
600585,2022-12-31,2023-03-28
600585,2023-03-31,2023-04-27
600585,2023-06-30,2023-08-22
600585,2023-09-30,2023-10-28
600585,2023-12-31,2024-03-20
600585,2024-03-31,2024-04-27
600585,2024-06-30,2024-08-28
600585,2024-09-30,2024-10-30
600585,2024-12-31,2025-03-25
600585,2025-03-31,2025-04-30
600585,2025-06-30,2025-08-27
600585,2025-09-30,2025-10-31
600585,2025-12-31,2026-03-25
600585,2026-03-31,2026-04-30
600585,2026-06-30,2026-08-27
601658,2019-12-31,2020-03-26
601658,2020-03-31,2020-04-29
601658,2020-06-30,2020-08-31
601658,2020-09-30,2020-10-30
601658,2020-12-31,2021-03-30
601658,2021-03-31,2021-04-30
601658,2021-06-30,2021-08-28
601658,2021-09-30,2021-10-29
601658,2021-12-31,2022-03-31
601658,2022-03-31,2022-04-30
601658,2022-06-30,2022-08-23
601658,2022-09-30,2022-10-27
601658,2022-12-31,2023-03-31
601658,2023-03-31,2023-04-28
601658,2023-06-30,2023-08-31
601658,2023-09-30,2023-10-28
601658,2023-12-31,2024-03-29
601658,2024-03-31,2024-04-30
601658,2024-06-30,2024-08-31
601658,2024-09-30,2024-10-31
601658,2024-12-31,2025-03-28
601658,2025-03-31,2025-04-30
601658,2025-06-30,2025-08-30
601658,2025-09-30,2025-10-31
601658,2025-12-31,2026-03-28
601658,2026-03-31,2026-04-30
601658,2026-06-30,2026-08-29
600426,2015-03-31,2015-04-30
600426,2015-06-30,2015-08-28
600426,2015-09-30,2015-10-30
600426,2015-12-31,2016-03-18
600426,2016-03-31,2016-04-28
600426,2016-06-30,2016-08-20
600426,2016-09-30,2016-10-29
600426,2016-12-31,2017-03-30
600426,2017-03-31,2017-04-28
600426,2017-06-30,2017-08-18
600426,2017-09-30,2017-10-28
600426,2017-12-31,2018-03-30
600426,2018-03-31,2018-04-20
600426,2018-06-30,2018-08-10
600426,2018-09-30,2018-10-26
600426,2018-12-31,2019-03-19
600426,2019-03-31,2019-04-20
600426,2019-06-30,2019-08-08
600426,2019-09-30,2019-10-26
600426,2019-12-31,2020-03-27
600426,2020-03-31,2020-04-30
600426,2020-06-30,2020-08-12
600426,2020-09-30,2020-10-28
600426,2020-12-31,2021-03-27
600426,2021-03-31,2021-04-17
600426,2021-06-30,2021-08-31
600426,2021-09-30,2021-10-28
600426,2021-12-31,2022-03-30
600426,2022-03-31,2022-04-30
600426,2022-06-30,2022-08-31
600426,2022-09-30,2022-10-28
600426,2022-12-31,2023-03-30
600426,2023-03-31,2023-04-26
600426,2023-06-30,2023-08-31
600426,2023-09-30,2023-10-28
600426,2023-12-31,2024-03-30
600426,2024-03-31,2024-04-25
600426,2024-06-30,2024-08-23
600426,2024-09-30,2024-10-31
600426,2024-12-31,2025-03-29
600426,2025-03-31,2025-04-26
600426,2025-06-30,2025-08-23
600426,2025-09-30,2025-10-30
600426,2025-12-31,2026-03-31
600426,2026-03-31,2026-04-28
600426,2026-06-30,2026-08-20
600803,2015-03-31,2015-04-23
600803,2015-06-30,2015-08-20
600803,2015-09-30,2015-10-29
600803,2015-12-31,2016-04-28
600803,2016-03-31,2016-04-28
600803,2016-06-30,2016-08-31
600803,2016-09-30,2016-10-29
600803,2016-12-31,2017-03-29
600803,2017-03-31,2017-04-28
600803,2017-06-30,2017-08-31
600803,2017-09-30,2017-10-30
600803,2017-12-31,2018-03-30
600803,2018-03-31,2018-04-27
600803,2018-06-30,2018-08-30
600803,2018-09-30,2018-10-30
600803,2018-12-31,2019-03-12
600803,2019-03-31,2019-04-27
600803,2019-06-30,2019-08-28
600803,2019-09-30,2019-10-26
600803,2019-12-31,2020-03-13
600803,2020-03-31,2020-04-28
600803,2020-06-30,2020-08-31
600803,2020-09-30,2020-10-29
600803,2020-12-31,2021-03-23
600803,2021-03-31,2021-04-29
600803,2021-06-30,2021-08-24
600803,2021-09-30,2021-10-29
600803,2021-12-31,2022-03-19
600803,2022-03-31,2022-04-29
600803,2022-06-30,2022-08-20
600803,2022-09-30,2022-10-29
600803,2022-12-31,2023-03-25
600803,2023-03-31,2023-04-28
600803,2023-06-30,2023-08-25
600803,2023-09-30,2023-10-28
600803,2023-12-31,2024-03-23
600803,2024-03-31,2024-04-27
600803,2024-06-30,2024-08-24
600803,2024-09-30,2024-10-26
600803,2024-12-31,2025-03-27
600803,2025-03-31,2025-04-26
600803,2025-06-30,2025-08-28
600803,2025-09-30,2025-10-31
600803,2025-12-31,2026-03-28
600803,2026-03-31,2026-04-30
600803,2026-06-30,2026-08-29
002532,2015-03-31,2015-04-29
002532,2015-06-30,2015-08-18
002532,2015-09-30,2015-10-30
002532,2015-12-31,2016-03-31
002532,2016-03-31,2016-04-28
002532,2016-06-30,2016-08-30
002532,2016-09-30,2016-10-26
002532,2016-12-31,2017-04-28
002532,2017-03-31,2017-04-29
002532,2017-06-30,2017-08-30
002532,2017-09-30,2017-10-28
002532,2017-12-31,2018-03-31
002532,2018-03-31,2018-04-25
002532,2018-06-30,2018-08-29
002532,2018-09-30,2018-10-25
002532,2018-12-31,2019-03-25
002532,2019-03-31,2019-04-30
002532,2019-06-30,2019-08-29
002532,2019-09-30,2019-10-31
002532,2019-12-31,2020-04-30
002532,2020-03-31,2020-04-30
002532,2020-06-30,2020-08-08
002532,2020-09-30,2020-10-30
002532,2020-12-31,2021-04-08
002532,2021-03-31,2021-04-26
002532,2021-06-30,2021-08-10
002532,2021-09-30,2021-10-28
002532,2021-12-31,2022-04-08
002532,2022-03-31,2022-04-28
002532,2022-06-30,2022-08-25
002532,2022-09-30,2022-10-28
002532,2022-12-31,2023-03-18
002532,2023-03-31,2023-04-28
002532,2023-06-30,2023-08-30
002532,2023-09-30,2023-10-27
002532,2023-12-31,2024-04-09
002532,2024-03-31,2024-04-20
002532,2024-06-30,2024-08-20
002532,2024-09-30,2024-10-26
002532,2024-12-31,2025-04-18
002532,2025-03-31,2025-04-24
002532,2025-06-30,2025-08-28
002532,2025-09-30,2025-10-25
002532,2025-12-31,2026-03-30
002532,2026-03-31,2026-04-29
002532,2026-06-30,2026-08-19
002241,2015-03-31,2015-04-24
002241,2015-06-30,2015-08-20
002241,2015-09-30,2015-10-29
002241,2015-12-31,2016-03-29
002241,2016-03-31,2016-04-22
002241,2016-06-30,2016-08-18
002241,2016-09-30,2016-10-25
002241,2016-12-31,2017-03-22
002241,2017-03-31,2017-04-27
002241,2017-06-30,2017-08-18
002241,2017-09-30,2017-10-20
002241,2017-12-31,2018-03-30
002241,2018-03-31,2018-04-21
002241,2018-06-30,2018-08-22
002241,2018-09-30,2018-10-26
002241,2018-12-31,2019-04-20
002241,2019-03-31,2019-04-25
002241,2019-06-30,2019-08-21
002241,2019-09-30,2019-10-24
002241,2019-12-31,2020-04-17
002241,2020-03-31,2020-04-22
002241,2020-06-30,2020-08-21
002241,2020-09-30,2020-10-23
002241,2020-12-31,2021-03-27
002241,2021-03-31,2021-04-22
002241,2021-06-30,2021-08-27
002241,2021-09-30,2021-10-27
002241,2021-12-31,2022-03-30
002241,2022-03-31,2022-04-27
002241,2022-06-30,2022-08-30
002241,2022-09-30,2022-10-28
002241,2022-12-31,2023-04-18
002241,2023-03-31,2023-04-18
002241,2023-06-30,2023-08-29
002241,2023-09-30,2023-10-27
002241,2023-12-31,2024-03-28
002241,2024-03-31,2024-04-25
002241,2024-06-30,2024-08-15
002241,2024-09-30,2024-10-24
002241,2024-12-31,2025-03-27
002241,2025-03-31,2025-04-22
002241,2025-06-30,2025-08-22
002241,2025-09-30,2025-10-25
002241,2025-12-31,2026-04-24
002241,2026-03-31,2026-04-24
002241,2026-06-30,2026-08-21
601077,2019-12-31,2020-03-27
601077,2020-03-31,2020-04-25
601077,2020-06-30,2020-08-27
601077,2020-09-30,2020-10-30
601077,2020-12-31,2021-03-31
601077,2021-03-31,2021-04-30
601077,2021-06-30,2021-08-26
601077,2021-09-30,2021-10-29
601077,2021-12-31,2022-03-31
601077,2022-03-31,2022-04-29
601077,2022-06-30,2022-08-26
601077,2022-09-30,2022-10-29
601077,2022-12-31,2023-03-31
601077,2023-03-31,2023-04-28
601077,2023-06-30,2023-08-26
601077,2023-09-30,2023-10-28
601077,2023-12-31,2024-03-29
601077,2024-03-31,2024-04-27
601077,2024-06-30,2024-08-29
601077,2024-09-30,2024-10-30
601077,2024-12-31,2025-03-26
601077,2025-03-31,2025-04-26
601077,2025-06-30,2025-08-27
601077,2025-09-30,2025-10-29
601077,2025-12-31,2026-03-26
601077,2026-03-31,2026-04-29
601077,2026-06-30,2026-08-31
601088,2015-03-31,2015-04-25
601088,2015-06-30,2015-08-22
601088,2015-09-30,2015-10-24
601088,2015-12-31,2016-03-25
601088,2016-03-31,2016-04-30
601088,2016-06-30,2016-08-27
601088,2016-09-30,2016-10-29
601088,2016-12-31,2017-03-18
601088,2017-03-31,2017-04-29
601088,2017-06-30,2017-08-26
601088,2017-09-30,2017-10-28
601088,2017-12-31,2018-03-24
601088,2018-03-31,2018-04-28
601088,2018-06-30,2018-08-25
601088,2018-09-30,2018-10-31
601088,2018-12-31,2019-03-23
601088,2019-03-31,2019-04-26
601088,2019-06-30,2019-08-24
601088,2019-09-30,2019-10-29
601088,2019-12-31,2020-03-28
601088,2020-03-31,2020-04-25
601088,2020-06-30,2020-08-29
601088,2020-09-30,2020-10-26
601088,2020-12-31,2021-03-27
601088,2021-03-31,2021-04-24
601088,2021-06-30,2021-08-28
601088,2021-09-30,2021-10-23
601088,2021-12-31,2022-03-26
601088,2022-03-31,2022-04-28
601088,2022-06-30,2022-08-27
601088,2022-09-30,2022-10-29
601088,2022-12-31,2023-03-25
601088,2023-03-31,2023-04-29
601088,2023-06-30,2023-08-26
601088,2023-09-30,2023-10-28
601088,2023-12-31,2024-03-23
601088,2024-03-31,2024-04-27
601088,2024-06-30,2024-08-31
601088,2024-09-30,2024-10-26
601088,2024-12-31,2025-03-22
601088,2025-03-31,2025-04-26
601088,2025-06-30,2025-08-30
601088,2025-09-30,2025-10-25
601088,2025-12-31,2026-03-31
601088,2026-03-31,2026-04-25
601088,2026-06-30,2026-08-29
002916,2017-12-31,2018-03-13
002916,2018-03-31,2018-04-21
002916,2018-06-30,2018-08-03
002916,2018-09-30,2018-10-23
002916,2018-12-31,2019-03-13
002916,2019-03-31,2019-04-09
002916,2019-06-30,2019-08-10
002916,2019-09-30,2019-10-30
002916,2019-12-31,2020-03-20
002916,2020-03-31,2020-04-10
002916,2020-06-30,2020-08-20
002916,2020-09-30,2020-10-28
002916,2020-12-31,2021-03-13
002916,2021-03-31,2021-04-13
002916,2021-06-30,2021-08-20
002916,2021-09-30,2021-10-30
002916,2021-12-31,2022-03-15
002916,2022-03-31,2022-04-13
002916,2022-06-30,2022-08-19
002916,2022-09-30,2022-10-28
002916,2022-12-31,2023-03-15
002916,2023-03-31,2023-04-27
002916,2023-06-30,2023-08-24
002916,2023-09-30,2023-10-27
002916,2023-12-31,2024-03-15
002916,2024-03-31,2024-04-16
002916,2024-06-30,2024-08-28
002916,2024-09-30,2024-10-29
002916,2024-12-31,2025-03-13
002916,2025-03-31,2025-04-24
002916,2025-06-30,2025-08-28
002916,2025-09-30,2025-10-30
002916,2025-12-31,2026-03-13
002916,2026-03-31,2026-04-24
002916,2026-06-30,2026-08-27
600221,2015-03-31,2015-04-30
600221,2015-06-30,2015-08-14
600221,2015-09-30,2015-10-30
600221,2015-12-31,2016-03-25
600221,2016-03-31,2016-04-29
600221,2016-06-30,2016-08-30
600221,2016-09-30,2016-10-29
600221,2016-12-31,2017-03-29
600221,2017-03-31,2017-04-29
600221,2017-06-30,2017-08-26
600221,2017-09-30,2017-10-31
600221,2017-12-31,2018-03-23
600221,2018-03-31,2018-04-28
600221,2018-06-30,2018-08-30
600221,2018-09-30,2018-10-31
600221,2018-12-31,2019-04-30
600221,2019-03-31,2019-04-30
600221,2019-06-30,2019-08-30
600221,2019-09-30,2019-10-31
600221,2019-12-31,2020-04-30
600221,2020-03-31,2020-04-30
600221,2020-06-30,2020-08-29
600221,2020-09-30,2020-10-31
600221,2020-12-31,2021-04-30
600221,2021-03-31,2021-04-30
600221,2021-06-30,2021-08-31
600221,2021-09-30,2021-10-29
600221,2021-12-31,2022-04-30
600221,2022-03-31,2022-04-30
600221,2022-06-30,2022-08-31
600221,2022-09-30,2022-10-31
600221,2022-12-31,2023-04-21
600221,2023-03-31,2023-04-29
600221,2023-06-30,2023-08-31
600221,2023-09-30,2023-10-31
600221,2023-12-31,2024-04-27
600221,2024-03-31,2024-04-27
600221,2024-06-30,2024-08-31
600221,2024-09-30,2024-10-31
600221,2024-12-31,2025-04-30
600221,2025-03-31,2025-04-30
600221,2025-06-30,2025-08-30
600221,2025-09-30,2025-10-31
600221,2025-12-31,2026-04-18
600221,2026-03-31,2026-04-30
600221,2026-06-30,2026-08-25
600547,2015-03-31,2015-04-30
600547,2015-06-30,2015-08-26
600547,2015-09-30,2015-10-29
600547,2015-12-31,2016-03-31
600547,2016-03-31,2016-04-28
600547,2016-06-30,2016-08-30
600547,2016-09-30,2016-10-28
600547,2016-12-31,2017-03-28
600547,2017-03-31,2017-04-27
600547,2017-06-30,2017-08-31
600547,2017-09-30,2017-10-31
600547,2017-12-31,2018-03-07
600547,2018-03-31,2018-04-23
600547,2018-06-30,2018-08-14
600547,2018-09-30,2018-10-30
600547,2018-12-31,2019-03-29
600547,2019-03-31,2019-04-27
600547,2019-06-30,2019-08-30
600547,2019-09-30,2019-10-30
600547,2019-12-31,2020-04-17
600547,2020-03-31,2020-04-29
600547,2020-06-30,2020-08-28
600547,2020-09-30,2020-10-29
600547,2020-12-31,2021-03-31
600547,2021-03-31,2021-04-30
600547,2021-06-30,2021-08-27
600547,2021-09-30,2021-10-28
600547,2021-12-31,2022-03-29
600547,2022-03-31,2022-04-20
600547,2022-06-30,2022-08-26
600547,2022-09-30,2022-10-27
600547,2022-12-31,2023-03-30
600547,2023-03-31,2023-04-28
600547,2023-06-30,2023-08-30
600547,2023-09-30,2023-10-28
600547,2023-12-31,2024-03-29
600547,2024-03-31,2024-04-27
600547,2024-06-30,2024-08-29
600547,2024-09-30,2024-10-29
600547,2024-12-31,2025-03-28
600547,2025-03-31,2025-04-29
600547,2025-06-30,2025-08-28
600547,2025-09-30,2025-10-30
600547,2025-12-31,2026-03-27
600547,2026-03-31,2026-04-30
600547,2026-06-30,2026-08-29
601881,2016-12-31,2017-03-31
601881,2017-03-31,2017-04-29
601881,2017-06-30,2017-08-31
601881,2017-09-30,2017-10-31
601881,2017-12-31,2018-03-29
601881,2018-03-31,2018-04-27
601881,2018-06-30,2018-08-31
601881,2018-09-30,2018-10-31
601881,2018-12-31,2019-03-28
601881,2019-03-31,2019-04-25
601881,2019-06-30,2019-08-28
601881,2019-09-30,2019-10-29
601881,2019-12-31,2020-03-28
601881,2020-03-31,2020-04-28
601881,2020-06-30,2020-08-29
601881,2020-09-30,2020-10-31
601881,2020-12-31,2021-03-30
601881,2021-03-31,2021-04-30
601881,2021-06-30,2021-08-31
601881,2021-09-30,2021-10-30
601881,2021-12-31,2022-03-31
601881,2022-03-31,2022-04-30
601881,2022-06-30,2022-08-31
601881,2022-09-30,2022-10-28
601881,2022-12-31,2023-03-30
601881,2023-03-31,2023-04-28
601881,2023-06-30,2023-08-31
601881,2023-09-30,2023-10-31
601881,2023-12-31,2024-03-29
601881,2024-03-31,2024-04-30
601881,2024-06-30,2024-08-30
601881,2024-09-30,2024-10-31
601881,2024-12-31,2025-03-29
601881,2025-03-31,2025-04-30
601881,2025-06-30,2025-08-29
601881,2025-09-30,2025-10-31
601881,2025-12-31,2026-03-31
601881,2026-03-31,2026-04-30
601881,2026-06-30,2026-08-29
000708,2015-03-31,2015-04-25
000708,2015-06-30,2015-08-18
000708,2015-09-30,2015-10-20
000708,2015-12-31,2016-03-19
000708,2016-03-31,2016-04-19
000708,2016-06-30,2016-08-11
000708,2016-09-30,2016-10-22
000708,2016-12-31,2017-02-25
000708,2017-03-31,2017-04-22
000708,2017-06-30,2017-08-18
000708,2017-09-30,2017-10-27
000708,2017-12-31,2018-03-08
000708,2018-03-31,2018-04-21
000708,2018-06-30,2018-08-16
000708,2018-09-30,2018-10-27
000708,2018-12-31,2019-02-27
000708,2019-03-31,2019-04-23
000708,2019-06-30,2019-08-20
000708,2019-09-30,2019-10-23
000708,2019-12-31,2020-03-06
000708,2020-03-31,2020-04-22
000708,2020-06-30,2020-08-18
000708,2020-09-30,2020-10-17
000708,2020-12-31,2021-03-02
000708,2021-03-31,2021-04-28
000708,2021-06-30,2021-08-17
000708,2021-09-30,2021-10-12
000708,2021-12-31,2022-03-11
000708,2022-03-31,2022-04-23
000708,2022-06-30,2022-08-16
000708,2022-09-30,2022-10-26
000708,2022-12-31,2023-03-18
000708,2023-03-31,2023-04-22
000708,2023-06-30,2023-08-19
000708,2023-09-30,2023-10-28
000708,2023-12-31,2024-03-13
000708,2024-03-31,2024-04-23
000708,2024-06-30,2024-08-20
000708,2024-09-30,2024-10-26
000708,2024-12-31,2025-03-20
000708,2025-03-31,2025-04-19
000708,2025-06-30,2025-08-20
000708,2025-09-30,2025-10-25
000708,2025-12-31,2026-03-17
000708,2026-03-31,2026-04-23
000708,2026-06-30,2026-08-21
688041,2022-09-30,2022-10-27
688041,2022-12-31,2023-04-18
688041,2023-03-31,2023-04-26
688041,2023-06-30,2023-08-25
688041,2023-09-30,2023-10-18
688041,2023-12-31,2024-04-12
688041,2024-03-31,2024-04-26
688041,2024-06-30,2024-08-15
688041,2024-09-30,2024-10-16
688041,2024-12-31,2025-03-01
688041,2025-03-31,2025-04-22
688041,2025-06-30,2025-08-06
688041,2025-09-30,2025-10-16
688041,2025-12-31,2026-04-08
688041,2026-03-31,2026-04-08
688041,2026-06-30,2026-08-14
601117,2015-03-31,2015-04-17
601117,2015-06-30,2015-08-20
601117,2015-09-30,2015-10-29
601117,2015-12-31,2016-04-20
601117,2016-03-31,2016-04-20
601117,2016-06-30,2016-08-27
601117,2016-09-30,2016-10-28
601117,2016-12-31,2017-04-22
601117,2017-03-31,2017-04-26
601117,2017-06-30,2017-08-29
601117,2017-09-30,2017-10-28
601117,2017-12-31,2018-04-27
601117,2018-03-31,2018-04-27
601117,2018-06-30,2018-08-30
601117,2018-09-30,2018-10-31
601117,2018-12-31,2019-04-12
601117,2019-03-31,2019-04-30
601117,2019-06-30,2019-08-30
601117,2019-09-30,2019-10-31
601117,2019-12-31,2020-04-24
601117,2020-03-31,2020-04-30
601117,2020-06-30,2020-08-21
601117,2020-09-30,2020-10-31
601117,2020-12-31,2021-04-29
601117,2021-03-31,2021-04-29
601117,2021-06-30,2021-08-30
601117,2021-09-30,2021-10-30
601117,2021-12-31,2022-04-28
601117,2022-03-31,2022-04-28
601117,2022-06-30,2022-08-16
601117,2022-09-30,2022-10-29
601117,2022-12-31,2023-03-28
601117,2023-03-31,2023-04-29
601117,2023-06-30,2023-08-31
601117,2023-09-30,2023-10-28
601117,2023-12-31,2024-04-29
601117,2024-03-31,2024-04-29
601117,2024-06-30,2024-08-31
601117,2024-09-30,2024-10-31
601117,2024-12-31,2025-04-30
601117,2025-03-31,2025-04-30
601117,2025-06-30,2025-08-26
601117,2025-09-30,2025-10-30
601117,2025-12-31,2026-03-25
601117,2026-03-31,2026-04-28
601117,2026-06-30,2026-08-31
600584,2015-03-31,2015-04-30
600584,2015-06-30,2015-08-27
600584,2015-09-30,2015-10-31
600584,2015-12-31,2016-04-29
600584,2016-03-31,2016-04-29
600584,2016-06-30,2016-08-25
600584,2016-09-30,2016-10-29
600584,2016-12-31,2017-04-20
600584,2017-03-31,2017-04-29
600584,2017-06-30,2017-08-26
600584,2017-09-30,2017-10-30
600584,2017-12-31,2018-04-12
600584,2018-03-31,2018-04-28
600584,2018-06-30,2018-08-29
600584,2018-09-30,2018-10-31
600584,2018-12-31,2019-04-27
600584,2019-03-31,2019-04-30
600584,2019-06-30,2019-08-29
600584,2019-09-30,2019-10-30
600584,2019-12-31,2020-04-30
600584,2020-03-31,2020-04-30
600584,2020-06-30,2020-08-21
600584,2020-09-30,2020-10-31
600584,2020-12-31,2021-04-29
600584,2021-03-31,2021-04-29
600584,2021-06-30,2021-08-21
600584,2021-09-30,2021-10-28
600584,2021-12-31,2022-03-31
600584,2022-03-31,2022-04-30
600584,2022-06-30,2022-08-19
600584,2022-09-30,2022-10-28
600584,2022-12-31,2023-03-31
600584,2023-03-31,2023-04-26
600584,2023-06-30,2023-08-26
600584,2023-09-30,2023-10-28
600584,2023-12-31,2024-04-19
600584,2024-03-31,2024-04-25
600584,2024-06-30,2024-08-24
600584,2024-09-30,2024-10-26
600584,2024-12-31,2025-04-21
600584,2025-03-31,2025-04-29
600584,2025-06-30,2025-08-21
600584,2025-09-30,2025-10-24
600584,2025-12-31,2026-04-10
600584,2026-03-31,2026-04-29
600584,2026-06-30,2026-08-21
300015,2015-03-31,2015-04-21
300015,2015-06-30,2015-08-20
300015,2015-09-30,2015-10-23
300015,2015-12-31,2016-03-29
300015,2016-03-31,2016-04-21
300015,2016-06-30,2016-08-20
300015,2016-09-30,2016-10-25
300015,2016-12-31,2017-04-06
300015,2017-03-31,2017-04-25
300015,2017-06-30,2017-08-26
300015,2017-09-30,2017-10-24
300015,2017-12-31,2018-04-21
300015,2018-03-31,2018-04-25
300015,2018-06-30,2018-08-25
300015,2018-09-30,2018-10-27
300015,2018-12-31,2019-04-26
300015,2019-03-31,2019-04-26
300015,2019-06-30,2019-08-23
300015,2019-09-30,2019-10-26
300015,2019-12-31,2020-04-23
300015,2020-03-31,2020-04-29
300015,2020-06-30,2020-08-26
300015,2020-09-30,2020-10-27
300015,2020-12-31,2021-04-23
300015,2021-03-31,2021-04-23
300015,2021-06-30,2021-08-27
300015,2021-09-30,2021-10-26
300015,2021-12-31,2022-04-26
300015,2022-03-31,2022-04-26
300015,2022-06-30,2022-08-25
300015,2022-09-30,2022-10-26
300015,2022-12-31,2023-04-26
300015,2023-03-31,2023-04-26
300015,2023-06-30,2023-08-25
300015,2023-09-30,2023-10-26
300015,2023-12-31,2024-04-26
300015,2024-03-31,2024-04-26
300015,2024-06-30,2024-08-24
300015,2024-09-30,2024-10-31
300015,2024-12-31,2025-04-25
300015,2025-03-31,2025-04-25
300015,2025-06-30,2025-08-27
300015,2025-09-30,2025-10-28
300015,2025-12-31,2026-04-24
300015,2026-03-31,2026-04-24
300015,2026-06-30,2026-08-28
688082,2021-12-31,2022-03-02
688082,2022-03-31,2022-04-28
688082,2022-06-30,2022-08-08
688082,2022-09-30,2022-10-28
688082,2022-12-31,2023-02-25
688082,2023-03-31,2023-04-27
688082,2023-06-30,2023-08-05
688082,2023-09-30,2023-10-28
688082,2023-12-31,2024-02-29
688082,2024-03-31,2024-04-27
688082,2024-06-30,2024-08-08
688082,2024-09-30,2024-10-31
688082,2024-12-31,2025-02-27
688082,2025-03-31,2025-04-30
688082,2025-06-30,2025-08-07
688082,2025-09-30,2025-10-30
688082,2025-12-31,2026-02-27
688082,2026-03-31,2026-04-28
688082,2026-06-30,2026-08-08
600023,2015-03-31,2015-04-28
600023,2015-06-30,2015-08-20
600023,2015-09-30,2015-10-29
600023,2015-12-31,2016-04-09
600023,2016-03-31,2016-04-28
600023,2016-06-30,2016-08-16
600023,2016-09-30,2016-10-28
600023,2016-12-31,2017-04-08
600023,2017-03-31,2017-04-26
600023,2017-06-30,2017-08-19
600023,2017-09-30,2017-10-28
600023,2017-12-31,2018-04-11
600023,2018-03-31,2018-04-26
600023,2018-06-30,2018-08-23
600023,2018-09-30,2018-10-27
600023,2018-12-31,2019-04-16
600023,2019-03-31,2019-04-27
600023,2019-06-30,2019-08-27
600023,2019-09-30,2019-10-30
600023,2019-12-31,2020-04-28
600023,2020-03-31,2020-04-28
600023,2020-06-30,2020-08-26
600023,2020-09-30,2020-10-30
600023,2020-12-31,2021-04-28
600023,2021-03-31,2021-04-28
600023,2021-06-30,2021-08-28
600023,2021-09-30,2021-10-29
600023,2021-12-31,2022-04-29
600023,2022-03-31,2022-04-29
600023,2022-06-30,2022-08-27
600023,2022-09-30,2022-10-29
600023,2022-12-31,2023-04-28
600023,2023-03-31,2023-04-28
600023,2023-06-30,2023-08-30
600023,2023-09-30,2023-10-28
600023,2023-12-31,2024-04-30
600023,2024-03-31,2024-04-30
600023,2024-06-30,2024-08-30
600023,2024-09-30,2024-10-30
600023,2024-12-31,2025-04-29
600023,2025-03-31,2025-04-29
600023,2025-06-30,2025-08-29
600023,2025-09-30,2025-10-30
600023,2025-12-31,2026-04-28
600023,2026-03-31,2026-04-28
600023,2026-06-30,2026-08-29
600989,2019-06-30,2019-08-09
600989,2019-09-30,2019-10-25
600989,2019-12-31,2020-03-16
600989,2020-03-31,2020-04-28
600989,2020-06-30,2020-08-11
600989,2020-09-30,2020-10-26
600989,2020-12-31,2021-03-11
600989,2021-03-31,2021-04-19
600989,2021-06-30,2021-08-10
600989,2021-09-30,2021-10-28
600989,2021-12-31,2022-03-10
600989,2022-03-31,2022-04-19
600989,2022-06-30,2022-08-10
600989,2022-09-30,2022-10-28
600989,2022-12-31,2023-03-10
600989,2023-03-31,2023-04-21
600989,2023-06-30,2023-08-26
600989,2023-09-30,2023-10-28
600989,2023-12-31,2024-03-22
600989,2024-03-31,2024-04-26
600989,2024-06-30,2024-08-13
600989,2024-09-30,2024-10-31
600989,2024-12-31,2025-03-12
600989,2025-03-31,2025-04-23
600989,2025-06-30,2025-08-22
600989,2025-09-30,2025-10-24
600989,2025-12-31,2026-03-13
600989,2026-03-31,2026-04-24
600989,2026-06-30,2026-08-13
600009,2015-03-31,2015-04-28
600009,2015-06-30,2015-08-28
600009,2015-09-30,2015-10-28
600009,2015-12-31,2016-03-12
600009,2016-03-31,2016-04-28
600009,2016-06-30,2016-08-27
600009,2016-09-30,2016-10-29
600009,2016-12-31,2017-03-18
600009,2017-03-31,2017-04-28
600009,2017-06-30,2017-08-26
600009,2017-09-30,2017-10-28
600009,2017-12-31,2018-03-24
600009,2018-03-31,2018-04-27
600009,2018-06-30,2018-08-25
600009,2018-09-30,2018-10-30
600009,2018-12-31,2019-03-23
600009,2019-03-31,2019-04-27
600009,2019-06-30,2019-08-28
600009,2019-09-30,2019-10-30
600009,2019-12-31,2020-03-28
600009,2020-03-31,2020-04-29
600009,2020-06-30,2020-08-29
600009,2020-09-30,2020-10-31
600009,2020-12-31,2021-03-27
600009,2021-03-31,2021-04-29
600009,2021-06-30,2021-08-28
600009,2021-09-30,2021-10-23
600009,2021-12-31,2022-04-16
600009,2022-03-31,2022-04-30
600009,2022-06-30,2022-08-31
600009,2022-09-30,2022-10-29
600009,2022-12-31,2023-04-29
600009,2023-03-31,2023-04-29
600009,2023-06-30,2023-08-31
600009,2023-09-30,2023-10-31
600009,2023-12-31,2024-03-30
600009,2024-03-31,2024-04-30
600009,2024-06-30,2024-08-17
600009,2024-09-30,2024-10-31
600009,2024-12-31,2025-04-29
600009,2025-03-31,2025-04-29
600009,2025-06-30,2025-08-30
600009,2025-09-30,2025-10-31
600009,2025-12-31,2026-04-30
600009,2026-03-31,2026-04-30
600009,2026-06-30,2026-08-20
601868,2021-09-30,2021-10-29
601868,2021-12-31,2022-03-30
601868,2022-03-31,2022-04-30
601868,2022-06-30,2022-08-31
601868,2022-09-30,2022-10-29
601868,2022-12-31,2023-03-31
601868,2023-03-31,2023-04-28
601868,2023-06-30,2023-08-31
601868,2023-09-30,2023-10-28
601868,2023-12-31,2024-03-29
601868,2024-03-31,2024-04-30
601868,2024-06-30,2024-08-31
601868,2024-09-30,2024-10-31
601868,2024-12-31,2025-03-29
601868,2025-03-31,2025-04-30
601868,2025-06-30,2025-08-29
601868,2025-09-30,2025-10-31
601868,2025-12-31,2026-03-28
601868,2026-03-31,2026-04-30
601868,2026-06-30,2026-08-31
601698,2019-06-30,2019-08-27
601698,2019-09-30,2019-10-30
601698,2019-12-31,2020-04-17
601698,2020-03-31,2020-04-30
601698,2020-06-30,2020-08-31
601698,2020-09-30,2020-10-31
601698,2020-12-31,2021-04-27
601698,2021-03-31,2021-04-30
601698,2021-06-30,2021-08-27
601698,2021-09-30,2021-10-30
601698,2021-12-31,2022-04-29
601698,2022-03-31,2022-04-30
601698,2022-06-30,2022-08-31
601698,2022-09-30,2022-10-31
601698,2022-12-31,2023-04-28
601698,2023-03-31,2023-04-29
601698,2023-06-30,2023-08-31
601698,2023-09-30,2023-10-31
601698,2023-12-31,2024-04-02
601698,2024-03-31,2024-04-30
601698,2024-06-30,2024-08-31
601698,2024-09-30,2024-10-31
601698,2024-12-31,2025-04-02
601698,2025-03-31,2025-04-30
601698,2025-06-30,2025-08-28
601698,2025-09-30,2025-10-31
601698,2025-12-31,2026-04-01
601698,2026-03-31,2026-04-30
601698,2026-06-30,2026-08-25
301269,2022-06-30,2022-08-25
301269,2022-09-30,2022-10-25
301269,2022-12-31,2023-04-28
301269,2023-03-31,2023-04-28
301269,2023-06-30,2023-07-28
301269,2023-09-30,2023-10-31
301269,2023-12-31,2024-04-29
301269,2024-03-31,2024-04-29
301269,2024-06-30,2024-08-09
301269,2024-09-30,2024-10-30
301269,2024-12-31,2025-04-28
301269,2025-03-31,2025-04-29
301269,2025-06-30,2025-08-16
301269,2025-09-30,2025-10-30
301269,2025-12-31,2026-04-28
301269,2026-03-31,2026-04-28
301269,2026-06-30,2026-08-29
300413,2015-03-31,2015-04-24
300413,2015-06-30,2015-08-21
300413,2015-09-30,2015-10-24
300413,2015-12-31,2016-04-23
300413,2016-03-31,2016-04-27
300413,2016-06-30,2016-08-20
300413,2016-09-30,2016-10-27
300413,2016-12-31,2017-04-21
300413,2017-03-31,2017-04-25
300413,2017-06-30,2017-08-28
300413,2017-09-30,2017-10-27
300413,2017-12-31,2018-03-01
300413,2018-03-31,2018-04-26
300413,2018-06-30,2018-08-30
300413,2018-09-30,2018-10-29
300413,2018-12-31,2019-04-30
300413,2019-03-31,2019-04-30
300413,2019-06-30,2019-08-30
300413,2019-09-30,2019-10-29
300413,2019-12-31,2020-04-25
300413,2020-03-31,2020-04-25
300413,2020-06-30,2020-08-27
300413,2020-09-30,2020-10-30
300413,2020-12-31,2021-04-26
300413,2021-03-31,2021-04-26
300413,2021-06-30,2021-08-18
300413,2021-09-30,2021-10-28
300413,2021-12-31,2022-04-25
300413,2022-03-31,2022-04-25
300413,2022-06-30,2022-08-18
300413,2022-09-30,2022-10-25
300413,2022-12-31,2023-04-22
300413,2023-03-31,2023-04-22
300413,2023-06-30,2023-08-18
300413,2023-09-30,2023-10-25
300413,2023-12-31,2024-04-22
300413,2024-03-31,2024-04-22
300413,2024-06-30,2024-08-22
300413,2024-09-30,2024-10-26
300413,2024-12-31,2025-04-26
300413,2025-03-31,2025-04-26
300413,2025-06-30,2025-08-23
300413,2025-09-30,2025-10-25
300413,2025-12-31,2026-04-25
300413,2026-03-31,2026-04-25
300413,2026-06-30,2026-08-22
601288,2015-03-31,2015-04-29
601288,2015-06-30,2015-08-28
601288,2015-09-30,2015-10-24
601288,2015-12-31,2016-04-01
601288,2016-03-31,2016-04-29
601288,2016-06-30,2016-08-27
601288,2016-09-30,2016-10-29
601288,2016-12-31,2017-03-29
601288,2017-03-31,2017-04-29
601288,2017-06-30,2017-08-31
601288,2017-09-30,2017-10-31
601288,2017-12-31,2018-03-27
601288,2018-03-31,2018-04-28
601288,2018-06-30,2018-08-29
601288,2018-09-30,2018-10-31
601288,2018-12-31,2019-03-30
601288,2019-03-31,2019-04-27
601288,2019-06-30,2019-08-31
601288,2019-09-30,2019-10-26
601288,2019-12-31,2020-03-31
601288,2020-03-31,2020-04-29
601288,2020-06-30,2020-08-31
601288,2020-09-30,2020-10-31
601288,2020-12-31,2021-03-31
601288,2021-03-31,2021-04-30
601288,2021-06-30,2021-08-31
601288,2021-09-30,2021-10-29
601288,2021-12-31,2022-03-31
601288,2022-03-31,2022-04-30
601288,2022-06-30,2022-08-30
601288,2022-09-30,2022-10-29
601288,2022-12-31,2023-03-31
601288,2023-03-31,2023-04-29
601288,2023-06-30,2023-08-30
601288,2023-09-30,2023-10-28
601288,2023-12-31,2024-03-29
601288,2024-03-31,2024-04-30
601288,2024-06-30,2024-08-31
601288,2024-09-30,2024-10-31
601288,2024-12-31,2025-03-29
601288,2025-03-31,2025-04-30
601288,2025-06-30,2025-08-30
601288,2025-09-30,2025-10-31
601288,2025-12-31,2026-03-31
601288,2026-03-31,2026-04-30
601288,2026-06-30,2026-08-29
001979,2015-12-31,2016-03-29
001979,2016-03-31,2016-04-28
001979,2016-06-30,2016-08-23
001979,2016-09-30,2016-10-31
001979,2016-12-31,2017-03-28
001979,2017-03-31,2017-04-21
001979,2017-06-30,2017-08-22
001979,2017-09-30,2017-10-31
001979,2017-12-31,2018-03-27
001979,2018-03-31,2018-04-24
001979,2018-06-30,2018-08-21
001979,2018-09-30,2018-10-23
001979,2018-12-31,2019-03-19
001979,2019-03-31,2019-04-30
001979,2019-06-30,2019-08-27
001979,2019-09-30,2019-10-30
001979,2019-12-31,2020-04-21
001979,2020-03-31,2020-04-30
001979,2020-06-30,2020-08-25
001979,2020-09-30,2020-10-20
001979,2020-12-31,2021-03-23
001979,2021-03-31,2021-04-20
001979,2021-06-30,2021-08-24
001979,2021-09-30,2021-10-28
001979,2021-12-31,2022-03-22
001979,2022-03-31,2022-04-28
001979,2022-06-30,2022-08-30
001979,2022-09-30,2022-10-31
001979,2022-12-31,2023-03-21
001979,2023-03-31,2023-04-22
001979,2023-06-30,2023-08-29
001979,2023-09-30,2023-10-31
001979,2023-12-31,2024-03-19
001979,2024-03-31,2024-04-30
001979,2024-06-30,2024-08-31
001979,2024-09-30,2024-10-31
001979,2024-12-31,2025-03-18
001979,2025-03-31,2025-04-30
001979,2025-06-30,2025-08-29
001979,2025-09-30,2025-10-31
001979,2025-12-31,2026-03-17
001979,2026-03-31,2026-04-30
001979,2026-06-30,2026-08-29
000333,2015-03-31,2015-04-29
000333,2015-06-30,2015-08-31
000333,2015-09-30,2015-10-29
000333,2015-12-31,2016-03-26
000333,2016-03-31,2016-04-30
000333,2016-06-30,2016-08-31
000333,2016-09-30,2016-10-31
000333,2016-12-31,2017-03-31
000333,2017-03-31,2017-04-29
000333,2017-06-30,2017-08-31
000333,2017-09-30,2017-10-31
000333,2017-12-31,2018-03-31
000333,2018-03-31,2018-04-28
000333,2018-06-30,2018-08-31
000333,2018-09-30,2018-10-31
000333,2018-12-31,2019-04-20
000333,2019-03-31,2019-04-30
000333,2019-06-30,2019-08-31
000333,2019-09-30,2019-10-31
000333,2019-12-31,2020-04-30
000333,2020-03-31,2020-04-30
000333,2020-06-30,2020-08-31
000333,2020-09-30,2020-10-31
000333,2020-12-31,2021-04-30
000333,2021-03-31,2021-04-30
000333,2021-06-30,2021-08-31
000333,2021-09-30,2021-10-30
000333,2021-12-31,2022-04-30
000333,2022-03-31,2022-04-30
000333,2022-06-30,2022-08-31
000333,2022-09-30,2022-10-29
000333,2022-12-31,2023-04-29
000333,2023-03-31,2023-04-29
000333,2023-06-30,2023-08-31
000333,2023-09-30,2023-10-31
000333,2023-12-31,2024-03-28
000333,2024-03-31,2024-04-30
000333,2024-06-30,2024-08-20
000333,2024-09-30,2024-10-31
000333,2024-12-31,2025-03-29
000333,2025-03-31,2025-04-30
000333,2025-06-30,2025-08-30
000333,2025-09-30,2025-10-30
000333,2025-12-31,2026-03-31
000333,2026-03-31,2026-04-30
000333,2026-06-30,2026-08-29
600183,2015-03-31,2015-04-30
600183,2015-06-30,2015-08-27
600183,2015-09-30,2015-10-31
600183,2015-12-31,2016-03-18
600183,2016-03-31,2016-04-28
600183,2016-06-30,2016-08-26
600183,2016-09-30,2016-10-31
600183,2016-12-31,2017-03-31
600183,2017-03-31,2017-04-29
600183,2017-06-30,2017-08-31
600183,2017-09-30,2017-10-31
600183,2017-12-31,2018-03-28
600183,2018-03-31,2018-04-26
600183,2018-06-30,2018-08-15
600183,2018-09-30,2018-10-30
600183,2018-12-31,2019-03-27
600183,2019-03-31,2019-04-25
600183,2019-06-30,2019-08-13
600183,2019-09-30,2019-10-30
600183,2019-12-31,2020-03-25
600183,2020-03-31,2020-04-29
600183,2020-06-30,2020-08-11
600183,2020-09-30,2020-10-24
600183,2020-12-31,2021-03-30
600183,2021-03-31,2021-04-30
600183,2021-06-30,2021-08-14
600183,2021-09-30,2021-10-28
600183,2021-12-31,2022-03-29
600183,2022-03-31,2022-04-30
600183,2022-06-30,2022-08-13
600183,2022-09-30,2022-10-28
600183,2022-12-31,2023-03-29
600183,2023-03-31,2023-04-29
600183,2023-06-30,2023-08-18
600183,2023-09-30,2023-10-27
600183,2023-12-31,2024-03-29
600183,2024-03-31,2024-04-27
600183,2024-06-30,2024-08-28
600183,2024-09-30,2024-10-29
600183,2024-12-31,2025-03-29
600183,2025-03-31,2025-04-29
600183,2025-06-30,2025-08-16
600183,2025-09-30,2025-10-29
600183,2025-12-31,2026-04-25
600183,2026-03-31,2026-04-29
600183,2026-06-30,2026-08-15
603893,2019-12-31,2020-04-23
603893,2020-03-31,2020-04-30
603893,2020-06-30,2020-08-28
603893,2020-09-30,2020-10-29
603893,2020-12-31,2021-04-27
603893,2021-03-31,2021-04-27
603893,2021-06-30,2021-08-27
603893,2021-09-30,2021-10-28
603893,2021-12-31,2022-03-22
603893,2022-03-31,2022-04-28
603893,2022-06-30,2022-08-10
603893,2022-09-30,2022-10-28
603893,2022-12-31,2023-04-10
603893,2023-03-31,2023-04-26
603893,2023-06-30,2023-08-15
603893,2023-09-30,2023-10-19
603893,2023-12-31,2024-04-15
603893,2024-03-31,2024-04-26
603893,2024-06-30,2024-08-27
603893,2024-09-30,2024-10-23
603893,2024-12-31,2025-04-23
603893,2025-03-31,2025-04-23
603893,2025-06-30,2025-08-19
603893,2025-09-30,2025-10-28
603893,2025-12-31,2026-04-15
603893,2026-03-31,2026-04-22
603893,2026-06-30,2026-08-18
000657,2015-03-31,2015-04-30
000657,2015-06-30,2015-08-31
000657,2015-09-30,2015-10-27
000657,2015-12-31,2016-04-27
000657,2016-03-31,2016-04-27
000657,2016-06-30,2016-08-31
000657,2016-09-30,2016-10-28
000657,2016-12-31,2017-04-29
000657,2017-03-31,2017-04-29
000657,2017-06-30,2017-08-31
000657,2017-09-30,2017-10-31
000657,2017-12-31,2018-04-20
000657,2018-03-31,2018-04-20
000657,2018-06-30,2018-08-31
000657,2018-09-30,2018-10-29
000657,2018-12-31,2019-04-19
000657,2019-03-31,2019-04-29
000657,2019-06-30,2019-08-19
000657,2019-09-30,2019-10-30
000657,2019-12-31,2020-04-27
000657,2020-03-31,2020-04-27
000657,2020-06-30,2020-08-24
000657,2020-09-30,2020-10-29
000657,2020-12-31,2021-04-30
000657,2021-03-31,2021-04-30
000657,2021-06-30,2021-08-26
000657,2021-09-30,2021-10-26
000657,2021-12-31,2022-04-29
000657,2022-03-31,2022-04-29
000657,2022-06-30,2022-08-25
000657,2022-09-30,2022-10-27
000657,2022-12-31,2023-04-28
000657,2023-03-31,2023-04-28
000657,2023-06-30,2023-08-23
000657,2023-09-30,2023-10-27
000657,2023-12-31,2024-04-26
000657,2024-03-31,2024-04-26
000657,2024-06-30,2024-08-23
000657,2024-09-30,2024-10-26
000657,2024-12-31,2025-04-25
000657,2025-03-31,2025-04-25
000657,2025-06-30,2025-08-27
000657,2025-09-30,2025-10-27
000657,2025-12-31,2026-04-27
000657,2026-03-31,2026-04-27
000657,2026-06-30,2026-08-24
000858,2015-03-31,2015-04-29
000858,2015-06-30,2015-08-28
000858,2015-09-30,2015-10-29
000858,2015-12-31,2016-03-28
000858,2016-03-31,2016-04-29
000858,2016-06-30,2016-08-24
000858,2016-09-30,2016-10-28
000858,2016-12-31,2017-03-31
000858,2017-03-31,2017-04-28
000858,2017-06-30,2017-08-28
000858,2017-09-30,2017-10-27
000858,2017-12-31,2018-04-28
000858,2018-03-31,2018-04-28
000858,2018-06-30,2018-08-28
000858,2018-09-30,2018-10-29
000858,2018-12-31,2019-03-28
000858,2019-03-31,2019-04-29
000858,2019-06-30,2019-08-31
000858,2019-09-30,2019-10-31
000858,2019-12-31,2020-04-28
000858,2020-03-31,2020-04-28
000858,2020-06-30,2020-08-28
000858,2020-09-30,2020-10-30
000858,2020-12-31,2021-04-28
000858,2021-03-31,2021-04-28
000858,2021-06-30,2021-08-30
000858,2021-09-30,2021-10-30
000858,2021-12-31,2022-04-29
000858,2022-03-31,2022-04-29
000858,2022-06-30,2022-08-26
000858,2022-09-30,2022-10-28
000858,2022-12-31,2023-04-29
000858,2023-03-31,2023-04-29
000858,2023-06-30,2023-08-26
000858,2023-09-30,2023-10-28
000858,2023-12-31,2024-04-29
000858,2024-03-31,2024-04-29
000858,2024-06-30,2024-08-29
000858,2024-09-30,2024-10-31
000858,2024-12-31,2025-04-26
000858,2025-03-31,2025-04-26
000858,2025-06-30,2025-08-28
000858,2025-09-30,2025-10-31
000858,2025-12-31,2026-04-30
000858,2026-03-31,2026-04-30
000858,2026-06-30,2026-08-29
601100,2015-03-31,2015-04-28
601100,2015-06-30,2015-08-18
601100,2015-09-30,2015-10-27
601100,2015-12-31,2016-04-12
601100,2016-03-31,2016-04-30
601100,2016-06-30,2016-08-23
601100,2016-09-30,2016-10-25
601100,2016-12-31,2017-04-25
601100,2017-03-31,2017-04-25
601100,2017-06-30,2017-08-15
601100,2017-09-30,2017-10-31
601100,2017-12-31,2018-04-17
601100,2018-03-31,2018-04-26
601100,2018-06-30,2018-08-21
601100,2018-09-30,2018-10-30
601100,2018-12-31,2019-04-23
601100,2019-03-31,2019-04-23
601100,2019-06-30,2019-08-27
601100,2019-09-30,2019-10-30
601100,2019-12-31,2020-04-30
601100,2020-03-31,2020-04-30
601100,2020-06-30,2020-08-25
601100,2020-09-30,2020-10-27
601100,2020-12-31,2021-04-27
601100,2021-03-31,2021-04-27
601100,2021-06-30,2021-08-24
601100,2021-09-30,2021-10-30
601100,2021-12-31,2022-04-26
601100,2022-03-31,2022-04-26
601100,2022-06-30,2022-08-30
601100,2022-09-30,2022-10-25
601100,2022-12-31,2023-04-25
601100,2023-03-31,2023-04-25
601100,2023-06-30,2023-08-29
601100,2023-09-30,2023-10-31
601100,2023-12-31,2024-04-23
601100,2024-03-31,2024-04-23
601100,2024-06-30,2024-08-27
601100,2024-09-30,2024-10-29
601100,2024-12-31,2025-04-29
601100,2025-03-31,2025-04-29
601100,2025-06-30,2025-08-26
601100,2025-09-30,2025-10-28
601100,2025-12-31,2026-04-21
601100,2026-03-31,2026-04-28
601100,2026-06-30,2026-08-25
301308,2022-06-30,2022-08-25
301308,2022-09-30,2022-10-26
301308,2022-12-31,2023-03-22
301308,2023-03-31,2023-04-25
301308,2023-06-30,2023-08-31
301308,2023-09-30,2023-10-27
301308,2023-12-31,2024-04-22
301308,2024-03-31,2024-04-22
301308,2024-06-30,2024-08-27
301308,2024-09-30,2024-10-29
301308,2024-12-31,2025-03-21
301308,2025-03-31,2025-04-28
301308,2025-06-30,2025-08-23
301308,2025-09-30,2025-10-30
301308,2025-12-31,2026-04-28
301308,2026-03-31,2026-04-28
301308,2026-06-30,2026-08-11
000938,2015-03-31,2015-04-28
000938,2015-06-30,2015-08-28
000938,2015-09-30,2015-10-29
000938,2015-12-31,2016-04-30
000938,2016-03-31,2016-04-30
000938,2016-06-30,2016-08-31
000938,2016-09-30,2016-10-28
000938,2016-12-31,2017-04-28
000938,2017-03-31,2017-04-28
000938,2017-06-30,2017-08-25
000938,2017-09-30,2017-10-25
000938,2017-12-31,2018-04-26
000938,2018-03-31,2018-04-26
000938,2018-06-30,2018-08-25
000938,2018-09-30,2018-10-31
000938,2018-12-31,2019-04-12
000938,2019-03-31,2019-04-19
000938,2019-06-30,2019-08-24
000938,2019-09-30,2019-10-31
000938,2019-12-31,2020-04-25
000938,2020-03-31,2020-04-25
000938,2020-06-30,2020-08-25
000938,2020-09-30,2020-10-30
000938,2020-12-31,2021-04-24
000938,2021-03-31,2021-04-30
000938,2021-06-30,2021-08-28
000938,2021-09-30,2021-10-30
000938,2021-12-31,2022-03-26
000938,2022-03-31,2022-04-29
000938,2022-06-30,2022-08-20
000938,2022-09-30,2022-10-29
000938,2022-12-31,2023-03-31
000938,2023-03-31,2023-04-28
000938,2023-06-30,2023-08-25
000938,2023-09-30,2023-10-30
000938,2023-12-31,2024-04-30
000938,2024-03-31,2024-04-30
000938,2024-06-30,2024-08-27
000938,2024-09-30,2024-10-31
000938,2024-12-31,2025-04-29
000938,2025-03-31,2025-04-29
000938,2025-06-30,2025-08-30
000938,2025-09-30,2025-10-31
000938,2025-12-31,2026-04-15
000938,2026-03-31,2026-04-29
000938,2026-06-30,2026-08-29
603501,2017-06-30,2017-08-24
603501,2017-09-30,2017-10-23
603501,2017-12-31,2018-04-10
603501,2018-03-31,2018-04-28
603501,2018-06-30,2018-07-31
603501,2018-09-30,2018-10-20
603501,2018-12-31,2019-03-28
603501,2019-03-31,2019-04-26
603501,2019-06-30,2019-08-30
603501,2019-09-30,2019-10-31
603501,2019-12-31,2020-04-10
603501,2020-03-31,2020-04-24
603501,2020-06-30,2020-08-21
603501,2020-09-30,2020-10-29
603501,2020-12-31,2021-04-16
603501,2021-03-31,2021-04-23
603501,2021-06-30,2021-08-27
603501,2021-09-30,2021-10-30
603501,2021-12-31,2022-04-19
603501,2022-03-31,2022-04-27
603501,2022-06-30,2022-08-12
603501,2022-09-30,2022-10-29
603501,2022-12-31,2023-04-08
603501,2023-03-31,2023-04-19
603501,2023-06-30,2023-08-15
603501,2023-09-30,2023-10-28
603501,2023-12-31,2024-04-27
603501,2024-03-31,2024-04-27
603501,2024-06-30,2024-08-20
603501,2024-09-30,2024-10-26
603501,2024-12-31,2025-04-16
603501,2025-03-31,2025-04-30
603501,2025-06-30,2025-08-30
603501,2025-09-30,2025-10-29
603501,2025-12-31,2026-03-31
603501,2026-03-31,2026-04-30
603501,2026-06-30,2026-08-25
002493,2015-03-31,2015-04-23
002493,2015-06-30,2015-08-25
002493,2015-09-30,2015-10-28
002493,2015-12-31,2016-04-26
002493,2016-03-31,2016-04-26
002493,2016-06-30,2016-08-10
002493,2016-09-30,2016-10-26
002493,2016-12-31,2017-04-18
002493,2017-03-31,2017-04-26
002493,2017-06-30,2017-08-15
002493,2017-09-30,2017-10-27
002493,2017-12-31,2018-03-28
002493,2018-03-31,2018-04-26
002493,2018-06-30,2018-08-18
002493,2018-09-30,2018-10-26
002493,2018-12-31,2019-04-17
002493,2019-03-31,2019-04-26
002493,2019-06-30,2019-08-10
002493,2019-09-30,2019-10-28
002493,2019-12-31,2020-04-23
002493,2020-03-31,2020-04-30
002493,2020-06-30,2020-08-12
002493,2020-09-30,2020-10-29
002493,2020-12-31,2021-04-15
002493,2021-03-31,2021-04-28
002493,2021-06-30,2021-08-13
002493,2021-09-30,2021-10-27
002493,2021-12-31,2022-04-26
002493,2022-03-31,2022-04-29
002493,2022-06-30,2022-08-18
002493,2022-09-30,2022-10-26
002493,2022-12-31,2023-04-20
002493,2023-03-31,2023-04-27
002493,2023-06-30,2023-08-26
002493,2023-09-30,2023-10-26
002493,2023-12-31,2024-04-26
002493,2024-03-31,2024-04-30
002493,2024-06-30,2024-08-28
002493,2024-09-30,2024-10-30
002493,2024-12-31,2025-04-25
002493,2025-03-31,2025-04-30
002493,2025-06-30,2025-08-23
002493,2025-09-30,2025-10-30
002493,2025-12-31,2026-04-28
002493,2026-03-31,2026-04-28
002493,2026-06-30,2026-08-25
603288,2015-03-31,2015-04-30
603288,2015-06-30,2015-08-14
603288,2015-09-30,2015-10-22
603288,2015-12-31,2016-03-10
603288,2016-03-31,2016-04-29
603288,2016-06-30,2016-08-16
603288,2016-09-30,2016-10-28
603288,2016-12-31,2017-03-23
603288,2017-03-31,2017-04-26
603288,2017-06-30,2017-08-15
603288,2017-09-30,2017-10-27
603288,2017-12-31,2018-03-23
603288,2018-03-31,2018-04-26
603288,2018-06-30,2018-08-15
603288,2018-09-30,2018-10-30
603288,2018-12-31,2019-03-26
603288,2019-03-31,2019-04-26
603288,2019-06-30,2019-08-15
603288,2019-09-30,2019-10-30
603288,2019-12-31,2020-03-26
603288,2020-03-31,2020-04-25
603288,2020-06-30,2020-08-28
603288,2020-09-30,2020-10-31
603288,2020-12-31,2021-03-31
603288,2021-03-31,2021-04-30
603288,2021-06-30,2021-08-31
603288,2021-09-30,2021-10-30
603288,2021-12-31,2022-03-25
603288,2022-03-31,2022-04-29
603288,2022-06-30,2022-08-30
603288,2022-09-30,2022-10-27
603288,2022-12-31,2023-04-26
603288,2023-03-31,2023-04-26
603288,2023-06-30,2023-08-30
603288,2023-09-30,2023-10-31
603288,2023-12-31,2024-04-27
603288,2024-03-31,2024-04-27
603288,2024-06-30,2024-08-30
603288,2024-09-30,2024-10-29
603288,2024-12-31,2025-04-03
603288,2025-03-31,2025-04-29
603288,2025-06-30,2025-08-29
603288,2025-09-30,2025-10-29
603288,2025-12-31,2026-03-27
603288,2026-03-31,2026-04-28
603288,2026-06-30,2026-08-27
600030,2015-03-31,2015-04-30
600030,2015-06-30,2015-08-25
600030,2015-09-30,2015-10-30
600030,2015-12-31,2016-03-24
600030,2016-03-31,2016-04-30
600030,2016-06-30,2016-08-25
600030,2016-09-30,2016-10-29
600030,2016-12-31,2017-03-23
600030,2017-03-31,2017-04-29
600030,2017-06-30,2017-08-26
600030,2017-09-30,2017-10-31
600030,2017-12-31,2018-03-23
600030,2018-03-31,2018-04-28
600030,2018-06-30,2018-08-24
600030,2018-09-30,2018-10-31
600030,2018-12-31,2019-03-22
600030,2019-03-31,2019-04-30
600030,2019-06-30,2019-08-23
600030,2019-09-30,2019-10-31
600030,2019-12-31,2020-03-20
600030,2020-03-31,2020-04-29
600030,2020-06-30,2020-08-25
600030,2020-09-30,2020-10-30
600030,2020-12-31,2021-03-19
600030,2021-03-31,2021-04-29
600030,2021-06-30,2021-08-20
600030,2021-09-30,2021-10-29
600030,2021-12-31,2022-03-29
600030,2022-03-31,2022-04-29
600030,2022-06-30,2022-08-30
600030,2022-09-30,2022-10-29
600030,2022-12-31,2023-03-31
600030,2023-03-31,2023-04-28
600030,2023-06-30,2023-08-30
600030,2023-09-30,2023-10-31
600030,2023-12-31,2024-03-27
600030,2024-03-31,2024-04-27
600030,2024-06-30,2024-08-29
600030,2024-09-30,2024-10-30
600030,2024-12-31,2025-03-27
600030,2025-03-31,2025-04-30
600030,2025-06-30,2025-08-29
600030,2025-09-30,2025-10-25
600030,2025-12-31,2026-03-27
600030,2026-03-31,2026-04-25
600030,2026-06-30,2026-08-21
600018,2015-03-31,2015-04-30
600018,2015-06-30,2015-08-28
600018,2015-09-30,2015-10-30
600018,2015-12-31,2016-03-29
600018,2016-03-31,2016-04-30
600018,2016-06-30,2016-08-30
600018,2016-09-30,2016-10-29
600018,2016-12-31,2017-03-29
600018,2017-03-31,2017-04-29
600018,2017-06-30,2017-08-30
600018,2017-09-30,2017-10-31
600018,2017-12-31,2018-03-28
600018,2018-03-31,2018-04-28
600018,2018-06-30,2018-08-30
600018,2018-09-30,2018-10-31
600018,2018-12-31,2019-03-28
600018,2019-03-31,2019-04-30
600018,2019-06-30,2019-08-01
600018,2019-09-30,2019-10-31
600018,2019-12-31,2020-04-10
600018,2020-03-31,2020-04-30
600018,2020-06-30,2020-08-28
600018,2020-09-30,2020-10-31
600018,2020-12-31,2021-03-30
600018,2021-03-31,2021-04-30
600018,2021-06-30,2021-08-28
600018,2021-09-30,2021-10-30
600018,2021-12-31,2022-03-30
600018,2022-03-31,2022-04-30
600018,2022-06-30,2022-08-30
600018,2022-09-30,2022-10-29
600018,2022-12-31,2023-04-04
600018,2023-03-31,2023-04-29
600018,2023-06-30,2023-08-30
600018,2023-09-30,2023-10-31
600018,2023-12-31,2024-03-30
600018,2024-03-31,2024-04-30
600018,2024-06-30,2024-08-30
600018,2024-09-30,2024-10-31
600018,2024-12-31,2025-04-01
600018,2025-03-31,2025-04-30
600018,2025-06-30,2025-08-29
600018,2025-09-30,2025-10-31
600018,2025-12-31,2026-04-01
600018,2026-03-31,2026-04-30
600018,2026-06-30,2026-08-28
300760,2018-09-30,2018-10-30
300760,2018-12-31,2019-04-23
300760,2019-03-31,2019-04-29
300760,2019-06-30,2019-08-29
300760,2019-09-30,2019-10-30
300760,2019-12-31,2020-04-02
300760,2020-03-31,2020-04-29
300760,2020-06-30,2020-08-28
300760,2020-09-30,2020-10-30
300760,2020-12-31,2021-04-29
300760,2021-03-31,2021-04-29
300760,2021-06-30,2021-08-26
300760,2021-09-30,2021-10-20
300760,2021-12-31,2022-04-20
300760,2022-03-31,2022-04-20
300760,2022-06-30,2022-08-20
300760,2022-09-30,2022-10-28
300760,2022-12-31,2023-04-28
300760,2023-03-31,2023-04-28
300760,2023-06-30,2023-08-30
300760,2023-09-30,2023-10-28
300760,2023-12-31,2024-04-27
300760,2024-03-31,2024-04-27
300760,2024-06-30,2024-08-30
300760,2024-09-30,2024-10-30
300760,2024-12-31,2025-04-29
300760,2025-03-31,2025-04-29
300760,2025-06-30,2025-08-28
300760,2025-09-30,2025-10-30
300760,2025-12-31,2026-03-31
300760,2026-03-31,2026-04-29
300760,2026-06-30,2026-08-29
601689,2015-03-31,2015-04-30
601689,2015-06-30,2015-08-25
601689,2015-09-30,2015-10-29
601689,2015-12-31,2016-04-18
601689,2016-03-31,2016-04-25
601689,2016-06-30,2016-08-25
601689,2016-09-30,2016-10-28
601689,2016-12-31,2017-04-20
601689,2017-03-31,2017-04-26
601689,2017-06-30,2017-08-26
601689,2017-09-30,2017-10-28
601689,2017-12-31,2018-04-20
601689,2018-03-31,2018-04-25
601689,2018-06-30,2018-08-24
601689,2018-09-30,2018-10-25
601689,2018-12-31,2019-04-19
601689,2019-03-31,2019-04-26
601689,2019-06-30,2019-08-22
601689,2019-09-30,2019-10-25
601689,2019-12-31,2020-04-29
601689,2020-03-31,2020-04-29
601689,2020-06-30,2020-08-21
601689,2020-09-30,2020-10-20
601689,2020-12-31,2021-04-20
601689,2021-03-31,2021-04-27
601689,2021-06-30,2021-08-20
601689,2021-09-30,2021-10-22
601689,2021-12-31,2022-04-15
601689,2022-03-31,2022-04-22
601689,2022-06-30,2022-08-26
601689,2022-09-30,2022-10-28
601689,2022-12-31,2023-04-18
601689,2023-03-31,2023-04-22
601689,2023-06-30,2023-08-29
601689,2023-09-30,2023-10-31
601689,2023-12-31,2024-04-23
601689,2024-03-31,2024-04-27
601689,2024-06-30,2024-08-29
601689,2024-09-30,2024-10-29
601689,2024-12-31,2025-04-24
601689,2025-03-31,2025-04-30
601689,2025-06-30,2025-08-29
601689,2025-09-30,2025-10-31
601689,2025-12-31,2026-03-24
601689,2026-03-31,2026-04-30
601689,2026-06-30,2026-08-28
601138,2018-06-30,2018-08-14
601138,2018-09-30,2018-10-31
601138,2018-12-31,2019-03-30
601138,2019-03-31,2019-04-30
601138,2019-06-30,2019-08-14
601138,2019-09-30,2019-10-31
601138,2019-12-31,2020-03-31
601138,2020-03-31,2020-04-30
601138,2020-06-30,2020-08-12
601138,2020-09-30,2020-10-31
601138,2020-12-31,2021-03-30
601138,2021-03-31,2021-04-30
601138,2021-06-30,2021-08-11
601138,2021-09-30,2021-10-30
601138,2021-12-31,2022-03-23
601138,2022-03-31,2022-04-30
601138,2022-06-30,2022-08-10
601138,2022-09-30,2022-10-31
601138,2022-12-31,2023-03-15
601138,2023-03-31,2023-04-28
601138,2023-06-30,2023-08-09
601138,2023-09-30,2023-10-31
601138,2023-12-31,2024-03-14
601138,2024-03-31,2024-04-30
601138,2024-06-30,2024-08-14
601138,2024-09-30,2024-10-31
601138,2024-12-31,2025-04-30
601138,2025-03-31,2025-04-30
601138,2025-06-30,2025-08-11
601138,2025-09-30,2025-10-30
601138,2025-12-31,2026-03-11
601138,2026-03-31,2026-04-29
601138,2026-06-30,2026-08-12
300628,2017-03-31,2017-04-27
300628,2017-06-30,2017-08-28
300628,2017-09-30,2017-10-26
300628,2017-12-31,2018-04-25
300628,2018-03-31,2018-04-25
300628,2018-06-30,2018-08-10
300628,2018-09-30,2018-10-27
300628,2018-12-31,2019-04-24
300628,2019-03-31,2019-04-24
300628,2019-06-30,2019-08-15
300628,2019-09-30,2019-10-28
300628,2019-12-31,2020-04-15
300628,2020-03-31,2020-04-15
300628,2020-06-30,2020-08-15
300628,2020-09-30,2020-10-28
300628,2020-12-31,2021-04-22
300628,2021-03-31,2021-04-22
300628,2021-06-30,2021-08-21
300628,2021-09-30,2021-10-26
300628,2021-12-31,2022-04-23
300628,2022-03-31,2022-04-23
300628,2022-06-30,2022-08-27
300628,2022-09-30,2022-10-27
300628,2022-12-31,2023-04-22
300628,2023-03-31,2023-04-22
300628,2023-06-30,2023-08-31
300628,2023-09-30,2023-10-26
300628,2023-12-31,2024-04-23
300628,2024-03-31,2024-04-23
300628,2024-06-30,2024-08-27
300628,2024-09-30,2024-10-23
300628,2024-12-31,2025-04-21
300628,2025-03-31,2025-04-21
300628,2025-06-30,2025-08-26
300628,2025-09-30,2025-10-27
300628,2025-12-31,2026-04-22
300628,2026-03-31,2026-04-22
300628,2026-06-30,2026-08-19
601919,2015-03-31,2015-04-30
601919,2015-06-30,2015-08-28
601919,2015-09-30,2015-10-29
601919,2015-12-31,2016-03-31
601919,2016-03-31,2016-04-29
601919,2016-06-30,2016-08-26
601919,2016-09-30,2016-10-29
601919,2016-12-31,2017-03-31
601919,2017-03-31,2017-04-29
601919,2017-06-30,2017-08-31
601919,2017-09-30,2017-10-31
601919,2017-12-31,2018-03-30
601919,2018-03-31,2018-04-28
601919,2018-06-30,2018-08-31
601919,2018-09-30,2018-10-31
601919,2018-12-31,2019-03-30
601919,2019-03-31,2019-04-27
601919,2019-06-30,2019-08-31
601919,2019-09-30,2019-10-31
601919,2019-12-31,2020-03-31
601919,2020-03-31,2020-04-30
601919,2020-06-30,2020-08-29
601919,2020-09-30,2020-10-31
601919,2020-12-31,2021-03-31
601919,2021-03-31,2021-04-30
601919,2021-06-30,2021-08-31
601919,2021-09-30,2021-10-30
601919,2021-12-31,2022-03-31
601919,2022-03-31,2022-04-30
601919,2022-06-30,2022-08-31
601919,2022-09-30,2022-10-29
601919,2022-12-31,2023-03-31
601919,2023-03-31,2023-04-29
601919,2023-06-30,2023-08-30
601919,2023-09-30,2023-10-31
601919,2023-12-31,2024-03-29
601919,2024-03-31,2024-04-30
601919,2024-06-30,2024-08-30
601919,2024-09-30,2024-10-31
601919,2024-12-31,2025-03-22
601919,2025-03-31,2025-04-30
601919,2025-06-30,2025-08-29
601919,2025-09-30,2025-10-31
601919,2025-12-31,2026-03-20
601919,2026-03-31,2026-04-30
601919,2026-06-30,2026-08-29
600346,2015-03-31,2015-04-29
600346,2015-06-30,2015-07-22
600346,2015-09-30,2015-10-28
600346,2015-12-31,2016-04-28
600346,2016-03-31,2016-04-28
600346,2016-06-30,2016-08-23
600346,2016-09-30,2016-10-28
600346,2016-12-31,2017-02-28
600346,2017-03-31,2017-04-24
600346,2017-06-30,2017-08-01
600346,2017-09-30,2017-10-31
600346,2017-12-31,2018-03-10
600346,2018-03-31,2018-04-28
600346,2018-06-30,2018-07-28
600346,2018-09-30,2018-10-20
600346,2018-12-31,2019-04-10
600346,2019-03-31,2019-04-30
600346,2019-06-30,2019-08-10
600346,2019-09-30,2019-10-24
600346,2019-12-31,2020-04-17
600346,2020-03-31,2020-04-24
600346,2020-06-30,2020-08-13
600346,2020-09-30,2020-10-29
600346,2020-12-31,2021-04-13
600346,2021-03-31,2021-04-22
600346,2021-06-30,2021-08-17
600346,2021-09-30,2021-10-28
600346,2021-12-31,2022-04-07
600346,2022-03-31,2022-04-30
600346,2022-06-30,2022-08-16
600346,2022-09-30,2022-10-29
600346,2022-12-31,2023-04-28
600346,2023-03-31,2023-04-28
600346,2023-06-30,2023-08-23
600346,2023-09-30,2023-10-28
600346,2023-12-31,2024-04-10
600346,2024-03-31,2024-04-23
600346,2024-06-30,2024-08-23
600346,2024-09-30,2024-10-25
600346,2024-12-31,2025-04-17
600346,2025-03-31,2025-04-22
600346,2025-06-30,2025-08-23
600346,2025-09-30,2025-10-28
600346,2025-12-31,2026-04-15
600346,2026-03-31,2026-04-22
600346,2026-06-30,2026-08-20
601058,2015-03-31,2015-04-30
601058,2015-06-30,2015-08-22
601058,2015-09-30,2015-10-31
601058,2015-12-31,2016-03-31
601058,2016-03-31,2016-04-30
601058,2016-06-30,2016-08-31
601058,2016-09-30,2016-10-29
601058,2016-12-31,2017-03-31
601058,2017-03-31,2017-04-28
601058,2017-06-30,2017-08-31
601058,2017-09-30,2017-10-27
601058,2017-12-31,2018-04-28
601058,2018-03-31,2018-04-28
601058,2018-06-30,2018-08-18
601058,2018-09-30,2018-10-31
601058,2018-12-31,2019-04-27
601058,2019-03-31,2019-04-27
601058,2019-06-30,2019-08-29
601058,2019-09-30,2019-10-31
601058,2019-12-31,2020-04-30
601058,2020-03-31,2020-04-30
601058,2020-06-30,2020-08-31
601058,2020-09-30,2020-10-15
601058,2020-12-31,2021-04-27
601058,2021-03-31,2021-04-27
601058,2021-06-30,2021-08-31
601058,2021-09-30,2021-10-30
601058,2021-12-31,2022-04-02
601058,2022-03-31,2022-04-30
601058,2022-06-30,2022-08-23
601058,2022-09-30,2022-10-31
601058,2022-12-31,2023-04-29
601058,2023-03-31,2023-04-29
601058,2023-06-30,2023-08-31
601058,2023-09-30,2023-10-30
601058,2023-12-31,2024-04-27
601058,2024-03-31,2024-04-27
601058,2024-06-30,2024-08-23
601058,2024-09-30,2024-10-30
601058,2024-12-31,2025-04-29
601058,2025-03-31,2025-04-29
601058,2025-06-30,2025-08-26
601058,2025-09-30,2025-10-29
601058,2025-12-31,2026-04-28
601058,2026-03-31,2026-04-28
601058,2026-06-30,2026-08-31
688126,2019-12-31,2020-04-28
688126,2020-03-31,2020-04-30
688126,2020-06-30,2020-08-28
688126,2020-09-30,2020-10-30
688126,2020-12-31,2021-04-28
688126,2021-03-31,2021-04-29
688126,2021-06-30,2021-08-28
688126,2021-09-30,2021-10-29
688126,2021-12-31,2022-04-13
688126,2022-03-31,2022-04-29
688126,2022-06-30,2022-08-18
688126,2022-09-30,2022-10-26
688126,2022-12-31,2023-04-11
688126,2023-03-31,2023-04-28
688126,2023-06-30,2023-08-11
688126,2023-09-30,2023-10-28
688126,2023-12-31,2024-04-13
688126,2024-03-31,2024-04-27
688126,2024-06-30,2024-08-30
688126,2024-09-30,2024-10-31
688126,2024-12-31,2025-04-24
688126,2025-03-31,2025-04-26
688126,2025-06-30,2025-08-29
688126,2025-09-30,2025-10-31
688126,2025-12-31,2026-04-17
688126,2026-03-31,2026-04-30
688126,2026-06-30,2026-08-20
002050,2015-03-31,2015-04-30
002050,2015-06-30,2015-08-11
002050,2015-09-30,2015-10-31
002050,2015-12-31,2016-04-15
002050,2016-03-31,2016-04-27
002050,2016-06-30,2016-08-09
002050,2016-09-30,2016-10-19
002050,2016-12-31,2017-03-20
002050,2017-03-31,2017-04-29
002050,2017-06-30,2017-08-31
002050,2017-09-30,2017-10-20
002050,2017-12-31,2018-04-16
002050,2018-03-31,2018-04-26
002050,2018-06-30,2018-08-10
002050,2018-09-30,2018-10-29
002050,2018-12-31,2019-04-03
002050,2019-03-31,2019-04-20
002050,2019-06-30,2019-08-30
002050,2019-09-30,2019-10-25
002050,2019-12-31,2020-04-29
002050,2020-03-31,2020-04-29
002050,2020-06-30,2020-08-13
002050,2020-09-30,2020-10-21
002050,2020-12-31,2021-03-27
002050,2021-03-31,2021-04-23
002050,2021-06-30,2021-08-12
002050,2021-09-30,2021-10-26
002050,2021-12-31,2022-03-25
002050,2022-03-31,2022-04-26
002050,2022-06-30,2022-08-13
002050,2022-09-30,2022-10-27
002050,2022-12-31,2023-04-29
002050,2023-03-31,2023-04-29
002050,2023-06-30,2023-08-23
002050,2023-09-30,2023-10-31
002050,2023-12-31,2024-04-30
002050,2024-03-31,2024-04-30
002050,2024-06-30,2024-08-30
002050,2024-09-30,2024-10-31
002050,2024-12-31,2025-03-27
002050,2025-03-31,2025-04-30
002050,2025-06-30,2025-08-29
002050,2025-09-30,2025-10-31
002050,2025-12-31,2026-03-24
002050,2026-03-31,2026-04-30
002050,2026-06-30,2026-08-27
002736,2015-03-31,2015-04-29
002736,2015-06-30,2015-08-25
002736,2015-09-30,2015-10-28
002736,2015-12-31,2016-04-18
002736,2016-03-31,2016-04-18
002736,2016-06-30,2016-08-29
002736,2016-09-30,2016-10-29
002736,2016-12-31,2017-04-18
002736,2017-03-31,2017-04-25
002736,2017-06-30,2017-08-28
002736,2017-09-30,2017-10-27
002736,2017-12-31,2018-04-24
002736,2018-03-31,2018-04-24
002736,2018-06-30,2018-08-28
002736,2018-09-30,2018-10-30
002736,2018-12-31,2019-04-20
002736,2019-03-31,2019-04-30
002736,2019-06-30,2019-08-27
002736,2019-09-30,2019-10-29
002736,2019-12-31,2020-03-20
002736,2020-03-31,2020-04-28
002736,2020-06-30,2020-08-25
002736,2020-09-30,2020-10-30
002736,2020-12-31,2021-04-02
002736,2021-03-31,2021-04-27
002736,2021-06-30,2021-08-24
002736,2021-09-30,2021-10-30
002736,2021-12-31,2022-04-19
002736,2022-03-31,2022-04-30
002736,2022-06-30,2022-08-27
002736,2022-09-30,2022-10-29
002736,2022-12-31,2023-04-29
002736,2023-03-31,2023-04-29
002736,2023-06-30,2023-08-26
002736,2023-09-30,2023-10-28
002736,2023-12-31,2024-04-17
002736,2024-03-31,2024-04-30
002736,2024-06-30,2024-08-24
002736,2024-09-30,2024-10-30
002736,2024-12-31,2025-04-19
002736,2025-03-31,2025-04-30
002736,2025-06-30,2025-08-30
002736,2025-09-30,2025-10-31
002736,2025-12-31,2026-04-18
002736,2026-03-31,2026-04-30
002736,2026-06-30,2026-08-26
600150,2015-03-31,2015-04-25
600150,2015-06-30,2015-08-29
600150,2015-09-30,2015-10-31
600150,2015-12-31,2016-04-16
600150,2016-03-31,2016-04-30
600150,2016-06-30,2016-08-31
600150,2016-09-30,2016-10-29
600150,2016-12-31,2017-04-29
600150,2017-03-31,2017-04-29
600150,2017-06-30,2017-08-26
600150,2017-09-30,2017-10-31
600150,2017-12-31,2018-04-21
600150,2018-03-31,2018-04-26
600150,2018-06-30,2018-08-24
600150,2018-09-30,2018-10-31
600150,2018-12-31,2019-03-20
600150,2019-03-31,2019-04-27
600150,2019-06-30,2019-08-23
600150,2019-09-30,2019-10-31
600150,2019-12-31,2020-04-18
600150,2020-03-31,2020-04-30
600150,2020-06-30,2020-08-29
600150,2020-09-30,2020-10-31
600150,2020-12-31,2021-04-28
600150,2021-03-31,2021-04-28
600150,2021-06-30,2021-08-28
600150,2021-09-30,2021-10-30
600150,2021-12-31,2022-04-29
600150,2022-03-31,2022-04-29
600150,2022-06-30,2022-08-30
600150,2022-09-30,2022-10-29
600150,2022-12-31,2023-04-28
600150,2023-03-31,2023-04-28
600150,2023-06-30,2023-08-31
600150,2023-09-30,2023-10-31
600150,2023-12-31,2024-04-27
600150,2024-03-31,2024-04-27
600150,2024-06-30,2024-08-31
600150,2024-09-30,2024-10-31
600150,2024-12-31,2025-04-30
600150,2025-03-31,2025-04-30
600150,2025-06-30,2025-08-30
600150,2025-09-30,2025-10-29
600150,2025-12-31,2026-04-30
600150,2026-03-31,2026-04-30
600150,2026-06-30,2026-08-31
300832,2020-06-30,2020-08-22
300832,2020-09-30,2020-10-29
300832,2020-12-31,2021-03-31
300832,2021-03-31,2021-04-27
300832,2021-06-30,2021-08-20
300832,2021-09-30,2021-10-28
300832,2021-12-31,2022-04-22
300832,2022-03-31,2022-04-22
300832,2022-06-30,2022-08-26
300832,2022-09-30,2022-10-21
300832,2022-12-31,2023-04-07
300832,2023-03-31,2023-04-28
300832,2023-06-30,2023-08-25
300832,2023-09-30,2023-10-27
300832,2023-12-31,2024-04-12
300832,2024-03-31,2024-04-26
300832,2024-06-30,2024-08-23
300832,2024-09-30,2024-10-29
300832,2024-12-31,2025-04-26
300832,2025-03-31,2025-04-26
300832,2025-06-30,2025-08-26
300832,2025-09-30,2025-10-29
300832,2025-12-31,2026-04-28
300832,2026-03-31,2026-04-28
300832,2026-06-30,2026-08-14
601059,2022-12-31,2023-03-14
601059,2023-03-31,2023-04-22
601059,2023-06-30,2023-08-30
601059,2023-09-30,2023-10-28
601059,2023-12-31,2024-03-27
601059,2024-03-31,2024-04-27
601059,2024-06-30,2024-08-28
601059,2024-09-30,2024-10-31
601059,2024-12-31,2025-03-26
601059,2025-03-31,2025-04-25
601059,2025-06-30,2025-08-28
601059,2025-09-30,2025-10-29
601059,2025-12-31,2026-03-31
601059,2026-03-31,2026-04-30
601059,2026-06-30,2026-07-31
002938,2018-09-30,2018-10-31
002938,2018-12-31,2019-04-01
002938,2019-03-31,2019-04-30
002938,2019-06-30,2019-08-14
002938,2019-09-30,2019-10-31
002938,2019-12-31,2020-03-31
002938,2020-03-31,2020-04-30
002938,2020-06-30,2020-08-13
002938,2020-09-30,2020-10-31
002938,2020-12-31,2021-03-31
002938,2021-03-31,2021-04-30
002938,2021-06-30,2021-08-31
002938,2021-09-30,2021-10-30
002938,2021-12-31,2022-03-17
002938,2022-03-31,2022-04-29
002938,2022-06-30,2022-08-10
002938,2022-09-30,2022-10-27
002938,2022-12-31,2023-03-29
002938,2023-03-31,2023-04-29
002938,2023-06-30,2023-08-10
002938,2023-09-30,2023-10-31
002938,2023-12-31,2024-03-30
002938,2024-03-31,2024-04-25
002938,2024-06-30,2024-08-14
002938,2024-09-30,2024-10-31
002938,2024-12-31,2025-04-09
002938,2025-03-31,2025-04-30
002938,2025-06-30,2025-08-13
002938,2025-09-30,2025-10-31
002938,2025-12-31,2026-03-31
002938,2026-03-31,2026-04-30
002938,2026-06-30,2026-08-12
601111,2015-03-31,2015-04-30
601111,2015-06-30,2015-08-28
601111,2015-09-30,2015-10-30
601111,2015-12-31,2016-03-31
601111,2016-03-31,2016-04-29
601111,2016-06-30,2016-08-31
601111,2016-09-30,2016-10-28
601111,2016-12-31,2017-03-31
601111,2017-03-31,2017-04-28
601111,2017-06-30,2017-08-31
601111,2017-09-30,2017-10-28
601111,2017-12-31,2018-03-28
601111,2018-03-31,2018-04-27
601111,2018-06-30,2018-08-31
601111,2018-09-30,2018-10-31
601111,2018-12-31,2019-03-28
601111,2019-03-31,2019-04-26
601111,2019-06-30,2019-08-29
601111,2019-09-30,2019-10-31
601111,2019-12-31,2020-04-01
601111,2020-03-31,2020-04-30
601111,2020-06-30,2020-08-29
601111,2020-09-30,2020-10-31
601111,2020-12-31,2021-03-31
601111,2021-03-31,2021-04-30
601111,2021-06-30,2021-08-28
601111,2021-09-30,2021-10-30
601111,2021-12-31,2022-03-31
601111,2022-03-31,2022-04-29
601111,2022-06-30,2022-08-31
601111,2022-09-30,2022-10-29
601111,2022-12-31,2023-03-31
601111,2023-03-31,2023-04-27
601111,2023-06-30,2023-08-31
601111,2023-09-30,2023-10-27
601111,2023-12-31,2024-03-29
601111,2024-03-31,2024-04-27
601111,2024-06-30,2024-08-30
601111,2024-09-30,2024-10-31
601111,2024-12-31,2025-03-28
601111,2025-03-31,2025-04-30
601111,2025-06-30,2025-08-29
601111,2025-09-30,2025-10-31
601111,2025-12-31,2026-03-27
601111,2026-03-31,2026-04-30
601111,2026-06-30,2026-08-31
688047,2022-06-30,2022-08-31
688047,2022-09-30,2022-10-28
688047,2022-12-31,2023-04-26
688047,2023-03-31,2023-04-26
688047,2023-06-30,2023-08-24
688047,2023-09-30,2023-10-27
688047,2023-12-31,2024-04-27
688047,2024-03-31,2024-04-27
688047,2024-06-30,2024-08-28
688047,2024-09-30,2024-10-30
688047,2024-12-31,2025-04-29
688047,2025-03-31,2025-04-29
688047,2025-06-30,2025-08-28
688047,2025-09-30,2025-10-29
688047,2025-12-31,2026-04-29
688047,2026-03-31,2026-04-29
688047,2026-06-30,2026-08-29
600233,2015-03-31,2015-04-30
600233,2015-06-30,2015-08-26
600233,2015-09-30,2015-10-24
600233,2015-12-31,2016-03-08
600233,2016-03-31,2016-04-26
600233,2016-06-30,2016-08-30
600233,2016-09-30,2016-10-26
600233,2016-12-31,2017-04-28
600233,2017-03-31,2017-04-28
600233,2017-06-30,2017-08-25
600233,2017-09-30,2017-10-26
600233,2017-12-31,2018-03-24
600233,2018-03-31,2018-04-25
600233,2018-06-30,2018-08-25
600233,2018-09-30,2018-10-24
600233,2018-12-31,2019-04-18
600233,2019-03-31,2019-04-25
600233,2019-06-30,2019-08-29
600233,2019-09-30,2019-10-30
600233,2019-12-31,2020-04-29
600233,2020-03-31,2020-04-29
600233,2020-06-30,2020-08-28
600233,2020-09-30,2020-10-28
600233,2020-12-31,2021-04-28
600233,2021-03-31,2021-04-28
600233,2021-06-30,2021-08-27
600233,2021-09-30,2021-10-20
600233,2021-12-31,2022-04-27
600233,2022-03-31,2022-04-27
600233,2022-06-30,2022-08-26
600233,2022-09-30,2022-10-15
600233,2022-12-31,2023-04-26
600233,2023-03-31,2023-04-26
600233,2023-06-30,2023-08-23
600233,2023-09-30,2023-10-27
600233,2023-12-31,2024-04-26
600233,2024-03-31,2024-04-26
600233,2024-06-30,2024-08-28
600233,2024-09-30,2024-10-30
600233,2024-12-31,2025-04-29
600233,2025-03-31,2025-04-29
600233,2025-06-30,2025-08-28
600233,2025-09-30,2025-10-29
600233,2025-12-31,2026-04-23
600233,2026-03-31,2026-04-23
600233,2026-06-30,2026-08-20
601878,2017-06-30,2017-08-16
601878,2017-09-30,2017-10-25
601878,2017-12-31,2018-03-13
601878,2018-03-31,2018-04-26
601878,2018-06-30,2018-08-23
601878,2018-09-30,2018-10-30
601878,2018-12-31,2019-03-18
601878,2019-03-31,2019-04-27
601878,2019-06-30,2019-08-22
601878,2019-09-30,2019-10-29
601878,2019-12-31,2020-03-19
601878,2020-03-31,2020-04-29
601878,2020-06-30,2020-08-25
601878,2020-09-30,2020-10-29
601878,2020-12-31,2021-03-18
601878,2021-03-31,2021-04-29
601878,2021-06-30,2021-08-19
601878,2021-09-30,2021-10-28
601878,2021-12-31,2022-03-25
601878,2022-03-31,2022-04-29
601878,2022-06-30,2022-08-23
601878,2022-09-30,2022-10-29
601878,2022-12-31,2023-03-31
601878,2023-03-31,2023-04-28
601878,2023-06-30,2023-08-23
601878,2023-09-30,2023-10-31
601878,2023-12-31,2024-04-11
601878,2024-03-31,2024-04-30
601878,2024-06-30,2024-08-24
601878,2024-09-30,2024-10-31
601878,2024-12-31,2025-04-11
601878,2025-03-31,2025-04-30
601878,2025-06-30,2025-08-23
601878,2025-09-30,2025-10-31
601878,2025-12-31,2026-04-18
601878,2026-03-31,2026-04-28
601878,2026-06-30,2026-08-26
601688,2015-03-31,2015-04-23
601688,2015-06-30,2015-08-22
601688,2015-09-30,2015-10-31
601688,2015-12-31,2016-03-30
601688,2016-03-31,2016-04-29
601688,2016-06-30,2016-08-20
601688,2016-09-30,2016-10-29
601688,2016-12-31,2017-03-31
601688,2017-03-31,2017-04-27
601688,2017-06-30,2017-08-12
601688,2017-09-30,2017-10-31
601688,2017-12-31,2018-03-29
601688,2018-03-31,2018-04-27
601688,2018-06-30,2018-08-31
601688,2018-09-30,2018-10-31
601688,2018-12-31,2019-03-30
601688,2019-03-31,2019-04-30
601688,2019-06-30,2019-08-30
601688,2019-09-30,2019-10-30
601688,2019-12-31,2020-03-31
601688,2020-03-31,2020-04-30
601688,2020-06-30,2020-08-27
601688,2020-09-30,2020-10-31
601688,2020-12-31,2021-03-24
601688,2021-03-31,2021-04-30
601688,2021-06-30,2021-08-28
601688,2021-09-30,2021-10-30
601688,2021-12-31,2022-03-31
601688,2022-03-31,2022-04-30
601688,2022-06-30,2022-08-31
601688,2022-09-30,2022-10-29
601688,2022-12-31,2023-03-31
601688,2023-03-31,2023-04-29
601688,2023-06-30,2023-08-31
601688,2023-09-30,2023-10-31
601688,2023-12-31,2024-03-29
601688,2024-03-31,2024-04-30
601688,2024-06-30,2024-08-31
601688,2024-09-30,2024-10-31
601688,2024-12-31,2025-03-29
601688,2025-03-31,2025-04-30
601688,2025-06-30,2025-08-30
601688,2025-09-30,2025-10-31
601688,2025-12-31,2026-03-31
601688,2026-03-31,2026-04-30
601688,2026-06-30,2026-08-29
600019,2015-03-31,2015-04-24
600019,2015-06-30,2015-08-25
600019,2015-09-30,2015-10-29
600019,2015-12-31,2016-03-31
600019,2016-03-31,2016-04-28
600019,2016-06-30,2016-08-31
600019,2016-09-30,2016-10-25
600019,2016-12-31,2017-04-28
600019,2017-03-31,2017-04-28
600019,2017-06-30,2017-08-25
600019,2017-09-30,2017-10-28
600019,2017-12-31,2018-04-10
600019,2018-03-31,2018-04-28
600019,2018-06-30,2018-08-28
600019,2018-09-30,2018-10-30
600019,2018-12-31,2019-04-25
600019,2019-03-31,2019-04-25
600019,2019-06-30,2019-08-23
600019,2019-09-30,2019-10-26
600019,2019-12-31,2020-04-29
600019,2020-03-31,2020-04-29
600019,2020-06-30,2020-08-28
600019,2020-09-30,2020-10-30
600019,2020-12-31,2021-04-27
600019,2021-03-31,2021-04-27
600019,2021-06-30,2021-08-28
600019,2021-09-30,2021-10-30
600019,2021-12-31,2022-04-29
600019,2022-03-31,2022-04-29
600019,2022-06-30,2022-08-31
600019,2022-09-30,2022-10-26
600019,2022-12-31,2023-04-28
600019,2023-03-31,2023-04-28
600019,2023-06-30,2023-08-31
600019,2023-09-30,2023-10-25
600019,2023-12-31,2024-04-27
600019,2024-03-31,2024-04-27
600019,2024-06-30,2024-08-28
600019,2024-09-30,2024-10-30
600019,2024-12-31,2025-04-26
600019,2025-03-31,2025-04-26
600019,2025-06-30,2025-08-28
600019,2025-09-30,2025-10-31
600019,2025-12-31,2026-04-30
600019,2026-03-31,2026-04-30
600019,2026-06-30,2026-08-22
600031,2015-03-31,2015-04-22
600031,2015-06-30,2015-08-31
600031,2015-09-30,2015-10-31
600031,2015-12-31,2016-04-29
600031,2016-03-31,2016-04-29
600031,2016-06-30,2016-08-30
600031,2016-09-30,2016-10-31
600031,2016-12-31,2017-04-28
600031,2017-03-31,2017-04-28
600031,2017-06-30,2017-08-30
600031,2017-09-30,2017-10-31
600031,2017-12-31,2018-04-17
600031,2018-03-31,2018-04-26
600031,2018-06-30,2018-08-27
600031,2018-09-30,2018-10-30
600031,2018-12-31,2019-04-01
600031,2019-03-31,2019-04-29
600031,2019-06-30,2019-08-30
600031,2019-09-30,2019-10-31
600031,2019-12-31,2020-04-24
600031,2020-03-31,2020-04-29
600031,2020-06-30,2020-08-28
600031,2020-09-30,2020-10-30
600031,2020-12-31,2021-03-31
600031,2021-03-31,2021-04-30
600031,2021-06-30,2021-08-30
600031,2021-09-30,2021-10-29
600031,2021-12-31,2022-04-23
600031,2022-03-31,2022-04-29
600031,2022-06-30,2022-08-31
600031,2022-09-30,2022-10-29
600031,2022-12-31,2023-04-01
600031,2023-03-31,2023-04-26
600031,2023-06-30,2023-08-31
600031,2023-09-30,2023-10-31
600031,2023-12-31,2024-04-29
600031,2024-03-31,2024-04-29
600031,2024-06-30,2024-08-30
600031,2024-09-30,2024-10-31
600031,2024-12-31,2025-04-18
600031,2025-03-31,2025-04-30
600031,2025-06-30,2025-08-22
600031,2025-09-30,2025-10-31
600031,2025-12-31,2026-03-31
600031,2026-03-31,2026-04-30
600031,2026-06-30,2026-08-31
600025,2017-12-31,2018-04-26
600025,2018-03-31,2018-04-26
600025,2018-06-30,2018-08-30
600025,2018-09-30,2018-10-30
600025,2018-12-31,2019-04-26
600025,2019-03-31,2019-04-26
600025,2019-06-30,2019-08-23
600025,2019-09-30,2019-10-29
600025,2019-12-31,2020-04-25
600025,2020-03-31,2020-04-25
600025,2020-06-30,2020-08-27
600025,2020-09-30,2020-10-29
600025,2020-12-31,2021-04-23
600025,2021-03-31,2021-04-23
600025,2021-06-30,2021-08-28
600025,2021-09-30,2021-10-28
600025,2021-12-31,2022-04-23
600025,2022-03-31,2022-04-23
600025,2022-06-30,2022-08-27
600025,2022-09-30,2022-10-28
600025,2022-12-31,2023-04-22
600025,2023-03-31,2023-04-22
600025,2023-06-30,2023-08-26
600025,2023-09-30,2023-10-28
600025,2023-12-31,2024-04-27
600025,2024-03-31,2024-04-27
600025,2024-06-30,2024-08-28
600025,2024-09-30,2024-10-30
600025,2024-12-31,2025-04-25
600025,2025-03-31,2025-04-25
600025,2025-06-30,2025-08-29
600025,2025-09-30,2025-10-31
600025,2025-12-31,2026-04-29
600025,2026-03-31,2026-04-29
600025,2026-06-30,2026-08-26
600958,2015-03-31,2015-04-25
600958,2015-06-30,2015-08-29
600958,2015-09-30,2015-10-28
600958,2015-12-31,2016-03-14
600958,2016-03-31,2016-04-29
600958,2016-06-30,2016-08-29
600958,2016-09-30,2016-10-28
600958,2016-12-31,2017-03-31
600958,2017-03-31,2017-04-26
600958,2017-06-30,2017-08-28
600958,2017-09-30,2017-10-28
600958,2017-12-31,2018-03-30
600958,2018-03-31,2018-04-27
600958,2018-06-30,2018-08-31
600958,2018-09-30,2018-10-31
600958,2018-12-31,2019-03-29
600958,2019-03-31,2019-04-30
600958,2019-06-30,2019-08-30
600958,2019-09-30,2019-10-31
600958,2019-12-31,2020-03-28
600958,2020-03-31,2020-04-30
600958,2020-06-30,2020-08-29
600958,2020-09-30,2020-10-30
600958,2020-12-31,2021-03-31
600958,2021-03-31,2021-04-30
600958,2021-06-30,2021-08-28
600958,2021-09-30,2021-10-29
600958,2021-12-31,2022-03-31
600958,2022-03-31,2022-04-30
600958,2022-06-30,2022-08-31
600958,2022-09-30,2022-10-29
600958,2022-12-31,2023-03-31
600958,2023-03-31,2023-04-28
600958,2023-06-30,2023-08-31
600958,2023-09-30,2023-10-31
600958,2023-12-31,2024-03-28
600958,2024-03-31,2024-04-30
600958,2024-06-30,2024-08-30
600958,2024-09-30,2024-10-31
600958,2024-12-31,2025-03-29
600958,2025-03-31,2025-04-30
600958,2025-06-30,2025-08-30
600958,2025-09-30,2025-10-31
600958,2025-12-31,2026-03-28
600958,2026-03-31,2026-04-30
600958,2026-06-30,2026-08-29
600027,2015-03-31,2015-04-29
600027,2015-06-30,2015-08-22
600027,2015-09-30,2015-10-28
600027,2015-12-31,2016-03-25
600027,2016-03-31,2016-04-27
600027,2016-06-30,2016-08-31
600027,2016-09-30,2016-10-26
600027,2016-12-31,2017-03-29
600027,2017-03-31,2017-04-29
600027,2017-06-30,2017-08-31
600027,2017-09-30,2017-10-28
600027,2017-12-31,2018-03-27
600027,2018-03-31,2018-04-28
600027,2018-06-30,2018-08-29
600027,2018-09-30,2018-10-31
600027,2018-12-31,2019-03-28
600027,2019-03-31,2019-04-26
600027,2019-06-30,2019-08-24
600027,2019-09-30,2019-10-25
600027,2019-12-31,2020-03-26
600027,2020-03-31,2020-04-29
600027,2020-06-30,2020-08-21
600027,2020-09-30,2020-10-29
600027,2020-12-31,2021-03-31
600027,2021-03-31,2021-04-30
600027,2021-06-30,2021-08-28
600027,2021-09-30,2021-10-27
600027,2021-12-31,2022-03-26
600027,2022-03-31,2022-04-29
600027,2022-06-30,2022-08-27
600027,2022-09-30,2022-10-29
600027,2022-12-31,2023-03-30
600027,2023-03-31,2023-04-29
600027,2023-06-30,2023-08-31
600027,2023-09-30,2023-10-31
600027,2023-12-31,2024-03-28
600027,2024-03-31,2024-04-27
600027,2024-06-30,2024-08-23
600027,2024-09-30,2024-10-31
600027,2024-12-31,2025-03-28
600027,2025-03-31,2025-04-30
600027,2025-06-30,2025-08-29
600027,2025-09-30,2025-10-29
600027,2025-12-31,2026-03-27
600027,2026-03-31,2026-04-29
600027,2026-06-30,2026-08-28
600999,2015-03-31,2015-04-28
600999,2015-06-30,2015-08-18
600999,2015-09-30,2015-10-31
600999,2015-12-31,2016-03-01
600999,2016-03-31,2016-04-30
600999,2016-06-30,2016-08-27
600999,2016-09-30,2016-10-29
600999,2016-12-31,2017-03-29
600999,2017-03-31,2017-04-29
600999,2017-06-30,2017-08-25
600999,2017-09-30,2017-10-28
600999,2017-12-31,2018-03-28
600999,2018-03-31,2018-04-27
600999,2018-06-30,2018-08-30
600999,2018-09-30,2018-10-30
600999,2018-12-31,2019-03-29
600999,2019-03-31,2019-04-26
600999,2019-06-30,2019-08-29
600999,2019-09-30,2019-10-30
600999,2019-12-31,2020-03-28
600999,2020-03-31,2020-04-29
600999,2020-06-30,2020-08-29
600999,2020-09-30,2020-10-30
600999,2020-12-31,2021-03-27
600999,2021-03-31,2021-04-28
600999,2021-06-30,2021-08-28
600999,2021-09-30,2021-10-26
600999,2021-12-31,2022-03-28
600999,2022-03-31,2022-04-25
600999,2022-06-30,2022-08-27
600999,2022-09-30,2022-10-29
600999,2022-12-31,2023-03-25
600999,2023-03-31,2023-04-29
600999,2023-06-30,2023-08-30
600999,2023-09-30,2023-10-27
600999,2023-12-31,2024-03-29
600999,2024-03-31,2024-04-27
600999,2024-06-30,2024-08-31
600999,2024-09-30,2024-10-30
600999,2024-12-31,2025-03-28
600999,2025-03-31,2025-04-29
600999,2025-06-30,2025-08-29
600999,2025-09-30,2025-10-31
600999,2025-12-31,2026-03-28
600999,2026-03-31,2026-04-30
600999,2026-06-30,2026-08-26
603260,2017-12-31,2018-04-20
603260,2018-03-31,2018-04-26
603260,2018-06-30,2018-08-17
603260,2018-09-30,2018-10-19
603260,2018-12-31,2019-04-23
603260,2019-03-31,2019-04-30
603260,2019-06-30,2019-08-29
603260,2019-09-30,2019-10-30
603260,2019-12-31,2020-04-24
603260,2020-03-31,2020-04-29
603260,2020-06-30,2020-08-28
603260,2020-09-30,2020-10-28
603260,2020-12-31,2021-04-22
603260,2021-03-31,2021-04-22
603260,2021-06-30,2021-08-18
603260,2021-09-30,2021-10-27
603260,2021-12-31,2022-04-28
603260,2022-03-31,2022-04-28
603260,2022-06-30,2022-08-25
603260,2022-09-30,2022-10-28
603260,2022-12-31,2023-04-21
603260,2023-03-31,2023-04-21
603260,2023-06-30,2023-08-30
603260,2023-09-30,2023-10-28
603260,2023-12-31,2024-04-30
603260,2024-03-31,2024-04-30
603260,2024-06-30,2024-08-30
603260,2024-09-30,2024-10-30
603260,2024-12-31,2025-04-24
603260,2025-03-31,2025-04-24
603260,2025-06-30,2025-08-28
603260,2025-09-30,2025-10-30
603260,2025-12-31,2026-04-17
603260,2026-03-31,2026-04-30
603260,2026-06-30,2026-08-26
688521,2020-09-30,2020-10-28
688521,2020-12-31,2021-03-30
688521,2021-03-31,2021-04-28
688521,2021-06-30,2021-08-04
688521,2021-09-30,2021-10-30
688521,2021-12-31,2022-03-30
688521,2022-03-31,2022-04-28
688521,2022-06-30,2022-08-08
688521,2022-09-30,2022-10-28
688521,2022-12-31,2023-03-25
688521,2023-03-31,2023-04-22
688521,2023-06-30,2023-08-03
688521,2023-09-30,2023-10-28
688521,2023-12-31,2024-03-30
688521,2024-03-31,2024-04-27
688521,2024-06-30,2024-08-09
688521,2024-09-30,2024-10-31
688521,2024-12-31,2025-04-26
688521,2025-03-31,2025-04-26
688521,2025-06-30,2025-08-23
688521,2025-09-30,2025-10-28
688521,2025-12-31,2026-03-31
688521,2026-03-31,2026-04-30
688521,2026-06-30,2026-08-18
600219,2015-03-31,2015-04-30
600219,2015-06-30,2015-08-29
600219,2015-09-30,2015-10-29
600219,2015-12-31,2016-04-05
600219,2016-03-31,2016-04-27
600219,2016-06-30,2016-08-26
600219,2016-09-30,2016-10-27
600219,2016-12-31,2017-04-20
600219,2017-03-31,2017-04-28
600219,2017-06-30,2017-08-26
600219,2017-09-30,2017-10-26
600219,2017-12-31,2018-02-10
600219,2018-03-31,2018-04-28
600219,2018-06-30,2018-08-30
600219,2018-09-30,2018-10-31
600219,2018-12-31,2019-04-17
600219,2019-03-31,2019-04-27
600219,2019-06-30,2019-08-27
600219,2019-09-30,2019-10-29
600219,2019-12-31,2020-04-11
600219,2020-03-31,2020-04-29
600219,2020-06-30,2020-08-25
600219,2020-09-30,2020-10-27
600219,2020-12-31,2021-04-16
600219,2021-03-31,2021-04-27
600219,2021-06-30,2021-08-27
600219,2021-09-30,2021-10-27
600219,2021-12-31,2022-03-31
600219,2022-03-31,2022-04-28
600219,2022-06-30,2022-08-26
600219,2022-09-30,2022-10-27
600219,2022-12-31,2023-04-29
600219,2023-03-31,2023-04-29
600219,2023-06-30,2023-08-26
600219,2023-09-30,2023-10-28
600219,2023-12-31,2024-02-29
600219,2024-03-31,2024-04-30
600219,2024-06-30,2024-08-21
600219,2024-09-30,2024-10-29
600219,2024-12-31,2025-03-25
600219,2025-03-31,2025-04-26
600219,2025-06-30,2025-08-29
600219,2025-09-30,2025-10-30
600219,2025-12-31,2026-03-27
600219,2026-03-31,2026-04-28
600219,2026-06-30,2026-08-20
002709,2015-03-31,2015-04-24
002709,2015-06-30,2015-08-25
002709,2015-09-30,2015-10-27
002709,2015-12-31,2016-04-12
002709,2016-03-31,2016-04-26
002709,2016-06-30,2016-08-23
002709,2016-09-30,2016-10-26
002709,2016-12-31,2017-04-11
002709,2017-03-31,2017-04-22
002709,2017-06-30,2017-08-22
002709,2017-09-30,2017-10-26
002709,2017-12-31,2018-04-24
002709,2018-03-31,2018-04-27
002709,2018-06-30,2018-08-21
002709,2018-09-30,2018-10-30
002709,2018-12-31,2019-04-23
002709,2019-03-31,2019-04-27
002709,2019-06-30,2019-08-27
002709,2019-09-30,2019-10-29
002709,2019-12-31,2020-04-28
002709,2020-03-31,2020-04-30
002709,2020-06-30,2020-08-19
002709,2020-09-30,2020-10-27
002709,2020-12-31,2021-03-25
002709,2021-03-31,2021-04-20
002709,2021-06-30,2021-08-24
002709,2021-09-30,2021-10-27
002709,2021-12-31,2022-03-22
002709,2022-03-31,2022-04-15
002709,2022-06-30,2022-08-25
002709,2022-09-30,2022-10-28
002709,2022-12-31,2023-04-11
002709,2023-03-31,2023-04-18
002709,2023-06-30,2023-08-15
002709,2023-09-30,2023-10-28
002709,2023-12-31,2024-03-26
002709,2024-03-31,2024-04-27
002709,2024-06-30,2024-08-28
002709,2024-09-30,2024-10-26
002709,2024-12-31,2025-04-15
002709,2025-03-31,2025-04-23
002709,2025-06-30,2025-08-19
002709,2025-09-30,2025-10-31
002709,2025-12-31,2026-03-10
002709,2026-03-31,2026-04-28
002709,2026-06-30,2026-08-21
000651,2015-03-31,2015-04-30
000651,2015-06-30,2015-08-31
000651,2015-09-30,2015-10-31
000651,2015-12-31,2016-04-29
000651,2016-03-31,2016-04-30
000651,2016-06-30,2016-08-19
000651,2016-09-30,2016-10-31
000651,2016-12-31,2017-04-27
000651,2017-03-31,2017-04-29
000651,2017-06-30,2017-08-31
000651,2017-09-30,2017-10-31
000651,2017-12-31,2018-04-26
000651,2018-03-31,2018-04-27
000651,2018-06-30,2018-08-31
000651,2018-09-30,2018-10-31
000651,2018-12-31,2019-04-29
000651,2019-03-31,2019-04-30
000651,2019-06-30,2019-08-31
000651,2019-09-30,2019-10-31
000651,2019-12-31,2020-04-30
000651,2020-03-31,2020-04-30
000651,2020-06-30,2020-08-31
000651,2020-09-30,2020-10-31
000651,2020-12-31,2021-04-29
000651,2021-03-31,2021-04-29
000651,2021-06-30,2021-08-23
000651,2021-09-30,2021-10-27
000651,2021-12-31,2022-04-30
000651,2022-03-31,2022-04-30
000651,2022-06-30,2022-08-31
000651,2022-09-30,2022-10-31
000651,2022-12-31,2023-04-29
000651,2023-03-31,2023-04-29
000651,2023-06-30,2023-08-31
000651,2023-09-30,2023-10-31
000651,2023-12-31,2024-04-30
000651,2024-03-31,2024-04-30
000651,2024-06-30,2024-08-31
000651,2024-09-30,2024-10-31
000651,2024-12-31,2025-04-28
000651,2025-03-31,2025-04-28
000651,2025-06-30,2025-08-29
000651,2025-09-30,2025-10-31
000651,2025-12-31,2026-04-29
000651,2026-03-31,2026-04-29
000651,2026-06-30,2026-08-27
601066,2018-06-30,2018-08-25
601066,2018-09-30,2018-10-31
601066,2018-12-31,2019-03-19
601066,2019-03-31,2019-04-26
601066,2019-06-30,2019-08-24
601066,2019-09-30,2019-10-30
601066,2019-12-31,2020-03-27
601066,2020-03-31,2020-04-25
601066,2020-06-30,2020-08-26
601066,2020-09-30,2020-10-24
601066,2020-12-31,2021-04-01
601066,2021-03-31,2021-04-23
601066,2021-06-30,2021-08-27
601066,2021-09-30,2021-10-29
601066,2021-12-31,2022-03-31
601066,2022-03-31,2022-04-29
601066,2022-06-30,2022-08-31
601066,2022-09-30,2022-10-29
601066,2022-12-31,2023-03-31
601066,2023-03-31,2023-04-28
601066,2023-06-30,2023-08-31
601066,2023-09-30,2023-10-27
601066,2023-12-31,2024-03-29
601066,2024-03-31,2024-04-30
601066,2024-06-30,2024-08-30
601066,2024-09-30,2024-10-31
601066,2024-12-31,2025-03-28
601066,2025-03-31,2025-04-30
601066,2025-06-30,2025-08-29
601066,2025-09-30,2025-10-31
601066,2025-12-31,2026-03-27
601066,2026-03-31,2026-04-30
601066,2026-06-30,2026-08-19
600436,2015-03-31,2015-04-25
600436,2015-06-30,2015-08-25
600436,2015-09-30,2015-10-23
600436,2015-12-31,2016-04-15
600436,2016-03-31,2016-04-15
600436,2016-06-30,2016-07-30
600436,2016-09-30,2016-10-31
600436,2016-12-31,2017-04-13
600436,2017-03-31,2017-04-13
600436,2017-06-30,2017-08-25
600436,2017-09-30,2017-10-27
600436,2017-12-31,2018-04-16
600436,2018-03-31,2018-04-27
600436,2018-06-30,2018-08-25
600436,2018-09-30,2018-10-24
600436,2018-12-31,2019-04-13
600436,2019-03-31,2019-04-27
600436,2019-06-30,2019-08-24
600436,2019-09-30,2019-10-25
600436,2019-12-31,2020-04-25
600436,2020-03-31,2020-04-25
600436,2020-06-30,2020-08-22
600436,2020-09-30,2020-10-24
600436,2020-12-31,2021-04-24
600436,2021-03-31,2021-04-24
600436,2021-06-30,2021-08-21
600436,2021-09-30,2021-10-16
600436,2021-12-31,2022-04-16
600436,2022-03-31,2022-04-23
600436,2022-06-30,2022-08-20
600436,2022-09-30,2022-10-22
600436,2022-12-31,2023-04-15
600436,2023-03-31,2023-04-15
600436,2023-06-30,2023-08-19
600436,2023-09-30,2023-10-17
600436,2023-12-31,2024-04-20
600436,2024-03-31,2024-04-20
600436,2024-06-30,2024-08-17
600436,2024-09-30,2024-10-19
600436,2024-12-31,2025-04-26
600436,2025-03-31,2025-04-30
600436,2025-06-30,2025-08-30
600436,2025-09-30,2025-10-18
600436,2025-12-31,2026-04-30
600436,2026-03-31,2026-04-30
600436,2026-06-30,2026-08-29
601728,2021-09-30,2021-10-23
601728,2021-12-31,2022-03-18
601728,2022-03-31,2022-04-21
601728,2022-06-30,2022-08-17
601728,2022-09-30,2022-10-21
601728,2022-12-31,2023-03-23
601728,2023-03-31,2023-04-21
601728,2023-06-30,2023-08-09
601728,2023-09-30,2023-10-21
601728,2023-12-31,2024-03-27
601728,2024-03-31,2024-04-24
601728,2024-06-30,2024-08-21
601728,2024-09-30,2024-10-23
601728,2024-12-31,2025-03-26
601728,2025-03-31,2025-04-26
601728,2025-06-30,2025-08-15
601728,2025-09-30,2025-10-22
601728,2025-12-31,2026-03-25
601728,2026-03-31,2026-04-24
601728,2026-06-30,2026-08-21
000725,2015-03-31,2015-04-23
000725,2015-06-30,2015-08-25
000725,2015-09-30,2015-10-27
000725,2015-12-31,2016-04-26
000725,2016-03-31,2016-04-26
000725,2016-06-30,2016-08-30
000725,2016-09-30,2016-10-25
000725,2016-12-31,2017-04-25
000725,2017-03-31,2017-04-25
000725,2017-06-30,2017-08-29
000725,2017-09-30,2017-10-31
000725,2017-12-31,2018-04-24
000725,2018-03-31,2018-04-24
000725,2018-06-30,2018-08-28
000725,2018-09-30,2018-10-30
000725,2018-12-31,2019-03-26
000725,2019-03-31,2019-04-30
000725,2019-06-30,2019-08-27
000725,2019-09-30,2019-10-31
000725,2019-12-31,2020-04-28
000725,2020-03-31,2020-04-28
000725,2020-06-30,2020-08-29
000725,2020-09-30,2020-10-30
000725,2020-12-31,2021-04-13
000725,2021-03-31,2021-04-30
000725,2021-06-30,2021-08-31
000725,2021-09-30,2021-10-29
000725,2021-12-31,2022-03-31
000725,2022-03-31,2022-04-28
000725,2022-06-30,2022-08-30
000725,2022-09-30,2022-10-31
000725,2022-12-31,2023-04-04
000725,2023-03-31,2023-04-29
000725,2023-06-30,2023-08-29
000725,2023-09-30,2023-10-31
000725,2023-12-31,2024-04-02
000725,2024-03-31,2024-04-30
000725,2024-06-30,2024-08-28
000725,2024-09-30,2024-10-31
000725,2024-12-31,2025-04-22
000725,2025-03-31,2025-04-29
000725,2025-06-30,2025-08-28
000725,2025-09-30,2025-10-31
000725,2025-12-31,2026-04-01
000725,2026-03-31,2026-04-30
000725,2026-06-30,2026-08-29
600026,2015-03-31,2015-04-29
600026,2015-06-30,2015-08-29
600026,2015-09-30,2015-10-29
600026,2015-12-31,2016-03-30
600026,2016-03-31,2016-04-29
600026,2016-06-30,2016-08-30
600026,2016-09-30,2016-10-29
600026,2016-12-31,2017-03-29
600026,2017-03-31,2017-04-29
600026,2017-06-30,2017-08-30
600026,2017-09-30,2017-10-31
600026,2017-12-31,2018-03-29
600026,2018-03-31,2018-04-28
600026,2018-06-30,2018-08-30
600026,2018-09-30,2018-10-31
600026,2018-12-31,2019-03-28
600026,2019-03-31,2019-04-30
600026,2019-06-30,2019-08-30
600026,2019-09-30,2019-10-31
600026,2019-12-31,2020-03-31
600026,2020-03-31,2020-04-30
600026,2020-06-30,2020-08-28
600026,2020-09-30,2020-10-30
600026,2020-12-31,2021-03-31
600026,2021-03-31,2021-04-30
600026,2021-06-30,2021-08-31
600026,2021-09-30,2021-10-30
600026,2021-12-31,2022-03-31
600026,2022-03-31,2022-04-30
600026,2022-06-30,2022-08-31
600026,2022-09-30,2022-10-29
600026,2022-12-31,2023-03-31
600026,2023-03-31,2023-04-29
600026,2023-06-30,2023-08-31
600026,2023-09-30,2023-10-27
600026,2023-12-31,2024-03-29
600026,2024-03-31,2024-04-27
600026,2024-06-30,2024-08-30
600026,2024-09-30,2024-10-31
600026,2024-12-31,2025-03-27
600026,2025-03-31,2025-04-30
600026,2025-06-30,2025-08-30
600026,2025-09-30,2025-10-31
600026,2025-12-31,2026-03-27
600026,2026-03-31,2026-04-28
600026,2026-06-30,2026-08-29
601377,2015-03-31,2015-04-28
601377,2015-06-30,2015-08-25
601377,2015-09-30,2015-10-30
601377,2015-12-31,2016-03-31
601377,2016-03-31,2016-04-27
601377,2016-06-30,2016-08-23
601377,2016-09-30,2016-10-29
601377,2016-12-31,2017-04-11
601377,2017-03-31,2017-04-27
601377,2017-06-30,2017-08-29
601377,2017-09-30,2017-10-31
601377,2017-12-31,2018-03-31
601377,2018-03-31,2018-04-28
601377,2018-06-30,2018-08-28
601377,2018-09-30,2018-10-31
601377,2018-12-31,2019-04-03
601377,2019-03-31,2019-04-30
601377,2019-06-30,2019-08-28
601377,2019-09-30,2019-10-30
601377,2019-12-31,2020-04-25
601377,2020-03-31,2020-04-25
601377,2020-06-30,2020-08-29
601377,2020-09-30,2020-10-31
601377,2020-12-31,2021-04-06
601377,2021-03-31,2021-04-30
601377,2021-06-30,2021-08-28
601377,2021-09-30,2021-10-30
601377,2021-12-31,2022-03-31
601377,2022-03-31,2022-04-30
601377,2022-06-30,2022-08-31
601377,2022-09-30,2022-10-29
601377,2022-12-31,2023-04-22
601377,2023-03-31,2023-04-28
601377,2023-06-30,2023-08-26
601377,2023-09-30,2023-10-28
601377,2023-12-31,2024-04-27
601377,2024-03-31,2024-04-27
601377,2024-06-30,2024-08-31
601377,2024-09-30,2024-10-31
601377,2024-12-31,2025-04-26
601377,2025-03-31,2025-04-26
601377,2025-06-30,2025-08-30
601377,2025-09-30,2025-10-31
601377,2025-12-31,2026-03-28
601377,2026-03-31,2026-04-30
601377,2026-06-30,2026-08-20
000568,2015-03-31,2015-04-23
000568,2015-06-30,2015-08-25
000568,2015-09-30,2015-10-29
000568,2015-12-31,2016-04-28
000568,2016-03-31,2016-04-28
000568,2016-06-30,2016-08-31
000568,2016-09-30,2016-10-27
000568,2016-12-31,2017-04-19
000568,2017-03-31,2017-04-29
000568,2017-06-30,2017-08-29
000568,2017-09-30,2017-10-27
000568,2017-12-31,2018-04-11
000568,2018-03-31,2018-04-26
000568,2018-06-30,2018-08-28
000568,2018-09-30,2018-10-29
000568,2018-12-31,2019-04-26
000568,2019-03-31,2019-04-26
000568,2019-06-30,2019-08-29
000568,2019-09-30,2019-10-31
000568,2019-12-31,2020-04-29
000568,2020-03-31,2020-04-29
000568,2020-06-30,2020-08-28
000568,2020-09-30,2020-10-29
000568,2020-12-31,2021-04-30
000568,2021-03-31,2021-04-30
000568,2021-06-30,2021-08-28
000568,2021-09-30,2021-10-29
000568,2021-12-31,2022-04-29
000568,2022-03-31,2022-04-29
000568,2022-06-30,2022-08-29
000568,2022-09-30,2022-10-28
000568,2022-12-31,2023-04-29
000568,2023-03-31,2023-04-29
000568,2023-06-30,2023-08-29
000568,2023-09-30,2023-10-31
000568,2023-12-31,2024-04-27
000568,2024-03-31,2024-04-27
000568,2024-06-30,2024-08-31
000568,2024-09-30,2024-10-31
000568,2024-12-31,2025-04-28
000568,2025-03-31,2025-04-28
000568,2025-06-30,2025-08-30
000568,2025-09-30,2025-10-31
000568,2025-12-31,2026-04-29
000568,2026-03-31,2026-04-29
000568,2026-06-30,2026-08-26
600519,2015-03-31,2015-04-21
600519,2015-06-30,2015-08-28
600519,2015-09-30,2015-10-23
600519,2015-12-31,2016-03-24
600519,2016-03-31,2016-04-21
600519,2016-06-30,2016-08-27
600519,2016-09-30,2016-10-29
600519,2016-12-31,2017-04-15
600519,2017-03-31,2017-04-25
600519,2017-06-30,2017-07-28
600519,2017-09-30,2017-10-26
600519,2017-12-31,2018-03-28
600519,2018-03-31,2018-04-28
600519,2018-06-30,2018-08-02
600519,2018-09-30,2018-10-29
600519,2018-12-31,2019-03-29
600519,2019-03-31,2019-04-25
600519,2019-06-30,2019-07-18
600519,2019-09-30,2019-10-16
600519,2019-12-31,2020-04-22
600519,2020-03-31,2020-04-28
600519,2020-06-30,2020-07-29
600519,2020-09-30,2020-10-26
600519,2020-12-31,2021-03-31
600519,2021-03-31,2021-04-28
600519,2021-06-30,2021-07-31
600519,2021-09-30,2021-10-23
600519,2021-12-31,2022-03-31
600519,2022-03-31,2022-04-27
600519,2022-06-30,2022-08-03
600519,2022-09-30,2022-10-17
600519,2022-12-31,2023-03-31
600519,2023-03-31,2023-04-26
600519,2023-06-30,2023-08-03
600519,2023-09-30,2023-10-21
600519,2023-12-31,2024-04-03
600519,2024-03-31,2024-04-27
600519,2024-06-30,2024-08-09
600519,2024-09-30,2024-10-26
600519,2024-12-31,2025-04-03
600519,2025-03-31,2025-04-30
600519,2025-06-30,2025-08-13
600519,2025-09-30,2025-10-30
600519,2025-12-31,2026-04-17
600519,2026-03-31,2026-04-25
600519,2026-06-30,2026-08-15
603986,2016-06-30,2016-08-31
603986,2016-09-30,2016-10-28
603986,2016-12-31,2017-04-11
603986,2017-03-31,2017-04-28
603986,2017-06-30,2017-08-28
603986,2017-09-30,2017-10-28
603986,2017-12-31,2018-04-16
603986,2018-03-31,2018-04-28
603986,2018-06-30,2018-08-25
603986,2018-09-30,2018-10-31
603986,2018-12-31,2019-04-30
603986,2019-03-31,2019-04-30
603986,2019-06-30,2019-08-28
603986,2019-09-30,2019-10-30
603986,2019-12-31,2020-03-27
603986,2020-03-31,2020-04-29
603986,2020-06-30,2020-08-26
603986,2020-09-30,2020-10-30
603986,2020-12-31,2021-04-17
603986,2021-03-31,2021-04-28
603986,2021-06-30,2021-08-28
603986,2021-09-30,2021-10-28
603986,2021-12-31,2022-04-28
603986,2022-03-31,2022-04-28
603986,2022-06-30,2022-08-27
603986,2022-09-30,2022-10-29
603986,2022-12-31,2023-04-28
603986,2023-03-31,2023-04-28
603986,2023-06-30,2023-08-26
603986,2023-09-30,2023-10-25
603986,2023-12-31,2024-04-20
603986,2024-03-31,2024-04-20
603986,2024-06-30,2024-08-21
603986,2024-09-30,2024-10-26
603986,2024-12-31,2025-04-26
603986,2025-03-31,2025-04-26
603986,2025-06-30,2025-08-23
603986,2025-09-30,2025-10-29
603986,2025-12-31,2026-03-31
603986,2026-03-31,2026-04-30
603986,2026-06-30,2026-08-19
688396,2019-12-31,2020-04-23
688396,2020-03-31,2020-04-23
688396,2020-06-30,2020-07-29
688396,2020-09-30,2020-10-20
688396,2020-12-31,2021-04-30
688396,2021-03-31,2021-04-30
688396,2021-06-30,2021-08-19
688396,2021-09-30,2021-10-27
688396,2021-12-31,2022-04-23
688396,2022-03-31,2022-04-23
688396,2022-06-30,2022-08-19
688396,2022-09-30,2022-10-27
688396,2022-12-31,2023-04-28
688396,2023-03-31,2023-04-28
688396,2023-06-30,2023-08-31
688396,2023-09-30,2023-10-28
688396,2023-12-31,2024-04-26
688396,2024-03-31,2024-04-26
688396,2024-06-30,2024-08-31
688396,2024-09-30,2024-10-31
688396,2024-12-31,2025-04-30
688396,2025-03-31,2025-04-30
688396,2025-06-30,2025-08-29
688396,2025-09-30,2025-10-31
688396,2025-12-31,2026-04-25
688396,2026-03-31,2026-04-25
688396,2026-06-30,2026-08-25
600690,2015-03-31,2015-04-30
600690,2015-06-30,2015-08-29
600690,2015-09-30,2015-10-31
600690,2015-12-31,2016-04-29
600690,2016-03-31,2016-04-29
600690,2016-06-30,2016-08-31
600690,2016-09-30,2016-10-29
600690,2016-12-31,2017-04-29
600690,2017-03-31,2017-04-29
600690,2017-06-30,2017-08-28
600690,2017-09-30,2017-10-31
600690,2017-12-31,2018-04-26
600690,2018-03-31,2018-04-26
600690,2018-06-30,2018-08-31
600690,2018-09-30,2018-10-31
600690,2018-12-31,2019-04-30
600690,2019-03-31,2019-04-30
600690,2019-06-30,2019-08-30
600690,2019-09-30,2019-10-31
600690,2019-12-31,2020-04-30
600690,2020-03-31,2020-04-30
600690,2020-06-30,2020-08-29
600690,2020-09-30,2020-10-30
600690,2020-12-31,2021-03-31
600690,2021-03-31,2021-04-30
600690,2021-06-30,2021-08-31
600690,2021-09-30,2021-10-30
600690,2021-12-31,2022-03-31
600690,2022-03-31,2022-04-29
600690,2022-06-30,2022-08-30
600690,2022-09-30,2022-10-31
600690,2022-12-31,2023-03-31
600690,2023-03-31,2023-04-28
600690,2023-06-30,2023-08-31
600690,2023-09-30,2023-10-31
600690,2023-12-31,2024-03-28
600690,2024-03-31,2024-04-30
600690,2024-06-30,2024-08-28
600690,2024-09-30,2024-10-30
600690,2024-12-31,2025-03-28
600690,2025-03-31,2025-04-30
600690,2025-06-30,2025-08-29
600690,2025-09-30,2025-10-31
600690,2025-12-31,2026-03-27
600690,2026-03-31,2026-04-28
600690,2026-06-30,2026-08-28
300498,2015-12-31,2016-04-18
300498,2016-03-31,2016-04-22
300498,2016-06-30,2016-08-26
300498,2016-09-30,2016-10-14
300498,2016-12-31,2017-04-07
300498,2017-03-31,2017-04-17
300498,2017-06-30,2017-08-15
300498,2017-09-30,2017-10-30
300498,2017-12-31,2018-04-10
300498,2018-03-31,2018-04-24
300498,2018-06-30,2018-08-15
300498,2018-09-30,2018-10-24
300498,2018-12-31,2019-04-10
300498,2019-03-31,2019-04-25
300498,2019-06-30,2019-08-21
300498,2019-09-30,2019-10-23
300498,2019-12-31,2020-04-24
300498,2020-03-31,2020-04-24
300498,2020-06-30,2020-08-20
300498,2020-09-30,2020-10-30
300498,2020-12-31,2021-04-22
300498,2021-03-31,2021-04-22
300498,2021-06-30,2021-08-19
300498,2021-09-30,2021-10-28
300498,2021-12-31,2022-04-16
300498,2022-03-31,2022-04-27
300498,2022-06-30,2022-08-19
300498,2022-09-30,2022-10-26
300498,2022-12-31,2023-04-26
300498,2023-03-31,2023-04-26
300498,2023-06-30,2023-08-31
300498,2023-09-30,2023-10-26
300498,2023-12-31,2024-04-29
300498,2024-03-31,2024-04-29
300498,2024-06-30,2024-08-27
300498,2024-09-30,2024-10-23
300498,2024-12-31,2025-04-24
300498,2025-03-31,2025-04-24
300498,2025-06-30,2025-08-28
300498,2025-09-30,2025-10-22
300498,2025-12-31,2026-04-22
300498,2026-03-31,2026-04-22
300498,2026-06-30,2026-08-26
000408,2015-03-31,2015-04-29
000408,2015-06-30,2015-08-18
000408,2015-09-30,2015-10-23
000408,2015-12-31,2016-04-27
000408,2016-03-31,2016-04-27
000408,2016-06-30,2016-08-31
000408,2016-09-30,2016-10-31
000408,2016-12-31,2017-04-18
000408,2017-03-31,2017-04-27
000408,2017-06-30,2017-08-29
000408,2017-09-30,2017-10-31
000408,2017-12-31,2018-04-28
000408,2018-03-31,2018-04-28
000408,2018-06-30,2018-08-30
000408,2018-09-30,2018-10-30
000408,2018-12-31,2019-04-30
000408,2019-03-31,2019-04-30
000408,2019-06-30,2019-08-30
000408,2019-09-30,2019-10-30
000408,2019-12-31,2020-04-30
000408,2020-03-31,2020-04-30
000408,2020-06-30,2020-08-29
000408,2020-09-30,2020-10-31
000408,2020-12-31,2021-04-13
000408,2021-03-31,2021-04-30
000408,2021-06-30,2021-08-20
000408,2021-09-30,2021-10-20
000408,2021-12-31,2022-03-11
000408,2022-03-31,2022-04-29
000408,2022-06-30,2022-07-26
000408,2022-09-30,2022-10-20
000408,2022-12-31,2023-03-10
000408,2023-03-31,2023-04-18
000408,2023-06-30,2023-07-25
000408,2023-09-30,2023-10-20
000408,2023-12-31,2024-03-21
000408,2024-03-31,2024-04-30
000408,2024-06-30,2024-08-10
000408,2024-09-30,2024-10-26
000408,2024-12-31,2025-03-29
000408,2025-03-31,2025-04-19
000408,2025-06-30,2025-08-02
000408,2025-09-30,2025-10-17
000408,2025-12-31,2026-03-14
000408,2026-03-31,2026-04-18
000408,2026-06-30,2026-08-11
002236,2015-03-31,2015-04-16
002236,2015-06-30,2015-08-17
002236,2015-09-30,2015-10-26
002236,2015-12-31,2016-02-29
002236,2016-03-31,2016-04-29
002236,2016-06-30,2016-08-19
002236,2016-09-30,2016-10-18
002236,2016-12-31,2017-04-24
002236,2017-03-31,2017-04-26
002236,2017-06-30,2017-08-07
002236,2017-09-30,2017-10-30
002236,2017-12-31,2018-03-09
002236,2018-03-31,2018-04-27
002236,2018-06-30,2018-08-21
002236,2018-09-30,2018-10-26
002236,2018-12-31,2019-03-19
002236,2019-03-31,2019-04-26
002236,2019-06-30,2019-08-17
002236,2019-09-30,2019-10-29
002236,2019-12-31,2020-04-03
002236,2020-03-31,2020-04-28
002236,2020-06-30,2020-08-21
002236,2020-09-30,2020-10-13
002236,2020-12-31,2021-03-24
002236,2021-03-31,2021-04-23
002236,2021-06-30,2021-08-28
002236,2021-09-30,2021-10-30
002236,2021-12-31,2022-04-23
002236,2022-03-31,2022-04-23
002236,2022-06-30,2022-08-20
002236,2022-09-30,2022-10-29
002236,2022-12-31,2023-04-28
002236,2023-03-31,2023-04-28
002236,2023-06-30,2023-08-26
002236,2023-09-30,2023-10-21
002236,2023-12-31,2024-04-16
002236,2024-03-31,2024-04-16
002236,2024-06-30,2024-08-24
002236,2024-09-30,2024-10-26
002236,2024-12-31,2025-03-29
002236,2025-03-31,2025-04-19
002236,2025-06-30,2025-08-16
002236,2025-09-30,2025-10-25
002236,2025-12-31,2026-04-18
002236,2026-03-31,2026-04-18
002236,2026-06-30,2026-08-15
600875,2015-03-31,2015-04-30
600875,2015-06-30,2015-08-29
600875,2015-09-30,2015-10-30
600875,2015-12-31,2016-03-30
600875,2016-03-31,2016-04-30
600875,2016-06-30,2016-08-27
600875,2016-09-30,2016-10-22
600875,2016-12-31,2017-03-25
600875,2017-03-31,2017-04-29
600875,2017-06-30,2017-08-31
600875,2017-09-30,2017-10-28
600875,2017-12-31,2018-03-30
600875,2018-03-31,2018-04-28
600875,2018-06-30,2018-08-31
600875,2018-09-30,2018-10-31
600875,2018-12-31,2019-03-30
600875,2019-03-31,2019-04-30
600875,2019-06-30,2019-08-31
600875,2019-09-30,2019-10-30
600875,2019-12-31,2020-03-28
600875,2020-03-31,2020-04-29
600875,2020-06-30,2020-08-28
600875,2020-09-30,2020-10-30
600875,2020-12-31,2021-03-31
600875,2021-03-31,2021-04-30
600875,2021-06-30,2021-08-28
600875,2021-09-30,2021-10-30
600875,2021-12-31,2022-03-31
600875,2022-03-31,2022-04-30
600875,2022-06-30,2022-08-31
600875,2022-09-30,2022-10-29
600875,2022-12-31,2023-04-01
600875,2023-03-31,2023-04-29
600875,2023-06-30,2023-08-31
600875,2023-09-30,2023-10-31
600875,2023-12-31,2024-03-29
600875,2024-03-31,2024-04-30
600875,2024-06-30,2024-08-30
600875,2024-09-30,2024-10-31
600875,2024-12-31,2025-04-30
600875,2025-03-31,2025-04-30
600875,2025-06-30,2025-08-29
600875,2025-09-30,2025-10-31
600875,2025-12-31,2026-04-01
600875,2026-03-31,2026-04-30
600875,2026-06-30,2026-08-26
601766,2015-03-31,2015-04-30
601766,2015-06-30,2015-08-29
601766,2015-09-30,2015-10-31
601766,2015-12-31,2016-03-30
601766,2016-03-31,2016-04-28
601766,2016-06-30,2016-08-23
601766,2016-09-30,2016-10-29
601766,2016-12-31,2017-03-30
601766,2017-03-31,2017-04-28
601766,2017-06-30,2017-08-26
601766,2017-09-30,2017-10-28
601766,2017-12-31,2018-03-29
601766,2018-03-31,2018-04-27
601766,2018-06-30,2018-08-25
601766,2018-09-30,2018-10-31
601766,2018-12-31,2019-03-29
601766,2019-03-31,2019-04-30
601766,2019-06-30,2019-08-30
601766,2019-09-30,2019-10-31
601766,2019-12-31,2020-03-31
601766,2020-03-31,2020-04-30
601766,2020-06-30,2020-08-29
601766,2020-09-30,2020-10-31
601766,2020-12-31,2021-03-31
601766,2021-03-31,2021-04-30
601766,2021-06-30,2021-08-28
601766,2021-09-30,2021-10-30
601766,2021-12-31,2022-03-31
601766,2022-03-31,2022-04-30
601766,2022-06-30,2022-08-27
601766,2022-09-30,2022-10-29
601766,2022-12-31,2023-03-31
601766,2023-03-31,2023-04-29
601766,2023-06-30,2023-08-26
601766,2023-09-30,2023-10-28
601766,2023-12-31,2024-03-29
601766,2024-03-31,2024-04-30
601766,2024-06-30,2024-08-24
601766,2024-09-30,2024-10-31
601766,2024-12-31,2025-03-29
601766,2025-03-31,2025-04-30
601766,2025-06-30,2025-08-23
601766,2025-09-30,2025-10-31
601766,2025-12-31,2026-03-28
601766,2026-03-31,2026-04-30
601766,2026-06-30,2026-08-20
603993,2015-03-31,2015-04-28
603993,2015-06-30,2015-08-31
603993,2015-09-30,2015-10-30
603993,2015-12-31,2016-03-25
603993,2016-03-31,2016-04-29
603993,2016-06-30,2016-08-29
603993,2016-09-30,2016-10-31
603993,2016-12-31,2017-03-31
603993,2017-03-31,2017-04-28
603993,2017-06-30,2017-08-28
603993,2017-09-30,2017-10-30
603993,2017-12-31,2018-03-30
603993,2018-03-31,2018-04-28
603993,2018-06-30,2018-08-28
603993,2018-09-30,2018-10-30
603993,2018-12-31,2019-03-29
603993,2019-03-31,2019-04-30
603993,2019-06-30,2019-08-28
603993,2019-09-30,2019-10-30
603993,2019-12-31,2020-03-30
603993,2020-03-31,2020-04-30
603993,2020-06-30,2020-08-31
603993,2020-09-30,2020-10-29
603993,2020-12-31,2021-03-23
603993,2021-03-31,2021-04-28
603993,2021-06-30,2021-08-23
603993,2021-09-30,2021-10-28
603993,2021-12-31,2022-03-19
603993,2022-03-31,2022-04-29
603993,2022-06-30,2022-08-22
603993,2022-09-30,2022-10-24
603993,2022-12-31,2023-03-18
603993,2023-03-31,2023-04-29
603993,2023-06-30,2023-08-26
603993,2023-09-30,2023-10-28
603993,2023-12-31,2024-03-23
603993,2024-03-31,2024-04-30
603993,2024-06-30,2024-08-24
603993,2024-09-30,2024-10-29
603993,2024-12-31,2025-03-22
603993,2025-03-31,2025-04-26
603993,2025-06-30,2025-08-23
603993,2025-09-30,2025-10-25
603993,2025-12-31,2026-03-28
603993,2026-03-31,2026-04-25
603993,2026-06-30,2026-08-20
688036,2019-09-30,2019-10-30
688036,2019-12-31,2020-04-28
688036,2020-03-31,2020-04-29
688036,2020-06-30,2020-08-27
688036,2020-09-30,2020-10-28
688036,2020-12-31,2021-04-27
688036,2021-03-31,2021-04-28
688036,2021-06-30,2021-08-25
688036,2021-09-30,2021-10-26
688036,2021-12-31,2022-04-26
688036,2022-03-31,2022-04-27
688036,2022-06-30,2022-08-24
688036,2022-09-30,2022-10-26
688036,2022-12-31,2023-04-26
688036,2023-03-31,2023-04-28
688036,2023-06-30,2023-08-29
688036,2023-09-30,2023-10-18
688036,2023-12-31,2024-04-23
688036,2024-03-31,2024-04-25
688036,2024-06-30,2024-08-28
688036,2024-09-30,2024-10-29
688036,2024-12-31,2025-04-24
688036,2025-03-31,2025-04-29
688036,2025-06-30,2025-08-28
688036,2025-09-30,2025-10-29
688036,2025-12-31,2026-03-28
688036,2026-03-31,2026-04-28
688036,2026-06-30,2026-08-18
000596,2015-03-31,2015-04-29
000596,2015-06-30,2015-08-22
000596,2015-09-30,2015-10-30
000596,2015-12-31,2016-04-26
000596,2016-03-31,2016-04-26
000596,2016-06-30,2016-08-27
000596,2016-09-30,2016-10-31
000596,2016-12-31,2017-04-28
000596,2017-03-31,2017-04-28
000596,2017-06-30,2017-08-26
000596,2017-09-30,2017-10-28
000596,2017-12-31,2018-04-28
000596,2018-03-31,2018-04-28
000596,2018-06-30,2018-08-28
000596,2018-09-30,2018-10-27
000596,2018-12-31,2019-04-27
000596,2019-03-31,2019-04-27
000596,2019-06-30,2019-08-26
000596,2019-09-30,2019-10-28
000596,2019-12-31,2020-04-27
000596,2020-03-31,2020-04-27
000596,2020-06-30,2020-08-29
000596,2020-09-30,2020-10-29
000596,2020-12-31,2021-04-30
000596,2021-03-31,2021-04-30
000596,2021-06-30,2021-08-28
000596,2021-09-30,2021-10-30
000596,2021-12-31,2022-04-30
000596,2022-03-31,2022-04-30
000596,2022-06-30,2022-08-31
000596,2022-09-30,2022-10-31
000596,2022-12-31,2023-04-29
000596,2023-03-31,2023-04-29
000596,2023-06-30,2023-08-31
000596,2023-09-30,2023-10-28
000596,2023-12-31,2024-04-27
000596,2024-03-31,2024-04-27
000596,2024-06-30,2024-08-31
000596,2024-09-30,2024-10-31
000596,2024-12-31,2025-04-28
000596,2025-03-31,2025-04-28
000596,2025-06-30,2025-08-30
000596,2025-09-30,2025-10-31
000596,2025-12-31,2026-04-29
000596,2026-03-31,2026-04-29
000596,2026-06-30,2026-08-29
601360,2015-03-31,2015-04-29
601360,2015-06-30,2015-08-26
601360,2015-09-30,2015-10-29
601360,2015-12-31,2016-03-11
601360,2016-03-31,2016-04-28
601360,2016-06-30,2016-08-18
601360,2016-09-30,2016-10-28
601360,2016-12-31,2017-03-30
601360,2017-03-31,2017-04-27
601360,2017-06-30,2017-08-18
601360,2017-09-30,2017-10-28
601360,2017-12-31,2018-02-02
601360,2018-03-31,2018-04-27
601360,2018-06-30,2018-08-29
601360,2018-09-30,2018-10-31
601360,2018-12-31,2019-04-16
601360,2019-03-31,2019-04-30
601360,2019-06-30,2019-08-27
601360,2019-09-30,2019-10-31
601360,2019-12-31,2020-04-24
601360,2020-03-31,2020-04-24
601360,2020-06-30,2020-08-29
601360,2020-09-30,2020-10-31
601360,2020-12-31,2021-04-22
601360,2021-03-31,2021-04-22
601360,2021-06-30,2021-08-31
601360,2021-09-30,2021-10-28
601360,2021-12-31,2022-04-22
601360,2022-03-31,2022-04-22
601360,2022-06-30,2022-08-26
601360,2022-09-30,2022-10-28
601360,2022-12-31,2023-04-22
601360,2023-03-31,2023-04-22
601360,2023-06-30,2023-08-31
601360,2023-09-30,2023-10-28
601360,2023-12-31,2024-04-20
601360,2024-03-31,2024-04-20
601360,2024-06-30,2024-08-31
601360,2024-09-30,2024-10-31
601360,2024-12-31,2025-04-26
601360,2025-03-31,2025-04-26
601360,2025-06-30,2025-08-27
601360,2025-09-30,2025-10-31
601360,2025-12-31,2026-04-30
601360,2026-03-31,2026-04-30
601360,2026-06-30,2026-08-20
000999,2015-03-31,2015-04-29
000999,2015-06-30,2015-08-26
000999,2015-09-30,2015-10-29
000999,2015-12-31,2016-03-10
000999,2016-03-31,2016-04-26
000999,2016-06-30,2016-08-13
000999,2016-09-30,2016-10-31
000999,2016-12-31,2017-03-09
000999,2017-03-31,2017-04-28
000999,2017-06-30,2017-08-19
000999,2017-09-30,2017-10-30
000999,2017-12-31,2018-03-15
000999,2018-03-31,2018-04-28
000999,2018-06-30,2018-08-23
000999,2018-09-30,2018-10-30
000999,2018-12-31,2019-03-14
000999,2019-03-31,2019-04-27
000999,2019-06-30,2019-08-23
000999,2019-09-30,2019-10-30
000999,2019-12-31,2020-03-20
000999,2020-03-31,2020-04-29
000999,2020-06-30,2020-08-26
000999,2020-09-30,2020-10-30
000999,2020-12-31,2021-03-19
000999,2021-03-31,2021-04-30
000999,2021-06-30,2021-08-24
000999,2021-09-30,2021-10-27
000999,2021-12-31,2022-03-26
000999,2022-03-31,2022-04-23
000999,2022-06-30,2022-08-24
000999,2022-09-30,2022-10-29
000999,2022-12-31,2023-03-29
000999,2023-03-31,2023-04-29
000999,2023-06-30,2023-08-30
000999,2023-09-30,2023-10-28
000999,2023-12-31,2024-03-23
000999,2024-03-31,2024-04-20
000999,2024-06-30,2024-08-24
000999,2024-09-30,2024-10-26
000999,2024-12-31,2025-03-13
000999,2025-03-31,2025-04-29
000999,2025-06-30,2025-08-16
000999,2025-09-30,2025-10-25
000999,2025-12-31,2026-03-21
000999,2026-03-31,2026-04-25
000999,2026-06-30,2026-08-22
002142,2015-03-31,2015-04-28
002142,2015-06-30,2015-08-28
002142,2015-09-30,2015-10-30
002142,2015-12-31,2016-04-26
002142,2016-03-31,2016-04-26
002142,2016-06-30,2016-08-29
002142,2016-09-30,2016-10-22
002142,2016-12-31,2017-04-28
002142,2017-03-31,2017-04-28
002142,2017-06-30,2017-08-18
002142,2017-09-30,2017-10-27
002142,2017-12-31,2018-03-29
002142,2018-03-31,2018-04-28
002142,2018-06-30,2018-08-22
002142,2018-09-30,2018-10-30
002142,2018-12-31,2019-03-30
002142,2019-03-31,2019-04-26
002142,2019-06-30,2019-08-30
002142,2019-09-30,2019-10-31
002142,2019-12-31,2020-04-25
002142,2020-03-31,2020-04-25
002142,2020-06-30,2020-08-29
002142,2020-09-30,2020-10-29
002142,2020-12-31,2021-04-10
002142,2021-03-31,2021-04-24
002142,2021-06-30,2021-08-14
002142,2021-09-30,2021-10-29
002142,2021-12-31,2022-04-08
002142,2022-03-31,2022-04-27
002142,2022-06-30,2022-08-27
002142,2022-09-30,2022-10-28
002142,2022-12-31,2023-04-06
002142,2023-03-31,2023-04-28
002142,2023-06-30,2023-08-25
002142,2023-09-30,2023-10-31
002142,2023-12-31,2024-04-10
002142,2024-03-31,2024-04-30
002142,2024-06-30,2024-08-29
002142,2024-09-30,2024-10-29
002142,2024-12-31,2025-04-10
002142,2025-03-31,2025-04-29
002142,2025-06-30,2025-08-29
002142,2025-09-30,2025-10-28
002142,2025-12-31,2026-04-25
002142,2026-03-31,2026-04-25
002142,2026-06-30,2026-08-20
688008,2019-06-30,2019-08-30
688008,2019-09-30,2019-10-30
688008,2019-12-31,2020-04-25
688008,2020-03-31,2020-04-25
688008,2020-06-30,2020-08-15
688008,2020-09-30,2020-10-30
688008,2020-12-31,2021-04-30
688008,2021-03-31,2021-04-30
688008,2021-06-30,2021-08-28
688008,2021-09-30,2021-10-29
688008,2021-12-31,2022-04-29
688008,2022-03-31,2022-04-29
688008,2022-06-30,2022-08-10
688008,2022-09-30,2022-10-31
688008,2022-12-31,2023-04-28
688008,2023-03-31,2023-04-28
688008,2023-06-30,2023-08-24
688008,2023-09-30,2023-10-31
688008,2023-12-31,2024-04-10
688008,2024-03-31,2024-04-26
688008,2024-06-30,2024-08-27
688008,2024-09-30,2024-10-31
688008,2024-12-31,2025-04-11
688008,2025-03-31,2025-04-24
688008,2025-06-30,2025-08-30
688008,2025-09-30,2025-10-31
688008,2025-12-31,2026-03-31
688008,2026-03-31,2026-04-28
688008,2026-06-30,2026-08-29
300896,2020-09-30,2020-10-28
300896,2020-12-31,2021-02-09
300896,2021-03-31,2021-04-27
300896,2021-06-30,2021-08-24
300896,2021-09-30,2021-10-15
300896,2021-12-31,2022-03-08
300896,2022-03-31,2022-04-27
300896,2022-06-30,2022-08-25
300896,2022-09-30,2022-10-26
300896,2022-12-31,2023-03-09
300896,2023-03-31,2023-04-26
300896,2023-06-30,2023-08-25
300896,2023-09-30,2023-10-25
300896,2023-12-31,2024-03-20
300896,2024-03-31,2024-04-25
300896,2024-06-30,2024-08-22
300896,2024-09-30,2024-10-24
300896,2024-12-31,2025-03-20
300896,2025-03-31,2025-04-25
300896,2025-06-30,2025-08-19
300896,2025-09-30,2025-10-29
300896,2025-12-31,2026-03-20
300896,2026-03-31,2026-04-23
300896,2026-06-30,2026-08-21
301236,2021-12-31,2022-04-26
301236,2022-03-31,2022-04-26
301236,2022-06-30,2022-08-25
301236,2022-09-30,2022-10-27
301236,2022-12-31,2023-04-26
301236,2023-03-31,2023-04-26
301236,2023-06-30,2023-08-25
301236,2023-09-30,2023-10-26
301236,2023-12-31,2024-04-27
301236,2024-03-31,2024-04-27
301236,2024-06-30,2024-08-30
301236,2024-09-30,2024-10-26
301236,2024-12-31,2025-04-26
301236,2025-03-31,2025-04-30
301236,2025-06-30,2025-08-28
301236,2025-09-30,2025-10-30
301236,2025-12-31,2026-04-25
301236,2026-03-31,2026-04-25
301236,2026-06-30,2026-08-26
688183,2020-12-31,2021-03-26
688183,2021-03-31,2021-04-30
688183,2021-06-30,2021-08-14
688183,2021-09-30,2021-10-28
688183,2021-12-31,2022-03-25
688183,2022-03-31,2022-04-30
688183,2022-06-30,2022-08-13
688183,2022-09-30,2022-10-28
688183,2022-12-31,2023-03-28
688183,2023-03-31,2023-04-29
688183,2023-06-30,2023-08-18
688183,2023-09-30,2023-10-27
688183,2023-12-31,2024-03-28
688183,2024-03-31,2024-04-27
688183,2024-06-30,2024-08-28
688183,2024-09-30,2024-10-29
688183,2024-12-31,2025-03-28
688183,2025-03-31,2025-04-29
688183,2025-06-30,2025-08-16
688183,2025-09-30,2025-10-29
688183,2025-12-31,2026-04-24
688183,2026-03-31,2026-04-29
688183,2026-06-30,2026-08-15
300316,2015-03-31,2015-04-24
300316,2015-06-30,2015-07-25
300316,2015-09-30,2015-10-29
300316,2015-12-31,2016-03-10
300316,2016-03-31,2016-04-21
300316,2016-06-30,2016-08-25
300316,2016-09-30,2016-10-28
300316,2016-12-31,2017-04-26
300316,2017-03-31,2017-04-26
300316,2017-06-30,2017-08-29
300316,2017-09-30,2017-10-27
300316,2017-12-31,2018-04-10
300316,2018-03-31,2018-04-24
300316,2018-06-30,2018-08-22
300316,2018-09-30,2018-10-27
300316,2018-12-31,2019-04-10
300316,2019-03-31,2019-04-26
300316,2019-06-30,2019-08-30
300316,2019-09-30,2019-10-29
300316,2019-12-31,2020-04-25
300316,2020-03-31,2020-04-25
300316,2020-06-30,2020-08-27
300316,2020-09-30,2020-10-29
300316,2020-12-31,2021-04-24
300316,2021-03-31,2021-04-29
300316,2021-06-30,2021-08-27
300316,2021-09-30,2021-10-30
300316,2021-12-31,2022-04-27
300316,2022-03-31,2022-04-27
300316,2022-06-30,2022-08-27
300316,2022-09-30,2022-10-25
300316,2022-12-31,2023-04-03
300316,2023-03-31,2023-04-28
300316,2023-06-30,2023-08-22
300316,2023-09-30,2023-10-26
300316,2023-12-31,2024-04-13
300316,2024-03-31,2024-04-26
300316,2024-06-30,2024-08-21
300316,2024-09-30,2024-10-25
300316,2024-12-31,2025-04-19
300316,2025-03-31,2025-04-29
300316,2025-06-30,2025-08-23
300316,2025-09-30,2025-10-25
300316,2025-12-31,2026-04-11
300316,2026-03-31,2026-04-28
300316,2026-06-30,2026-08-22
601229,2016-12-31,2017-04-24
601229,2017-03-31,2017-04-28
601229,2017-06-30,2017-08-26
601229,2017-09-30,2017-10-28
601229,2017-12-31,2018-04-21
601229,2018-03-31,2018-04-28
601229,2018-06-30,2018-08-25
601229,2018-09-30,2018-10-27
601229,2018-12-31,2019-04-20
601229,2019-03-31,2019-04-27
601229,2019-06-30,2019-08-24
601229,2019-09-30,2019-10-26
601229,2019-12-31,2020-04-25
601229,2020-03-31,2020-04-29
601229,2020-06-30,2020-08-22
601229,2020-09-30,2020-10-24
601229,2020-12-31,2021-04-24
601229,2021-03-31,2021-04-30
601229,2021-06-30,2021-08-20
601229,2021-09-30,2021-10-28
601229,2021-12-31,2022-04-22
601229,2022-03-31,2022-04-29
601229,2022-06-30,2022-08-26
601229,2022-09-30,2022-10-27
601229,2022-12-31,2023-04-28
601229,2023-03-31,2023-04-28
601229,2023-06-30,2023-08-26
601229,2023-09-30,2023-10-27
601229,2023-12-31,2024-04-26
601229,2024-03-31,2024-04-26
601229,2024-06-30,2024-08-29
601229,2024-09-30,2024-10-31
601229,2024-12-31,2025-04-25
601229,2025-03-31,2025-04-25
601229,2025-06-30,2025-08-29
601229,2025-09-30,2025-10-31
601229,2025-12-31,2026-04-24
601229,2026-03-31,2026-04-24
601229,2026-06-30,2026-08-28
601995,2020-12-31,2021-03-31
601995,2021-03-31,2021-04-30
601995,2021-06-30,2021-08-28
601995,2021-09-30,2021-10-29
601995,2021-12-31,2022-03-31
601995,2022-03-31,2022-04-30
601995,2022-06-30,2022-08-31
601995,2022-09-30,2022-10-29
601995,2022-12-31,2023-04-01
601995,2023-03-31,2023-04-29
601995,2023-06-30,2023-08-31
601995,2023-09-30,2023-10-31
601995,2023-12-31,2024-03-29
601995,2024-03-31,2024-04-30
601995,2024-06-30,2024-08-31
601995,2024-09-30,2024-10-31
601995,2024-12-31,2025-03-29
601995,2025-03-31,2025-04-29
601995,2025-06-30,2025-08-30
601995,2025-09-30,2025-10-30
601995,2025-12-31,2026-03-31
601995,2026-03-31,2026-04-30
601995,2026-06-30,2026-08-29
600309,2015-03-31,2015-04-10
600309,2015-06-30,2015-07-24
600309,2015-09-30,2015-10-27
600309,2015-12-31,2016-03-08
600309,2016-03-31,2016-04-15
600309,2016-06-30,2016-08-02
600309,2016-09-30,2016-10-27
600309,2016-12-31,2017-04-11
600309,2017-03-31,2017-04-15
600309,2017-06-30,2017-08-01
600309,2017-09-30,2017-10-14
600309,2017-12-31,2018-03-13
600309,2018-03-31,2018-04-27
600309,2018-06-30,2018-07-31
600309,2018-09-30,2018-10-19
600309,2018-12-31,2019-04-23
600309,2019-03-31,2019-04-27
600309,2019-06-30,2019-08-21
600309,2019-09-30,2019-10-25
600309,2019-12-31,2020-03-31
600309,2020-03-31,2020-04-25
600309,2020-06-30,2020-08-20
600309,2020-09-30,2020-10-23
600309,2020-12-31,2021-03-16
600309,2021-03-31,2021-04-10
600309,2021-06-30,2021-07-30
600309,2021-09-30,2021-10-19
600309,2021-12-31,2022-03-15
600309,2022-03-31,2022-04-26
600309,2022-06-30,2022-07-29
600309,2022-09-30,2022-10-25
600309,2022-12-31,2023-03-21
600309,2023-03-31,2023-04-15
600309,2023-06-30,2023-07-28
600309,2023-09-30,2023-10-14
600309,2023-12-31,2024-03-19
600309,2024-03-31,2024-04-19
600309,2024-06-30,2024-08-13
600309,2024-09-30,2024-10-29
600309,2024-12-31,2025-04-15
600309,2025-03-31,2025-04-15
600309,2025-06-30,2025-08-12
600309,2025-09-30,2025-10-25
600309,2025-12-31,2026-04-21
600309,2026-03-31,2026-04-21
600309,2026-06-30,2026-08-25
000807,2015-03-31,2015-04-28
000807,2015-06-30,2015-08-26
000807,2015-09-30,2015-10-27
000807,2015-12-31,2016-04-25
000807,2016-03-31,2016-04-25
000807,2016-06-30,2016-08-27
000807,2016-09-30,2016-10-31
000807,2016-12-31,2017-04-07
000807,2017-03-31,2017-04-15
000807,2017-06-30,2017-08-28
000807,2017-09-30,2017-10-28
000807,2017-12-31,2018-03-20
000807,2018-03-31,2018-04-27
000807,2018-06-30,2018-08-07
000807,2018-09-30,2018-10-31
000807,2018-12-31,2019-03-26
000807,2019-03-31,2019-04-29
000807,2019-06-30,2019-08-29
000807,2019-09-30,2019-10-31
000807,2019-12-31,2020-03-24
000807,2020-03-31,2020-04-29
000807,2020-06-30,2020-08-25
000807,2020-09-30,2020-10-22
000807,2020-12-31,2021-03-23
000807,2021-03-31,2021-04-27
000807,2021-06-30,2021-08-24
000807,2021-09-30,2021-10-25
000807,2021-12-31,2022-03-22
000807,2022-03-31,2022-04-23
000807,2022-06-30,2022-08-20
000807,2022-09-30,2022-10-26
000807,2022-12-31,2023-03-22
000807,2023-03-31,2023-04-26
000807,2023-06-30,2023-08-23
000807,2023-09-30,2023-10-26
000807,2023-12-31,2024-03-28
000807,2024-03-31,2024-04-26
000807,2024-06-30,2024-08-27
000807,2024-09-30,2024-10-28
000807,2024-12-31,2025-03-27
000807,2025-03-31,2025-04-24
000807,2025-06-30,2025-08-26
000807,2025-09-30,2025-10-25
000807,2025-12-31,2026-03-28
000807,2026-03-31,2026-04-24
000807,2026-06-30,2026-08-28
688009,2019-06-30,2019-08-27
688009,2019-09-30,2019-10-30
688009,2019-12-31,2020-03-26
688009,2020-03-31,2020-04-30
688009,2020-06-30,2020-08-31
688009,2020-09-30,2020-10-30
688009,2020-12-31,2021-03-29
688009,2021-03-31,2021-04-30
688009,2021-06-30,2021-08-26
688009,2021-09-30,2021-10-28
688009,2021-12-31,2022-03-28
688009,2022-03-31,2022-04-29
688009,2022-06-30,2022-08-30
688009,2022-09-30,2022-10-29
688009,2022-12-31,2023-03-24
688009,2023-03-31,2023-04-29
688009,2023-06-30,2023-08-25
688009,2023-09-30,2023-10-28
688009,2023-12-31,2024-03-27
688009,2024-03-31,2024-04-27
688009,2024-06-30,2024-08-29
688009,2024-09-30,2024-10-26
688009,2024-12-31,2025-03-29
688009,2025-03-31,2025-04-30
688009,2025-06-30,2025-08-28
688009,2025-09-30,2025-10-29
688009,2025-12-31,2026-03-25
688009,2026-03-31,2026-04-30
688009,2026-06-30,2026-08-25
000768,2015-03-31,2015-04-28
000768,2015-06-30,2015-08-25
000768,2015-09-30,2015-10-27
000768,2015-12-31,2016-03-29
000768,2016-03-31,2016-04-26
000768,2016-06-30,2016-08-23
000768,2016-09-30,2016-10-25
000768,2016-12-31,2017-03-14
000768,2017-03-31,2017-04-25
000768,2017-06-30,2017-08-22
000768,2017-09-30,2017-10-28
000768,2017-12-31,2018-03-13
000768,2018-03-31,2018-04-27
000768,2018-06-30,2018-08-28
000768,2018-09-30,2018-10-30
000768,2018-12-31,2019-03-19
000768,2019-03-31,2019-04-27
000768,2019-06-30,2019-08-27
000768,2019-09-30,2019-10-29
000768,2019-12-31,2020-03-31
000768,2020-03-31,2020-04-30
000768,2020-06-30,2020-08-25
000768,2020-09-30,2020-10-30
000768,2020-12-31,2021-03-30
000768,2021-03-31,2021-04-30
000768,2021-06-30,2021-08-24
000768,2021-09-30,2021-10-29
000768,2021-12-31,2022-03-29
000768,2022-03-31,2022-04-29
000768,2022-06-30,2022-08-30
000768,2022-09-30,2022-10-29
000768,2022-12-31,2023-04-18
000768,2023-03-31,2023-04-29
000768,2023-06-30,2023-08-29
000768,2023-09-30,2023-10-31
000768,2023-12-31,2024-04-02
000768,2024-03-31,2024-04-30
000768,2024-06-30,2024-08-27
000768,2024-09-30,2024-10-31
000768,2024-12-31,2025-04-01
000768,2025-03-31,2025-04-30
000768,2025-06-30,2025-08-26
000768,2025-09-30,2025-10-30
000768,2025-12-31,2026-03-31
000768,2026-03-31,2026-04-29
000768,2026-06-30,2026-08-25
002625,2015-03-31,2015-04-29
002625,2015-06-30,2015-08-15
002625,2015-09-30,2015-10-31
002625,2015-12-31,2016-04-23
002625,2016-03-31,2016-04-30
002625,2016-06-30,2016-08-25
002625,2016-09-30,2016-10-22
002625,2016-12-31,2017-03-11
002625,2017-03-31,2017-04-21
002625,2017-06-30,2017-08-30
002625,2017-09-30,2017-10-30
002625,2017-12-31,2018-04-23
002625,2018-03-31,2018-04-24
002625,2018-06-30,2018-08-22
002625,2018-09-30,2018-10-24
002625,2018-12-31,2019-04-24
002625,2019-03-31,2019-04-29
002625,2019-06-30,2019-08-21
002625,2019-09-30,2019-10-31
002625,2019-12-31,2020-06-13
002625,2020-03-31,2020-04-30
002625,2020-06-30,2020-08-27
002625,2020-09-30,2020-10-30
002625,2020-12-31,2021-04-28
002625,2021-03-31,2021-04-30
002625,2021-06-30,2021-08-23
002625,2021-09-30,2021-10-29
002625,2021-12-31,2022-04-29
002625,2022-03-31,2022-04-29
002625,2022-06-30,2022-08-26
002625,2022-09-30,2022-10-27
002625,2022-12-31,2023-04-28
002625,2023-03-31,2023-04-28
002625,2023-06-30,2023-08-25
002625,2023-09-30,2023-10-31
002625,2023-12-31,2024-04-29
002625,2024-03-31,2024-04-29
002625,2024-06-30,2024-08-30
002625,2024-09-30,2024-10-31
002625,2024-12-31,2025-04-25
002625,2025-03-31,2025-04-29
002625,2025-06-30,2025-08-19
002625,2025-09-30,2025-10-23
002625,2025-12-31,2026-04-28
002625,2026-03-31,2026-04-28
002625,2026-06-30,2026-08-26
688223,2021-12-31,2022-04-23
688223,2022-03-31,2022-04-29
688223,2022-06-30,2022-08-27
688223,2022-09-30,2022-10-29
688223,2022-12-31,2023-04-29
688223,2023-03-31,2023-04-29
688223,2023-06-30,2023-08-15
688223,2023-09-30,2023-10-31
688223,2023-12-31,2024-04-23
688223,2024-03-31,2024-04-30
688223,2024-06-30,2024-08-31
688223,2024-09-30,2024-10-31
688223,2024-12-31,2025-04-30
688223,2025-03-31,2025-04-30
688223,2025-06-30,2025-08-28
688223,2025-09-30,2025-10-31
688223,2025-12-31,2026-04-30
688223,2026-03-31,2026-04-30
688223,2026-06-30,2026-08-27
605117,2021-03-31,2021-04-30
605117,2021-06-30,2021-08-27
605117,2021-09-30,2021-10-29
605117,2021-12-31,2022-04-21
605117,2022-03-31,2022-04-29
605117,2022-06-30,2022-08-18
605117,2022-09-30,2022-10-29
605117,2022-12-31,2023-04-18
605117,2023-03-31,2023-04-28
605117,2023-06-30,2023-08-31
605117,2023-09-30,2023-10-28
605117,2023-12-31,2024-04-25
605117,2024-03-31,2024-04-25
605117,2024-06-30,2024-08-27
605117,2024-09-30,2024-10-30
605117,2024-12-31,2025-04-30
605117,2025-03-31,2025-04-30
605117,2025-06-30,2025-08-26
605117,2025-09-30,2025-10-30
605117,2025-12-31,2026-04-10
605117,2026-03-31,2026-04-30
605117,2026-06-30,2026-08-27
000963,2015-03-31,2015-04-16
000963,2015-06-30,2015-08-14
000963,2015-09-30,2015-10-22
000963,2015-12-31,2016-03-18
000963,2016-03-31,2016-04-20
000963,2016-06-30,2016-08-19
000963,2016-09-30,2016-10-21
000963,2016-12-31,2017-03-09
000963,2017-03-31,2017-04-25
000963,2017-06-30,2017-08-30
000963,2017-09-30,2017-10-25
000963,2017-12-31,2018-03-30
000963,2018-03-31,2018-04-25
000963,2018-06-30,2018-08-22
000963,2018-09-30,2018-10-26
000963,2018-12-31,2019-04-19
000963,2019-03-31,2019-04-30
000963,2019-06-30,2019-08-28
000963,2019-09-30,2019-10-30
000963,2019-12-31,2020-04-28
000963,2020-03-31,2020-04-30
000963,2020-06-30,2020-08-28
000963,2020-09-30,2020-10-27
000963,2020-12-31,2021-04-21
000963,2021-03-31,2021-04-28
000963,2021-06-30,2021-08-10
000963,2021-09-30,2021-10-27
000963,2021-12-31,2022-04-28
000963,2022-03-31,2022-04-28
000963,2022-06-30,2022-08-10
000963,2022-09-30,2022-10-26
000963,2022-12-31,2023-04-14
000963,2023-03-31,2023-04-21
000963,2023-06-30,2023-08-16
000963,2023-09-30,2023-10-25
000963,2023-12-31,2024-04-18
000963,2024-03-31,2024-04-26
000963,2024-06-30,2024-08-16
000963,2024-09-30,2024-10-25
000963,2024-12-31,2025-04-18
000963,2025-03-31,2025-04-25
000963,2025-06-30,2025-08-20
000963,2025-09-30,2025-10-28
000963,2025-12-31,2026-04-24
000963,2026-03-31,2026-04-24
000963,2026-06-30,2026-08-27
000977,2015-03-31,2015-04-27
000977,2015-06-30,2015-08-20
000977,2015-09-30,2015-10-28
000977,2015-12-31,2016-03-30
000977,2016-03-31,2016-04-28
000977,2016-06-30,2016-08-20
000977,2016-09-30,2016-10-26
000977,2016-12-31,2017-04-25
000977,2017-03-31,2017-04-29
000977,2017-06-30,2017-08-23
000977,2017-09-30,2017-10-28
000977,2017-12-31,2018-03-28
000977,2018-03-31,2018-04-28
000977,2018-06-30,2018-08-29
000977,2018-09-30,2018-10-30
000977,2018-12-31,2019-03-29
000977,2019-03-31,2019-04-23
000977,2019-06-30,2019-08-30
000977,2019-09-30,2019-10-31
000977,2019-12-31,2020-04-18
000977,2020-03-31,2020-04-30
000977,2020-06-30,2020-08-29
000977,2020-09-30,2020-10-31
000977,2020-12-31,2021-04-24
000977,2021-03-31,2021-04-30
000977,2021-06-30,2021-08-21
000977,2021-09-30,2021-10-27
000977,2021-12-31,2022-04-09
000977,2022-03-31,2022-04-30
000977,2022-06-30,2022-08-27
000977,2022-09-30,2022-10-31
000977,2022-12-31,2023-04-12
000977,2023-03-31,2023-04-28
000977,2023-06-30,2023-08-26
000977,2023-09-30,2023-10-31
000977,2023-12-31,2024-04-20
000977,2024-03-31,2024-04-30
000977,2024-06-30,2024-08-24
000977,2024-09-30,2024-10-31
000977,2024-12-31,2025-03-29
000977,2025-03-31,2025-04-30
000977,2025-06-30,2025-08-27
000977,2025-09-30,2025-10-31
000977,2025-12-31,2026-04-11
000977,2026-03-31,2026-04-30
000977,2026-06-30,2026-08-29
300059,2015-03-31,2015-04-10
300059,2015-06-30,2015-08-26
300059,2015-09-30,2015-10-27
300059,2015-12-31,2016-03-19
300059,2016-03-31,2016-04-27
300059,2016-06-30,2016-07-30
300059,2016-09-30,2016-10-29
300059,2016-12-31,2017-03-06
300059,2017-03-31,2017-04-27
300059,2017-06-30,2017-07-29
300059,2017-09-30,2017-10-30
300059,2017-12-31,2018-03-17
300059,2018-03-31,2018-04-17
300059,2018-06-30,2018-08-03
300059,2018-09-30,2018-10-23
300059,2018-12-31,2019-03-06
300059,2019-03-31,2019-04-27
300059,2019-06-30,2019-07-27
300059,2019-09-30,2019-10-22
300059,2019-12-31,2020-04-10
300059,2020-03-31,2020-04-18
300059,2020-06-30,2020-08-12
300059,2020-09-30,2020-10-22
300059,2020-12-31,2021-04-27
300059,2021-03-31,2021-04-27
300059,2021-06-30,2021-07-24
300059,2021-09-30,2021-10-16
300059,2021-12-31,2022-03-19
300059,2022-03-31,2022-04-23
300059,2022-06-30,2022-08-13
300059,2022-09-30,2022-10-26
300059,2022-12-31,2023-03-18
300059,2023-03-31,2023-04-22
300059,2023-06-30,2023-08-12
300059,2023-09-30,2023-10-28
300059,2023-12-31,2024-03-15
300059,2024-03-31,2024-04-25
300059,2024-06-30,2024-08-10
300059,2024-09-30,2024-10-26
300059,2024-12-31,2025-03-15
300059,2025-03-31,2025-04-26
300059,2025-06-30,2025-08-16
300059,2025-09-30,2025-10-25
300059,2025-12-31,2026-03-20
300059,2026-03-31,2026-04-25
300059,2026-06-30,2026-08-22
601601,2015-03-31,2015-04-30
601601,2015-06-30,2015-08-31
601601,2015-09-30,2015-10-31
601601,2015-12-31,2016-03-28
601601,2016-03-31,2016-04-30
601601,2016-06-30,2016-08-29
601601,2016-09-30,2016-10-29
601601,2016-12-31,2017-03-30
601601,2017-03-31,2017-04-29
601601,2017-06-30,2017-08-28
601601,2017-09-30,2017-10-28
601601,2017-12-31,2018-03-30
601601,2018-03-31,2018-04-28
601601,2018-06-30,2018-08-27
601601,2018-09-30,2018-10-27
601601,2018-12-31,2019-03-25
601601,2019-03-31,2019-04-27
601601,2019-06-30,2019-08-26
601601,2019-09-30,2019-10-31
601601,2019-12-31,2020-03-23
601601,2020-03-31,2020-04-25
601601,2020-06-30,2020-08-24
601601,2020-09-30,2020-10-31
601601,2020-12-31,2021-03-29
601601,2021-03-31,2021-04-29
601601,2021-06-30,2021-08-30
601601,2021-09-30,2021-10-30
601601,2021-12-31,2022-03-28
601601,2022-03-31,2022-04-29
601601,2022-06-30,2022-08-29
601601,2022-09-30,2022-10-29
601601,2022-12-31,2023-03-27
601601,2023-03-31,2023-04-28
601601,2023-06-30,2023-08-28
601601,2023-09-30,2023-10-28
601601,2023-12-31,2024-03-29
601601,2024-03-31,2024-04-27
601601,2024-06-30,2024-08-30
601601,2024-09-30,2024-10-31
601601,2024-12-31,2025-03-27
601601,2025-03-31,2025-04-26
601601,2025-06-30,2025-08-29
601601,2025-09-30,2025-10-31
601601,2025-12-31,2026-03-27
601601,2026-03-31,2026-04-29
601601,2026-06-30,2026-08-28
000988,2015-03-31,2015-04-28
000988,2015-06-30,2015-08-25
000988,2015-09-30,2015-10-30
000988,2015-12-31,2016-03-31
000988,2016-03-31,2016-04-30
000988,2016-06-30,2016-08-12
000988,2016-09-30,2016-10-20
000988,2016-12-31,2017-03-29
000988,2017-03-31,2017-04-20
000988,2017-06-30,2017-08-25
000988,2017-09-30,2017-10-31
000988,2017-12-31,2018-04-18
000988,2018-03-31,2018-04-28
000988,2018-06-30,2018-08-31
000988,2018-09-30,2018-10-30
000988,2018-12-31,2019-03-29
000988,2019-03-31,2019-04-27
000988,2019-06-30,2019-08-29
000988,2019-09-30,2019-10-29
000988,2019-12-31,2020-04-18
000988,2020-03-31,2020-04-24
000988,2020-06-30,2020-08-26
000988,2020-09-30,2020-10-30
000988,2020-12-31,2021-04-09
000988,2021-03-31,2021-04-20
000988,2021-06-30,2021-07-28
000988,2021-09-30,2021-10-13
000988,2021-12-31,2022-03-30
000988,2022-03-31,2022-04-28
000988,2022-06-30,2022-07-28
000988,2022-09-30,2022-10-28
000988,2022-12-31,2023-03-01
000988,2023-03-31,2023-04-17
000988,2023-06-30,2023-08-21
000988,2023-09-30,2023-10-27
000988,2023-12-31,2024-03-28
000988,2024-03-31,2024-04-26
000988,2024-06-30,2024-08-16
000988,2024-09-30,2024-10-25
000988,2024-12-31,2025-04-12
000988,2025-03-31,2025-04-25
000988,2025-06-30,2025-08-15
000988,2025-09-30,2025-10-24
000988,2025-12-31,2026-03-26
000988,2026-03-31,2026-04-27
000988,2026-06-30,2026-08-27
601985,2015-06-30,2015-08-31
601985,2015-09-30,2015-10-30
601985,2015-12-31,2016-04-29
601985,2016-03-31,2016-04-29
601985,2016-06-30,2016-08-25
601985,2016-09-30,2016-10-28
601985,2016-12-31,2017-04-27
601985,2017-03-31,2017-04-27
601985,2017-06-30,2017-08-25
601985,2017-09-30,2017-10-28
601985,2017-12-31,2018-04-20
601985,2018-03-31,2018-04-20
601985,2018-06-30,2018-08-24
601985,2018-09-30,2018-10-26
601985,2018-12-31,2019-04-26
601985,2019-03-31,2019-04-26
601985,2019-06-30,2019-08-24
601985,2019-09-30,2019-10-30
601985,2019-12-31,2020-04-24
601985,2020-03-31,2020-04-24
601985,2020-06-30,2020-08-21
601985,2020-09-30,2020-10-29
601985,2020-12-31,2021-04-27
601985,2021-03-31,2021-04-27
601985,2021-06-30,2021-08-27
601985,2021-09-30,2021-10-29
601985,2021-12-31,2022-04-28
601985,2022-03-31,2022-04-28
601985,2022-06-30,2022-08-26
601985,2022-09-30,2022-10-28
601985,2022-12-31,2023-04-27
601985,2023-03-31,2023-04-27
601985,2023-06-30,2023-08-31
601985,2023-09-30,2023-10-27
601985,2023-12-31,2024-04-27
601985,2024-03-31,2024-04-27
601985,2024-06-30,2024-08-31
601985,2024-09-30,2024-10-30
601985,2024-12-31,2025-04-29
601985,2025-03-31,2025-04-29
601985,2025-06-30,2025-08-28
601985,2025-09-30,2025-10-30
601985,2025-12-31,2026-04-30
601985,2026-03-31,2026-04-30
601985,2026-06-30,2026-08-29
000630,2015-03-31,2015-04-29
000630,2015-06-30,2015-08-29
000630,2015-09-30,2015-10-31
000630,2015-12-31,2016-04-30
000630,2016-03-31,2016-04-30
000630,2016-06-30,2016-08-30
000630,2016-09-30,2016-10-25
000630,2016-12-31,2017-04-12
000630,2017-03-31,2017-04-29
000630,2017-06-30,2017-08-28
000630,2017-09-30,2017-10-31
000630,2017-12-31,2018-04-13
000630,2018-03-31,2018-04-27
000630,2018-06-30,2018-08-30
000630,2018-09-30,2018-10-31
000630,2018-12-31,2019-04-12
000630,2019-03-31,2019-04-30
000630,2019-06-30,2019-08-30
000630,2019-09-30,2019-10-31
000630,2019-12-31,2020-04-22
000630,2020-03-31,2020-04-30
000630,2020-06-30,2020-08-29
000630,2020-09-30,2020-10-30
000630,2020-12-31,2021-04-15
000630,2021-03-31,2021-04-27
000630,2021-06-30,2021-08-21
000630,2021-09-30,2021-10-26
000630,2021-12-31,2022-04-20
000630,2022-03-31,2022-04-29
000630,2022-06-30,2022-08-29
000630,2022-09-30,2022-10-28
000630,2022-12-31,2023-04-15
000630,2023-03-31,2023-04-28
000630,2023-06-30,2023-08-26
000630,2023-09-30,2023-10-28
000630,2023-12-31,2024-04-29
000630,2024-03-31,2024-04-29
000630,2024-06-30,2024-08-28
000630,2024-09-30,2024-10-29
000630,2024-12-31,2025-04-23
000630,2025-03-31,2025-04-29
000630,2025-06-30,2025-08-18
000630,2025-09-30,2025-10-28
000630,2025-12-31,2026-04-20
000630,2026-03-31,2026-04-29
000630,2026-06-30,2026-08-28
002027,2015-03-31,2015-04-16
002027,2015-06-30,2015-08-20
002027,2015-09-30,2015-10-23
002027,2015-12-31,2016-04-22
002027,2016-03-31,2016-04-30
002027,2016-06-30,2016-08-31
002027,2016-09-30,2016-10-31
002027,2016-12-31,2017-04-28
002027,2017-03-31,2017-04-28
002027,2017-06-30,2017-08-30
002027,2017-09-30,2017-10-28
002027,2017-12-31,2018-04-25
002027,2018-03-31,2018-04-25
002027,2018-06-30,2018-08-29
002027,2018-09-30,2018-10-30
002027,2018-12-31,2019-04-25
002027,2019-03-31,2019-04-25
002027,2019-06-30,2019-08-22
002027,2019-09-30,2019-10-31
002027,2019-12-31,2020-04-28
002027,2020-03-31,2020-04-28
002027,2020-06-30,2020-08-21
002027,2020-09-30,2020-10-23
002027,2020-12-31,2021-04-23
002027,2021-03-31,2021-04-23
002027,2021-06-30,2021-08-26
002027,2021-09-30,2021-10-30
002027,2021-12-31,2022-04-29
002027,2022-03-31,2022-04-29
002027,2022-06-30,2022-08-17
002027,2022-09-30,2022-10-31
002027,2022-12-31,2023-04-29
002027,2023-03-31,2023-04-29
002027,2023-06-30,2023-08-10
002027,2023-09-30,2023-10-25
002027,2023-12-31,2024-04-30
002027,2024-03-31,2024-04-30
002027,2024-06-30,2024-08-09
002027,2024-09-30,2024-10-29
002027,2024-12-31,2025-04-29
002027,2025-03-31,2025-04-29
002027,2025-06-30,2025-08-30
002027,2025-09-30,2025-10-30
002027,2025-12-31,2026-04-29
002027,2026-03-31,2026-04-29
002027,2026-06-30,2026-08-19
002594,2015-03-31,2015-04-28
002594,2015-06-30,2015-08-27
002594,2015-09-30,2015-10-30
002594,2015-12-31,2016-03-29
002594,2016-03-31,2016-04-29
002594,2016-06-30,2016-08-29
002594,2016-09-30,2016-10-31
002594,2016-12-31,2017-03-29
002594,2017-03-31,2017-04-29
002594,2017-06-30,2017-08-29
002594,2017-09-30,2017-10-30
002594,2017-12-31,2018-03-28
002594,2018-03-31,2018-04-28
002594,2018-06-30,2018-08-30
002594,2018-09-30,2018-10-30
002594,2018-12-31,2019-03-28
002594,2019-03-31,2019-04-29
002594,2019-06-30,2019-08-22
002594,2019-09-30,2019-10-30
002594,2019-12-31,2020-04-22
002594,2020-03-31,2020-04-29
002594,2020-06-30,2020-08-29
002594,2020-09-30,2020-10-30
002594,2020-12-31,2021-03-30
002594,2021-03-31,2021-04-29
002594,2021-06-30,2021-08-28
002594,2021-09-30,2021-10-29
002594,2021-12-31,2022-03-30
002594,2022-03-31,2022-04-28
002594,2022-06-30,2022-08-30
002594,2022-09-30,2022-10-29
002594,2022-12-31,2023-03-29
002594,2023-03-31,2023-04-28
002594,2023-06-30,2023-08-29
002594,2023-09-30,2023-10-31
002594,2023-12-31,2024-03-27
002594,2024-03-31,2024-04-30
002594,2024-06-30,2024-08-29
002594,2024-09-30,2024-10-31
002594,2024-12-31,2025-03-25
002594,2025-03-31,2025-04-26
002594,2025-06-30,2025-08-30
002594,2025-09-30,2025-10-31
002594,2025-12-31,2026-03-28
002594,2026-03-31,2026-04-29
002594,2026-06-30,2026-08-29
601211,2015-06-30,2015-08-24
601211,2015-09-30,2015-10-30
601211,2015-12-31,2016-04-25
601211,2016-03-31,2016-04-25
601211,2016-06-30,2016-08-23
601211,2016-09-30,2016-10-28
601211,2016-12-31,2017-02-21
601211,2017-03-31,2017-04-29
601211,2017-06-30,2017-08-26
601211,2017-09-30,2017-10-31
601211,2017-12-31,2018-03-30
601211,2018-03-31,2018-04-28
601211,2018-06-30,2018-08-25
601211,2018-09-30,2018-10-31
601211,2018-12-31,2019-03-21
601211,2019-03-31,2019-04-27
601211,2019-06-30,2019-08-23
601211,2019-09-30,2019-10-31
601211,2019-12-31,2020-03-25
601211,2020-03-31,2020-04-30
601211,2020-06-30,2020-08-13
601211,2020-09-30,2020-10-29
601211,2020-12-31,2021-03-26
601211,2021-03-31,2021-04-29
601211,2021-06-30,2021-08-25
601211,2021-09-30,2021-10-30
601211,2021-12-31,2022-03-31
601211,2022-03-31,2022-04-30
601211,2022-06-30,2022-08-27
601211,2022-09-30,2022-10-29
601211,2022-12-31,2023-03-30
601211,2023-03-31,2023-04-29
601211,2023-06-30,2023-08-30
601211,2023-09-30,2023-10-31
601211,2023-12-31,2024-03-29
601211,2024-03-31,2024-04-30
601211,2024-06-30,2024-08-30
601211,2024-09-30,2024-10-31
601211,2024-12-31,2025-03-29
601211,2025-03-31,2025-04-30
601211,2025-06-30,2025-08-30
601211,2025-09-30,2025-10-31
601211,2025-12-31,2026-03-28
601211,2026-03-31,2026-04-25
601211,2026-06-30,2026-08-19
002230,2015-03-31,2015-04-21
002230,2015-06-30,2015-08-12
002230,2015-09-30,2015-10-26
002230,2015-12-31,2016-03-15
002230,2016-03-31,2016-04-26
002230,2016-06-30,2016-08-09
002230,2016-09-30,2016-10-18
002230,2016-12-31,2017-03-21
002230,2017-03-31,2017-04-18
002230,2017-06-30,2017-08-10
002230,2017-09-30,2017-10-19
002230,2017-12-31,2018-03-29
002230,2018-03-31,2018-04-24
002230,2018-06-30,2018-08-14
002230,2018-09-30,2018-10-24
002230,2018-12-31,2019-04-19
002230,2019-03-31,2019-04-19
002230,2019-06-30,2019-08-22
002230,2019-09-30,2019-10-25
002230,2019-12-31,2020-04-22
002230,2020-03-31,2020-04-22
002230,2020-06-30,2020-08-22
002230,2020-09-30,2020-10-27
002230,2020-12-31,2021-04-20
002230,2021-03-31,2021-04-20
002230,2021-06-30,2021-08-24
002230,2021-09-30,2021-10-27
002230,2021-12-31,2022-04-22
002230,2022-03-31,2022-04-22
002230,2022-06-30,2022-08-23
002230,2022-09-30,2022-10-29
002230,2022-12-31,2023-04-21
002230,2023-03-31,2023-04-21
002230,2023-06-30,2023-08-12
002230,2023-09-30,2023-10-20
002230,2023-12-31,2024-04-23
002230,2024-03-31,2024-04-23
002230,2024-06-30,2024-08-22
002230,2024-09-30,2024-10-19
002230,2024-12-31,2025-04-22
002230,2025-03-31,2025-04-22
002230,2025-06-30,2025-08-22
002230,2025-09-30,2025-10-21
002230,2025-12-31,2026-04-29
002230,2026-03-31,2026-04-29
002230,2026-06-30,2026-08-21
601238,2015-03-31,2015-04-28
601238,2015-06-30,2015-08-29
601238,2015-09-30,2015-10-31
601238,2015-12-31,2016-03-26
601238,2016-03-31,2016-04-28
601238,2016-06-30,2016-08-27
601238,2016-09-30,2016-10-31
601238,2016-12-31,2017-03-31
601238,2017-03-31,2017-04-29
601238,2017-06-30,2017-08-24
601238,2017-09-30,2017-10-27
601238,2017-12-31,2018-03-30
601238,2018-03-31,2018-04-27
601238,2018-06-30,2018-08-25
601238,2018-09-30,2018-10-30
601238,2018-12-31,2019-03-30
601238,2019-03-31,2019-04-30
601238,2019-06-30,2019-08-31
601238,2019-09-30,2019-10-30
601238,2019-12-31,2020-04-01
601238,2020-03-31,2020-04-29
601238,2020-06-30,2020-08-29
601238,2020-09-30,2020-10-30
601238,2020-12-31,2021-03-26
601238,2021-03-31,2021-04-30
601238,2021-06-30,2021-08-31
601238,2021-09-30,2021-10-30
601238,2021-12-31,2022-03-31
601238,2022-03-31,2022-04-28
601238,2022-06-30,2022-08-31
601238,2022-09-30,2022-10-28
601238,2022-12-31,2023-03-30
601238,2023-03-31,2023-04-29
601238,2023-06-30,2023-08-26
601238,2023-09-30,2023-10-27
601238,2023-12-31,2024-03-29
601238,2024-03-31,2024-04-27
601238,2024-06-30,2024-08-31
601238,2024-09-30,2024-10-31
601238,2024-12-31,2025-03-29
601238,2025-03-31,2025-04-26
601238,2025-06-30,2025-08-30
601238,2025-09-30,2025-10-25
601238,2025-12-31,2026-03-28
601238,2026-03-31,2026-04-30
601238,2026-06-30,2026-08-29
601006,2015-03-31,2015-04-29
601006,2015-06-30,2015-08-27
601006,2015-09-30,2015-10-28
601006,2015-12-31,2016-04-28
601006,2016-03-31,2016-04-28
601006,2016-06-30,2016-08-26
601006,2016-09-30,2016-10-27
601006,2016-12-31,2017-04-27
601006,2017-03-31,2017-04-27
601006,2017-06-30,2017-08-30
601006,2017-09-30,2017-10-26
601006,2017-12-31,2018-04-28
601006,2018-03-31,2018-04-28
601006,2018-06-30,2018-08-29
601006,2018-09-30,2018-10-31
601006,2018-12-31,2019-04-25
601006,2019-03-31,2019-04-25
601006,2019-06-30,2019-08-29
601006,2019-09-30,2019-10-30
601006,2019-12-31,2020-04-29
601006,2020-03-31,2020-04-29
601006,2020-06-30,2020-08-28
601006,2020-09-30,2020-10-29
601006,2020-12-31,2021-04-29
601006,2021-03-31,2021-04-29
601006,2021-06-30,2021-08-27
601006,2021-09-30,2021-10-29
601006,2021-12-31,2022-04-28
601006,2022-03-31,2022-04-28
601006,2022-06-30,2022-08-30
601006,2022-09-30,2022-10-28
601006,2022-12-31,2023-04-27
601006,2023-03-31,2023-04-27
601006,2023-06-30,2023-08-29
601006,2023-09-30,2023-10-27
601006,2023-12-31,2024-04-27
601006,2024-03-31,2024-04-27
601006,2024-06-30,2024-08-29
601006,2024-09-30,2024-10-30
601006,2024-12-31,2025-04-30
601006,2025-03-31,2025-04-30
601006,2025-06-30,2025-08-29
601006,2025-09-30,2025-10-30
601006,2025-12-31,2026-04-30
601006,2026-03-31,2026-04-30
601006,2026-06-30,2026-08-21
000625,2015-03-31,2015-04-30
000625,2015-06-30,2015-08-31
000625,2015-09-30,2015-10-31
000625,2015-12-31,2016-04-19
000625,2016-03-31,2016-04-30
000625,2016-06-30,2016-08-30
000625,2016-09-30,2016-10-27
000625,2016-12-31,2017-04-18
000625,2017-03-31,2017-04-27
000625,2017-06-30,2017-08-31
000625,2017-09-30,2017-10-26
000625,2017-12-31,2018-04-18
000625,2018-03-31,2018-04-27
000625,2018-06-30,2018-08-31
000625,2018-09-30,2018-10-30
000625,2018-12-31,2019-04-23
000625,2019-03-31,2019-04-30
000625,2019-06-30,2019-08-31
000625,2019-09-30,2019-10-31
000625,2019-12-31,2020-04-30
000625,2020-03-31,2020-04-30
000625,2020-06-30,2020-08-31
000625,2020-09-30,2020-10-31
000625,2020-12-31,2021-04-20
000625,2021-03-31,2021-04-30
000625,2021-06-30,2021-08-31
000625,2021-09-30,2021-10-30
000625,2021-12-31,2022-04-28
000625,2022-03-31,2022-04-29
000625,2022-06-30,2022-08-31
000625,2022-09-30,2022-10-31
000625,2022-12-31,2023-04-18
000625,2023-03-31,2023-04-28
000625,2023-06-30,2023-08-31
000625,2023-09-30,2023-10-31
000625,2023-12-31,2024-04-18
000625,2024-03-31,2024-04-30
000625,2024-06-30,2024-08-31
000625,2024-09-30,2024-10-29
000625,2024-12-31,2025-04-11
000625,2025-03-31,2025-04-26
000625,2025-06-30,2025-08-23
000625,2025-09-30,2025-10-25
000625,2025-12-31,2026-04-11
000625,2026-03-31,2026-04-28
000625,2026-06-30,2026-08-29
000157,2015-03-31,2015-04-30
000157,2015-06-30,2015-08-31
000157,2015-09-30,2015-10-31
000157,2015-12-31,2016-03-31
000157,2016-03-31,2016-04-23
000157,2016-06-30,2016-08-31
000157,2016-09-30,2016-10-29
000157,2016-12-31,2017-03-31
000157,2017-03-31,2017-04-27
000157,2017-06-30,2017-08-31
000157,2017-09-30,2017-10-31
000157,2017-12-31,2018-03-30
000157,2018-03-31,2018-04-28
000157,2018-06-30,2018-08-31
000157,2018-09-30,2018-10-31
000157,2018-12-31,2019-03-30
000157,2019-03-31,2019-04-30
000157,2019-06-30,2019-08-31
000157,2019-09-30,2019-10-31
000157,2019-12-31,2020-03-31
000157,2020-03-31,2020-04-30
000157,2020-06-30,2020-08-22
000157,2020-09-30,2020-10-31
000157,2020-12-31,2021-03-31
000157,2021-03-31,2021-04-30
000157,2021-06-30,2021-08-31
000157,2021-09-30,2021-10-29
000157,2021-12-31,2022-03-31
000157,2022-03-31,2022-04-27
000157,2022-06-30,2022-08-31
000157,2022-09-30,2022-10-29
000157,2022-12-31,2023-03-31
000157,2023-03-31,2023-04-28
000157,2023-06-30,2023-08-31
000157,2023-09-30,2023-10-31
000157,2023-12-31,2024-03-29
000157,2024-03-31,2024-04-30
000157,2024-06-30,2024-08-30
000157,2024-09-30,2024-10-31
000157,2024-12-31,2025-03-25
000157,2025-03-31,2025-04-30
000157,2025-06-30,2025-08-30
000157,2025-09-30,2025-10-31
000157,2025-12-31,2026-03-31
000157,2026-03-31,2026-04-29
000157,2026-06-30,2026-08-28
601012,2015-03-31,2015-04-30
601012,2015-06-30,2015-08-28
601012,2015-09-30,2015-10-30
601012,2015-12-31,2016-03-25
601012,2016-03-31,2016-04-25
601012,2016-06-30,2016-08-18
601012,2016-09-30,2016-10-29
601012,2016-12-31,2017-03-11
601012,2017-03-31,2017-04-28
601012,2017-06-30,2017-08-30
601012,2017-09-30,2017-10-31
601012,2017-12-31,2018-03-29
601012,2018-03-31,2018-04-26
601012,2018-06-30,2018-08-31
601012,2018-09-30,2018-10-31
601012,2018-12-31,2019-04-30
601012,2019-03-31,2019-04-30
601012,2019-06-30,2019-08-29
601012,2019-09-30,2019-10-31
601012,2019-12-31,2020-04-23
601012,2020-03-31,2020-04-23
601012,2020-06-30,2020-08-28
601012,2020-09-30,2020-10-31
601012,2020-12-31,2021-04-21
601012,2021-03-31,2021-04-21
601012,2021-06-30,2021-08-31
601012,2021-09-30,2021-10-29
601012,2021-12-31,2022-04-28
601012,2022-03-31,2022-04-28
601012,2022-06-30,2022-08-25
601012,2022-09-30,2022-10-29
601012,2022-12-31,2023-04-28
601012,2023-03-31,2023-04-28
601012,2023-06-30,2023-08-31
601012,2023-09-30,2023-10-31
601012,2023-12-31,2024-04-30
601012,2024-03-31,2024-04-30
601012,2024-06-30,2024-08-31
601012,2024-09-30,2024-10-31
601012,2024-12-31,2025-04-30
601012,2025-03-31,2025-04-30
601012,2025-06-30,2025-08-23
601012,2025-09-30,2025-10-31
601012,2025-12-31,2026-04-29
601012,2026-03-31,2026-04-29
601012,2026-06-30,2026-08-31
601600,2015-03-31,2015-04-29
601600,2015-06-30,2015-08-28
601600,2015-09-30,2015-10-30
601600,2015-12-31,2016-03-18
601600,2016-03-31,2016-04-29
601600,2016-06-30,2016-08-26
601600,2016-09-30,2016-10-21
601600,2016-12-31,2017-03-24
601600,2017-03-31,2017-04-26
601600,2017-06-30,2017-08-18
601600,2017-09-30,2017-10-27
601600,2017-12-31,2018-03-23
601600,2018-03-31,2018-04-24
601600,2018-06-30,2018-08-16
601600,2018-09-30,2018-10-26
601600,2018-12-31,2019-03-29
601600,2019-03-31,2019-04-30
601600,2019-06-30,2019-08-28
601600,2019-09-30,2019-10-30
601600,2019-12-31,2020-03-27
601600,2020-03-31,2020-04-29
601600,2020-06-30,2020-08-28
601600,2020-09-30,2020-10-28
601600,2020-12-31,2021-03-24
601600,2021-03-31,2021-04-28
601600,2021-06-30,2021-08-25
601600,2021-09-30,2021-10-27
601600,2021-12-31,2022-03-23
601600,2022-03-31,2022-04-27
601600,2022-06-30,2022-08-24
601600,2022-09-30,2022-10-26
601600,2022-12-31,2023-03-22
601600,2023-03-31,2023-04-26
601600,2023-06-30,2023-08-23
601600,2023-09-30,2023-10-26
601600,2023-12-31,2024-03-28
601600,2024-03-31,2024-04-26
601600,2024-06-30,2024-08-29
601600,2024-09-30,2024-10-30
601600,2024-12-31,2025-03-27
601600,2025-03-31,2025-04-25
601600,2025-06-30,2025-08-28
601600,2025-09-30,2025-10-28
601600,2025-12-31,2026-03-28
601600,2026-03-31,2026-04-24
601600,2026-06-30,2026-08-28
601166,2015-03-31,2015-04-28
601166,2015-06-30,2015-08-29
601166,2015-09-30,2015-10-28
601166,2015-12-31,2016-04-28
601166,2016-03-31,2016-04-28
601166,2016-06-30,2016-08-30
601166,2016-09-30,2016-10-29
601166,2016-12-31,2017-04-29
601166,2017-03-31,2017-04-29
601166,2017-06-30,2017-08-30
601166,2017-09-30,2017-10-28
601166,2017-12-31,2018-04-25
601166,2018-03-31,2018-04-25
601166,2018-06-30,2018-08-29
601166,2018-09-30,2018-10-27
601166,2018-12-31,2019-04-30
601166,2019-03-31,2019-04-30
601166,2019-06-30,2019-08-28
601166,2019-09-30,2019-10-30
601166,2019-12-31,2020-04-29
601166,2020-03-31,2020-04-29
601166,2020-06-30,2020-08-29
601166,2020-09-30,2020-10-30
601166,2020-12-31,2021-03-31
601166,2021-03-31,2021-04-30
601166,2021-06-30,2021-08-27
601166,2021-09-30,2021-10-29
601166,2021-12-31,2022-03-25
601166,2022-03-31,2022-04-29
601166,2022-06-30,2022-08-27
601166,2022-09-30,2022-10-29
601166,2022-12-31,2023-03-31
601166,2023-03-31,2023-04-29
601166,2023-06-30,2023-08-31
601166,2023-09-30,2023-10-31
601166,2023-12-31,2024-03-29
601166,2024-03-31,2024-04-26
601166,2024-06-30,2024-08-23
601166,2024-09-30,2024-10-31
601166,2024-12-31,2025-03-28
601166,2025-03-31,2025-04-30
601166,2025-06-30,2025-08-29
601166,2025-09-30,2025-10-31
601166,2025-12-31,2026-03-27
601166,2026-03-31,2026-04-30
601166,2026-06-30,2026-08-28
601628,2015-03-31,2015-04-29
601628,2015-06-30,2015-08-27
601628,2015-09-30,2015-10-29
601628,2015-12-31,2016-03-24
601628,2016-03-31,2016-04-29
601628,2016-06-30,2016-08-26
601628,2016-09-30,2016-10-28
601628,2016-12-31,2017-03-24
601628,2017-03-31,2017-04-28
601628,2017-06-30,2017-08-25
601628,2017-09-30,2017-10-27
601628,2017-12-31,2018-03-23
601628,2018-03-31,2018-04-27
601628,2018-06-30,2018-08-24
601628,2018-09-30,2018-10-26
601628,2018-12-31,2019-03-28
601628,2019-03-31,2019-04-26
601628,2019-06-30,2019-08-23
601628,2019-09-30,2019-10-30
601628,2019-12-31,2020-03-26
601628,2020-03-31,2020-04-24
601628,2020-06-30,2020-08-27
601628,2020-09-30,2020-10-29
601628,2020-12-31,2021-03-26
601628,2021-03-31,2021-04-29
601628,2021-06-30,2021-08-26
601628,2021-09-30,2021-10-29
601628,2021-12-31,2022-03-25
601628,2022-03-31,2022-04-28
601628,2022-06-30,2022-08-26
601628,2022-09-30,2022-10-28
601628,2022-12-31,2023-03-30
601628,2023-03-31,2023-04-28
601628,2023-06-30,2023-08-24
601628,2023-09-30,2023-10-27
601628,2023-12-31,2024-03-28
601628,2024-03-31,2024-04-27
601628,2024-06-30,2024-08-30
601628,2024-09-30,2024-10-31
601628,2024-12-31,2025-03-27
601628,2025-03-31,2025-04-30
601628,2025-06-30,2025-08-28
601628,2025-09-30,2025-10-31
601628,2025-12-31,2026-03-26
601628,2026-03-31,2026-04-30
601628,2026-06-30,2026-08-28
600522,2015-03-31,2015-04-29
600522,2015-06-30,2015-08-26
600522,2015-09-30,2015-10-29
600522,2015-12-31,2016-04-22
600522,2016-03-31,2016-04-29
600522,2016-06-30,2016-08-19
600522,2016-09-30,2016-10-27
600522,2016-12-31,2017-04-26
600522,2017-03-31,2017-04-28
600522,2017-06-30,2017-08-29
600522,2017-09-30,2017-10-30
600522,2017-12-31,2018-04-26
600522,2018-03-31,2018-04-26
600522,2018-06-30,2018-08-29
600522,2018-09-30,2018-10-30
600522,2018-12-31,2019-04-29
600522,2019-03-31,2019-04-29
600522,2019-06-30,2019-08-30
600522,2019-09-30,2019-10-30
600522,2019-12-31,2020-04-30
600522,2020-03-31,2020-04-30
600522,2020-06-30,2020-08-31
600522,2020-09-30,2020-10-31
600522,2020-12-31,2021-03-05
600522,2021-03-31,2021-04-29
600522,2021-06-30,2021-08-30
600522,2021-09-30,2021-10-30
600522,2021-12-31,2022-04-30
600522,2022-03-31,2022-04-30
600522,2022-06-30,2022-08-31
600522,2022-09-30,2022-10-31
600522,2022-12-31,2023-04-26
600522,2023-03-31,2023-04-26
600522,2023-06-30,2023-08-30
600522,2023-09-30,2023-10-31
600522,2023-12-31,2024-04-26
600522,2024-03-31,2024-04-26
600522,2024-06-30,2024-08-30
600522,2024-09-30,2024-10-30
600522,2024-12-31,2025-04-25
600522,2025-03-31,2025-04-25
600522,2025-06-30,2025-08-26
600522,2025-09-30,2025-10-28
600522,2025-12-31,2026-04-25
600522,2026-03-31,2026-04-25
600522,2026-06-30,2026-08-28
000792,2015-03-31,2015-04-30
000792,2015-06-30,2015-08-26
000792,2015-09-30,2015-10-31
000792,2015-12-31,2016-04-20
000792,2016-03-31,2016-04-30
000792,2016-06-30,2016-08-26
000792,2016-09-30,2016-10-28
000792,2016-12-31,2017-03-31
000792,2017-03-31,2017-04-29
000792,2017-06-30,2017-08-31
000792,2017-09-30,2017-10-31
000792,2017-12-31,2018-03-31
000792,2018-03-31,2018-04-27
000792,2018-06-30,2018-08-31
000792,2018-09-30,2018-10-31
000792,2018-12-31,2019-04-27
000792,2019-03-31,2019-04-27
000792,2019-06-30,2019-08-31
000792,2019-09-30,2019-10-31
000792,2019-12-31,2020-04-30
000792,2020-03-31,2020-04-30
000792,2020-06-30,2020-08-31
000792,2020-09-30,2020-10-31
000792,2020-12-31,2021-03-31
000792,2021-03-31,2021-04-29
000792,2021-06-30,2021-08-30
000792,2021-09-30,2021-10-28
000792,2021-12-31,2022-04-26
000792,2022-03-31,2022-04-26
000792,2022-06-30,2022-08-25
000792,2022-09-30,2022-10-28
000792,2022-12-31,2023-03-31
000792,2023-03-31,2023-04-28
000792,2023-06-30,2023-08-30
000792,2023-09-30,2023-10-31
000792,2023-12-31,2024-03-30
000792,2024-03-31,2024-04-30
000792,2024-06-30,2024-08-30
000792,2024-09-30,2024-10-29
000792,2024-12-31,2025-03-29
000792,2025-03-31,2025-04-24
000792,2025-06-30,2025-08-30
000792,2025-09-30,2025-10-25
000792,2025-12-31,2026-03-31
000792,2026-03-31,2026-04-30
000792,2026-06-30,2026-08-26
605499,2021-06-30,2021-07-29
605499,2021-09-30,2021-10-28
605499,2021-12-31,2022-02-28
605499,2022-03-31,2022-04-30
605499,2022-06-30,2022-08-16
605499,2022-09-30,2022-10-28
605499,2022-12-31,2023-04-22
605499,2023-03-31,2023-04-22
605499,2023-06-30,2023-08-07
605499,2023-09-30,2023-10-28
605499,2023-12-31,2024-04-15
605499,2024-03-31,2024-04-23
605499,2024-06-30,2024-08-31
605499,2024-09-30,2024-10-30
605499,2024-12-31,2025-03-08
605499,2025-03-31,2025-04-16
605499,2025-06-30,2025-07-26
605499,2025-09-30,2025-10-25
605499,2025-12-31,2026-03-31
605499,2026-03-31,2026-04-30
605499,2026-06-30,2026-07-31
002422,2015-03-31,2015-04-24
002422,2015-06-30,2015-08-27
002422,2015-09-30,2015-10-31
002422,2015-12-31,2016-03-30
002422,2016-03-31,2016-04-29
002422,2016-06-30,2016-08-26
002422,2016-09-30,2016-10-28
002422,2016-12-31,2017-03-31
002422,2017-03-31,2017-04-25
002422,2017-06-30,2017-08-30
002422,2017-09-30,2017-10-27
002422,2017-12-31,2018-04-26
002422,2018-03-31,2018-04-26
002422,2018-06-30,2018-08-28
002422,2018-09-30,2018-10-29
002422,2018-12-31,2019-03-21
002422,2019-03-31,2019-04-20
002422,2019-06-30,2019-08-28
002422,2019-09-30,2019-10-31
002422,2019-12-31,2020-04-28
002422,2020-03-31,2020-04-28
002422,2020-06-30,2020-08-31
002422,2020-09-30,2020-10-31
002422,2020-12-31,2021-04-28
002422,2021-03-31,2021-04-28
002422,2021-06-30,2021-08-26
002422,2021-09-30,2021-10-30
002422,2021-12-31,2022-04-11
002422,2022-03-31,2022-04-27
002422,2022-06-30,2022-08-30
002422,2022-09-30,2022-10-31
002422,2022-12-31,2023-04-14
002422,2023-03-31,2023-04-26
002422,2023-06-30,2023-08-30
002422,2023-09-30,2023-10-31
002422,2023-12-31,2024-04-25
002422,2024-03-31,2024-04-25
002422,2024-06-30,2024-08-29
002422,2024-09-30,2024-10-29
002422,2024-12-31,2025-04-24
002422,2025-03-31,2025-04-30
002422,2025-06-30,2025-08-29
002422,2025-09-30,2025-10-31
002422,2025-12-31,2026-04-03
002422,2026-03-31,2026-04-29
002422,2026-06-30,2026-08-27
300502,2016-03-31,2016-04-26
300502,2016-06-30,2016-08-19
300502,2016-09-30,2016-10-27
300502,2016-12-31,2017-04-15
300502,2017-03-31,2017-04-25
300502,2017-06-30,2017-08-15
300502,2017-09-30,2017-10-28
300502,2017-12-31,2018-04-25
300502,2018-03-31,2018-04-25
300502,2018-06-30,2018-08-28
300502,2018-09-30,2018-10-26
300502,2018-12-31,2019-04-24
300502,2019-03-31,2019-04-24
300502,2019-06-30,2019-08-22
300502,2019-09-30,2019-10-29
300502,2019-12-31,2020-04-23
300502,2020-03-31,2020-04-23
300502,2020-06-30,2020-07-31
300502,2020-09-30,2020-10-28
300502,2020-12-31,2021-04-23
300502,2021-03-31,2021-04-23
300502,2021-06-30,2021-08-26
300502,2021-09-30,2021-10-28
300502,2021-12-31,2022-04-22
300502,2022-03-31,2022-04-22
300502,2022-06-30,2022-08-26
300502,2022-09-30,2022-10-27
300502,2022-12-31,2023-04-27
300502,2023-03-31,2023-04-27
300502,2023-06-30,2023-08-25
300502,2023-09-30,2023-10-21
300502,2023-12-31,2024-04-23
300502,2024-03-31,2024-04-23
300502,2024-06-30,2024-08-29
300502,2024-09-30,2024-10-25
300502,2024-12-31,2025-04-23
300502,2025-03-31,2025-04-23
300502,2025-06-30,2025-08-26
300502,2025-09-30,2025-10-30
300502,2025-12-31,2026-04-24
300502,2026-03-31,2026-04-24
300502,2026-06-30,2026-08-25
600905,2021-06-30,2021-08-27
600905,2021-09-30,2021-10-30
600905,2021-12-31,2022-04-28
600905,2022-03-31,2022-04-28
600905,2022-06-30,2022-08-31
600905,2022-09-30,2022-10-29
600905,2022-12-31,2023-04-29
600905,2023-03-31,2023-04-29
600905,2023-06-30,2023-08-31
600905,2023-09-30,2023-10-30
600905,2023-12-31,2024-04-30
600905,2024-03-31,2024-04-30
600905,2024-06-30,2024-08-31
600905,2024-09-30,2024-10-31
600905,2024-12-31,2025-04-30
600905,2025-03-31,2025-04-30
600905,2025-06-30,2025-08-30
600905,2025-09-30,2025-10-31
600905,2025-12-31,2026-04-30
600905,2026-03-31,2026-04-30
600905,2026-06-30,2026-08-28
600050,2015-03-31,2015-04-24
600050,2015-06-30,2015-08-22
600050,2015-09-30,2015-10-23
600050,2015-12-31,2016-03-17
600050,2016-03-31,2016-04-22
600050,2016-06-30,2016-08-18
600050,2016-09-30,2016-10-22
600050,2016-12-31,2017-03-16
600050,2017-03-31,2017-04-22
600050,2017-06-30,2017-08-17
600050,2017-09-30,2017-10-28
600050,2017-12-31,2018-03-16
600050,2018-03-31,2018-04-21
600050,2018-06-30,2018-08-16
600050,2018-09-30,2018-10-23
600050,2018-12-31,2019-03-14
600050,2019-03-31,2019-04-24
600050,2019-06-30,2019-08-15
600050,2019-09-30,2019-10-22
600050,2019-12-31,2020-03-24
600050,2020-03-31,2020-04-23
600050,2020-06-30,2020-08-13
600050,2020-09-30,2020-10-22
600050,2020-12-31,2021-03-12
600050,2021-03-31,2021-04-22
600050,2021-06-30,2021-08-20
600050,2021-09-30,2021-10-22
600050,2021-12-31,2022-03-12
600050,2022-03-31,2022-04-22
600050,2022-06-30,2022-08-09
600050,2022-09-30,2022-10-29
600050,2022-12-31,2023-03-09
600050,2023-03-31,2023-04-19
600050,2023-06-30,2023-08-10
600050,2023-09-30,2023-10-25
600050,2023-12-31,2024-03-20
600050,2024-03-31,2024-04-20
600050,2024-06-30,2024-08-16
600050,2024-09-30,2024-10-23
600050,2024-12-31,2025-03-19
600050,2025-03-31,2025-04-18
600050,2025-06-30,2025-08-13
600050,2025-09-30,2025-10-23
600050,2025-12-31,2026-03-20
600050,2026-03-31,2026-04-22
600050,2026-06-30,2026-08-19
002352,2015-03-31,2015-04-29
002352,2015-06-30,2015-08-26
002352,2015-09-30,2015-10-31
002352,2015-12-31,2016-04-22
002352,2016-03-31,2016-04-28
002352,2016-06-30,2016-08-19
002352,2016-09-30,2016-10-28
002352,2016-12-31,2017-03-13
002352,2017-03-31,2017-04-27
002352,2017-06-30,2017-08-26
002352,2017-09-30,2017-10-27
002352,2017-12-31,2018-03-14
002352,2018-03-31,2018-04-27
002352,2018-06-30,2018-08-24
002352,2018-09-30,2018-10-27
002352,2018-12-31,2019-03-16
002352,2019-03-31,2019-04-24
002352,2019-06-30,2019-08-28
002352,2019-09-30,2019-10-26
002352,2019-12-31,2020-03-24
002352,2020-03-31,2020-04-24
002352,2020-06-30,2020-08-26
002352,2020-09-30,2020-10-27
002352,2020-12-31,2021-03-18
002352,2021-03-31,2021-04-23
002352,2021-06-30,2021-08-23
002352,2021-09-30,2021-10-29
002352,2021-12-31,2022-03-31
002352,2022-03-31,2022-04-29
002352,2022-06-30,2022-08-31
002352,2022-09-30,2022-10-29
002352,2022-12-31,2023-03-29
002352,2023-03-31,2023-04-27
002352,2023-06-30,2023-08-29
002352,2023-09-30,2023-10-31
002352,2023-12-31,2024-03-27
002352,2024-03-31,2024-04-30
002352,2024-06-30,2024-08-29
002352,2024-09-30,2024-10-30
002352,2024-12-31,2025-03-29
002352,2025-03-31,2025-04-29
002352,2025-06-30,2025-08-29
002352,2025-09-30,2025-10-31
002352,2025-12-31,2026-03-31
002352,2026-03-31,2026-04-29
002352,2026-06-30,2026-08-29
601825,2021-09-30,2021-10-30
601825,2021-12-31,2022-04-30
601825,2022-03-31,2022-04-30
601825,2022-06-30,2022-08-19
601825,2022-09-30,2022-10-29
601825,2022-12-31,2023-04-28
601825,2023-03-31,2023-04-28
601825,2023-06-30,2023-08-24
601825,2023-09-30,2023-10-28
601825,2023-12-31,2024-04-26
601825,2024-03-31,2024-04-26
601825,2024-06-30,2024-08-17
601825,2024-09-30,2024-10-26
601825,2024-12-31,2025-04-25
601825,2025-03-31,2025-04-25
601825,2025-06-30,2025-08-30
601825,2025-09-30,2025-10-31
601825,2025-12-31,2026-04-23
601825,2026-03-31,2026-04-23
601825,2026-06-30,2026-08-28
300476,2015-06-30,2015-08-20
300476,2015-09-30,2015-10-28
300476,2015-12-31,2016-03-25
300476,2016-03-31,2016-04-26
300476,2016-06-30,2016-08-10
300476,2016-09-30,2016-10-28
300476,2016-12-31,2017-03-10
300476,2017-03-31,2017-04-27
300476,2017-06-30,2017-08-29
300476,2017-09-30,2017-10-27
300476,2017-12-31,2018-02-09
300476,2018-03-31,2018-04-26
300476,2018-06-30,2018-08-21
300476,2018-09-30,2018-10-29
300476,2018-12-31,2019-03-29
300476,2019-03-31,2019-04-27
300476,2019-06-30,2019-08-29
300476,2019-09-30,2019-10-29
300476,2019-12-31,2020-04-24
300476,2020-03-31,2020-04-29
300476,2020-06-30,2020-08-19
300476,2020-09-30,2020-10-30
300476,2020-12-31,2021-03-31
300476,2021-03-31,2021-04-29
300476,2021-06-30,2021-08-27
300476,2021-09-30,2021-10-26
300476,2021-12-31,2022-04-28
300476,2022-03-31,2022-04-29
300476,2022-06-30,2022-08-20
300476,2022-09-30,2022-10-27
300476,2022-12-31,2023-04-20
300476,2023-03-31,2023-04-28
300476,2023-06-30,2023-08-25
300476,2023-09-30,2023-10-25
300476,2023-12-31,2024-04-19
300476,2024-03-31,2024-04-19
300476,2024-06-30,2024-08-17
300476,2024-09-30,2024-10-29
300476,2024-12-31,2025-03-29
300476,2025-03-31,2025-04-22
300476,2025-06-30,2025-08-27
300476,2025-09-30,2025-10-28
300476,2025-12-31,2026-03-13
300476,2026-03-31,2026-04-29
300476,2026-06-30,2026-08-28
600118,2015-03-31,2015-04-22
600118,2015-06-30,2015-08-26
600118,2015-09-30,2015-10-30
600118,2015-12-31,2016-03-12
600118,2016-03-31,2016-04-27
600118,2016-06-30,2016-08-23
600118,2016-09-30,2016-10-29
600118,2016-12-31,2017-03-11
600118,2017-03-31,2017-04-26
600118,2017-06-30,2017-08-25
600118,2017-09-30,2017-10-27
600118,2017-12-31,2018-03-15
600118,2018-03-31,2018-04-26
600118,2018-06-30,2018-08-24
600118,2018-09-30,2018-10-26
600118,2018-12-31,2019-03-20
600118,2019-03-31,2019-04-26
600118,2019-06-30,2019-08-23
600118,2019-09-30,2019-10-25
600118,2019-12-31,2020-04-25
600118,2020-03-31,2020-04-25
600118,2020-06-30,2020-08-26
600118,2020-09-30,2020-10-28
600118,2020-12-31,2021-03-25
600118,2021-03-31,2021-04-28
600118,2021-06-30,2021-08-25
600118,2021-09-30,2021-10-30
600118,2021-12-31,2022-03-31
600118,2022-03-31,2022-04-29
600118,2022-06-30,2022-08-27
600118,2022-09-30,2022-10-29
600118,2022-12-31,2023-03-31
600118,2023-03-31,2023-04-28
600118,2023-06-30,2023-08-25
600118,2023-09-30,2023-10-31
600118,2023-12-31,2024-04-17
600118,2024-03-31,2024-04-30
600118,2024-06-30,2024-08-23
600118,2024-09-30,2024-10-25
600118,2024-12-31,2025-04-12
600118,2025-03-31,2025-04-30
600118,2025-06-30,2025-08-23
600118,2025-09-30,2025-10-29
600118,2025-12-31,2026-03-31
600118,2026-03-31,2026-04-22
600118,2026-06-30,2026-08-20
000425,2015-03-31,2015-04-18
000425,2015-06-30,2015-08-29
000425,2015-09-30,2015-10-31
000425,2015-12-31,2016-03-31
000425,2016-03-31,2016-04-26
000425,2016-06-30,2016-08-12
000425,2016-09-30,2016-10-31
000425,2016-12-31,2017-03-25
000425,2017-03-31,2017-04-29
000425,2017-06-30,2017-08-31
000425,2017-09-30,2017-10-31
000425,2017-12-31,2018-04-28
000425,2018-03-31,2018-04-28
000425,2018-06-30,2018-08-31
000425,2018-09-30,2018-10-31
000425,2018-12-31,2019-04-30
000425,2019-03-31,2019-04-30
000425,2019-06-30,2019-08-31
000425,2019-09-30,2019-10-31
000425,2019-12-31,2020-04-30
000425,2020-03-31,2020-04-30
000425,2020-06-30,2020-08-31
000425,2020-09-30,2020-10-31
000425,2020-12-31,2021-04-30
000425,2021-03-31,2021-04-30
000425,2021-06-30,2021-08-31
000425,2021-09-30,2021-10-30
000425,2021-12-31,2022-04-19
000425,2022-03-31,2022-04-30
000425,2022-06-30,2022-08-31
000425,2022-09-30,2022-10-26
000425,2022-12-31,2023-04-29
000425,2023-03-31,2023-04-29
000425,2023-06-30,2023-08-31
000425,2023-09-30,2023-10-31
000425,2023-12-31,2024-04-30
000425,2024-03-31,2024-04-30
000425,2024-06-30,2024-08-29
000425,2024-09-30,2024-10-31
000425,2024-12-31,2025-04-29
000425,2025-03-31,2025-04-29
000425,2025-06-30,2025-08-30
000425,2025-09-30,2025-10-31
000425,2025-12-31,2026-04-29
000425,2026-03-31,2026-04-29
000425,2026-06-30,2026-08-29
601788,2015-03-31,2015-04-29
601788,2015-06-30,2015-08-06
601788,2015-09-30,2015-10-31
601788,2015-12-31,2016-02-27
601788,2016-03-31,2016-04-26
601788,2016-06-30,2016-08-30
601788,2016-09-30,2016-10-29
601788,2016-12-31,2017-03-30
601788,2017-03-31,2017-04-29
601788,2017-06-30,2017-08-30
601788,2017-09-30,2017-10-27
601788,2017-12-31,2018-03-27
601788,2018-03-31,2018-04-27
601788,2018-06-30,2018-08-29
601788,2018-09-30,2018-10-30
601788,2018-12-31,2019-03-28
601788,2019-03-31,2019-04-30
601788,2019-06-30,2019-08-28
601788,2019-09-30,2019-10-29
601788,2019-12-31,2020-03-28
601788,2020-03-31,2020-04-29
601788,2020-06-30,2020-08-27
601788,2020-09-30,2020-10-29
601788,2020-12-31,2021-03-26
601788,2021-03-31,2021-04-30
601788,2021-06-30,2021-08-27
601788,2021-09-30,2021-10-29
601788,2021-12-31,2022-03-25
601788,2022-03-31,2022-04-29
601788,2022-06-30,2022-08-26
601788,2022-09-30,2022-10-28
601788,2022-12-31,2023-03-31
601788,2023-03-31,2023-04-28
601788,2023-06-30,2023-08-25
601788,2023-09-30,2023-10-27
601788,2023-12-31,2024-03-28
601788,2024-03-31,2024-04-30
601788,2024-06-30,2024-08-30
601788,2024-09-30,2024-10-31
601788,2024-12-31,2025-03-28
601788,2025-03-31,2025-04-30
601788,2025-06-30,2025-08-29
601788,2025-09-30,2025-10-31
601788,2025-12-31,2026-03-27
601788,2026-03-31,2026-04-30
601788,2026-06-30,2026-08-20
600482,2015-03-31,2015-04-23
600482,2015-06-30,2015-08-06
600482,2015-09-30,2015-10-27
600482,2015-12-31,2016-04-22
600482,2016-03-31,2016-04-22
600482,2016-06-30,2016-08-31
600482,2016-09-30,2016-10-31
600482,2016-12-31,2017-02-28
600482,2017-03-31,2017-04-28
600482,2017-06-30,2017-08-12
600482,2017-09-30,2017-10-24
600482,2017-12-31,2018-04-26
600482,2018-03-31,2018-04-26
600482,2018-06-30,2018-08-28
600482,2018-09-30,2018-10-30
600482,2018-12-31,2019-04-18
600482,2019-03-31,2019-04-25
600482,2019-06-30,2019-08-28
600482,2019-09-30,2019-10-31
600482,2019-12-31,2020-04-29
600482,2020-03-31,2020-04-29
600482,2020-06-30,2020-08-28
600482,2020-09-30,2020-10-31
600482,2020-12-31,2021-04-30
600482,2021-03-31,2021-04-30
600482,2021-06-30,2021-08-27
600482,2021-09-30,2021-10-29
600482,2021-12-31,2022-04-29
600482,2022-03-31,2022-04-29
600482,2022-06-30,2022-08-27
600482,2022-09-30,2022-10-29
600482,2022-12-31,2023-04-28
600482,2023-03-31,2023-04-28
600482,2023-06-30,2023-08-31
600482,2023-09-30,2023-10-31
600482,2023-12-31,2024-04-27
600482,2024-03-31,2024-04-27
600482,2024-06-30,2024-08-31
600482,2024-09-30,2024-10-31
600482,2024-12-31,2025-04-26
600482,2025-03-31,2025-04-26
600482,2025-06-30,2025-08-30
600482,2025-09-30,2025-10-31
600482,2025-12-31,2026-04-30
600482,2026-03-31,2026-04-30
600482,2026-06-30,2026-08-31
300661,2017-06-30,2017-08-22
300661,2017-09-30,2017-10-26
300661,2017-12-31,2018-04-23
300661,2018-03-31,2018-04-26
300661,2018-06-30,2018-08-22
300661,2018-09-30,2018-10-27
300661,2018-12-31,2019-04-25
300661,2019-03-31,2019-04-27
300661,2019-06-30,2019-08-16
300661,2019-09-30,2019-10-29
300661,2019-12-31,2020-03-31
300661,2020-03-31,2020-04-28
300661,2020-06-30,2020-08-07
300661,2020-09-30,2020-10-28
300661,2020-12-31,2021-04-23
300661,2021-03-31,2021-04-27
300661,2021-06-30,2021-08-30
300661,2021-09-30,2021-10-27
300661,2021-12-31,2022-04-23
300661,2022-03-31,2022-04-23
300661,2022-06-30,2022-08-25
300661,2022-09-30,2022-10-29
300661,2022-12-31,2023-04-22
300661,2023-03-31,2023-04-22
300661,2023-06-30,2023-08-29
300661,2023-09-30,2023-10-26
300661,2023-12-31,2024-04-27
300661,2024-03-31,2024-04-27
300661,2024-06-30,2024-08-30
300661,2024-09-30,2024-10-26
300661,2024-12-31,2025-04-29
300661,2025-03-31,2025-04-29
300661,2025-06-30,2025-08-29
300661,2025-09-30,2025-10-25
300661,2025-12-31,2026-03-28
300661,2026-03-31,2026-04-27
300661,2026-06-30,2026-08-29
002179,2015-03-31,2015-04-24
002179,2015-06-30,2015-08-27
002179,2015-09-30,2015-10-28
002179,2015-12-31,2016-03-30
002179,2016-03-31,2016-04-29
002179,2016-06-30,2016-08-26
002179,2016-09-30,2016-10-28
002179,2016-12-31,2017-03-16
002179,2017-03-31,2017-04-28
002179,2017-06-30,2017-08-31
002179,2017-09-30,2017-10-27
002179,2017-12-31,2018-03-17
002179,2018-03-31,2018-04-27
002179,2018-06-30,2018-08-25
002179,2018-09-30,2018-10-26
002179,2018-12-31,2019-03-21
002179,2019-03-31,2019-04-26
002179,2019-06-30,2019-08-24
002179,2019-09-30,2019-10-25
002179,2019-12-31,2020-03-31
002179,2020-03-31,2020-04-24
002179,2020-06-30,2020-08-22
002179,2020-09-30,2020-10-30
002179,2020-12-31,2021-03-31
002179,2021-03-31,2021-04-30
002179,2021-06-30,2021-08-28
002179,2021-09-30,2021-10-30
002179,2021-12-31,2022-03-31
002179,2022-03-31,2022-04-30
002179,2022-06-30,2022-08-31
002179,2022-09-30,2022-10-29
002179,2022-12-31,2023-03-16
002179,2023-03-31,2023-04-29
002179,2023-06-30,2023-08-23
002179,2023-09-30,2023-10-25
002179,2023-12-31,2024-03-16
002179,2024-03-31,2024-04-27
002179,2024-06-30,2024-08-28
002179,2024-09-30,2024-10-30
002179,2024-12-31,2025-03-29
002179,2025-03-31,2025-04-29
002179,2025-06-30,2025-08-30
002179,2025-09-30,2025-10-30
002179,2025-12-31,2026-03-28
002179,2026-03-31,2026-04-25
002179,2026-06-30,2026-08-27
601818,2015-03-31,2015-04-30
601818,2015-06-30,2015-08-31
601818,2015-09-30,2015-10-31
601818,2015-12-31,2016-03-30
601818,2016-03-31,2016-04-30
601818,2016-06-30,2016-08-27
601818,2016-09-30,2016-10-29
601818,2016-12-31,2017-03-31
601818,2017-03-31,2017-04-29
601818,2017-06-30,2017-08-26
601818,2017-09-30,2017-10-31
601818,2017-12-31,2018-03-29
601818,2018-03-31,2018-04-28
601818,2018-06-30,2018-08-29
601818,2018-09-30,2018-10-31
601818,2018-12-31,2019-03-29
601818,2019-03-31,2019-04-27
601818,2019-06-30,2019-08-29
601818,2019-09-30,2019-10-31
601818,2019-12-31,2020-03-28
601818,2020-03-31,2020-04-29
601818,2020-06-30,2020-08-29
601818,2020-09-30,2020-10-31
601818,2020-12-31,2021-03-27
601818,2021-03-31,2021-04-29
601818,2021-06-30,2021-08-31
601818,2021-09-30,2021-10-29
601818,2021-12-31,2022-03-26
601818,2022-03-31,2022-04-28
601818,2022-06-30,2022-08-27
601818,2022-09-30,2022-10-29
601818,2022-12-31,2023-03-25
601818,2023-03-31,2023-04-29
601818,2023-06-30,2023-08-25
601818,2023-09-30,2023-10-31
601818,2023-12-31,2024-03-28
601818,2024-03-31,2024-04-30
601818,2024-06-30,2024-08-31
601818,2024-09-30,2024-10-31
601818,2024-12-31,2025-03-29
601818,2025-03-31,2025-04-26
601818,2025-06-30,2025-08-30
601818,2025-09-30,2025-10-31
601818,2025-12-31,2026-03-31
601818,2026-03-31,2026-04-30
601818,2026-06-30,2026-08-29
000975,2015-03-31,2015-04-30
000975,2015-06-30,2015-08-22
000975,2015-09-30,2015-10-31
000975,2015-12-31,2016-02-03
000975,2016-03-31,2016-04-27
000975,2016-06-30,2016-08-31
000975,2016-09-30,2016-10-27
000975,2016-12-31,2017-03-10
000975,2017-03-31,2017-04-28
000975,2017-06-30,2017-08-01
000975,2017-09-30,2017-10-28
000975,2017-12-31,2018-04-27
000975,2018-03-31,2018-04-27
000975,2018-06-30,2018-08-28
000975,2018-09-30,2018-10-26
000975,2018-12-31,2019-04-17
000975,2019-03-31,2019-04-26
000975,2019-06-30,2019-08-20
000975,2019-09-30,2019-10-30
000975,2019-12-31,2020-03-21
000975,2020-03-31,2020-04-30
000975,2020-06-30,2020-08-31
000975,2020-09-30,2020-10-30
000975,2020-12-31,2021-03-30
000975,2021-03-31,2021-04-28
000975,2021-06-30,2021-08-27
000975,2021-09-30,2021-10-30
000975,2021-12-31,2022-04-09
000975,2022-03-31,2022-04-30
000975,2022-06-30,2022-08-29
000975,2022-09-30,2022-10-31
000975,2022-12-31,2023-02-28
000975,2023-03-31,2023-04-28
000975,2023-06-30,2023-07-18
000975,2023-09-30,2023-10-28
000975,2023-12-31,2024-03-23
000975,2024-03-31,2024-04-24
000975,2024-06-30,2024-08-21
000975,2024-09-30,2024-10-22
000975,2024-12-31,2025-03-18
000975,2025-03-31,2025-04-22
000975,2025-06-30,2025-08-19
000975,2025-09-30,2025-10-24
000975,2025-12-31,2026-03-06
000975,2026-03-31,2026-04-22
000975,2026-06-30,2026-08-20
603799,2015-03-31,2015-04-28
603799,2015-06-30,2015-08-28
603799,2015-09-30,2015-10-29
603799,2015-12-31,2016-03-23
603799,2016-03-31,2016-04-29
603799,2016-06-30,2016-08-30
603799,2016-09-30,2016-10-29
603799,2016-12-31,2017-04-01
603799,2017-03-31,2017-04-28
603799,2017-06-30,2017-08-26
603799,2017-09-30,2017-10-28
603799,2017-12-31,2018-04-26
603799,2018-03-31,2018-04-28
603799,2018-06-30,2018-08-28
603799,2018-09-30,2018-10-30
603799,2018-12-31,2019-03-30
603799,2019-03-31,2019-04-27
603799,2019-06-30,2019-08-28
603799,2019-09-30,2019-10-29
603799,2019-12-31,2020-03-28
603799,2020-03-31,2020-04-16
603799,2020-06-30,2020-08-29
603799,2020-09-30,2020-10-29
603799,2020-12-31,2021-03-30
603799,2021-03-31,2021-04-16
603799,2021-06-30,2021-08-17
603799,2021-09-30,2021-10-30
603799,2021-12-31,2022-04-23
603799,2022-03-31,2022-04-28
603799,2022-06-30,2022-08-20
603799,2022-09-30,2022-10-29
603799,2022-12-31,2023-04-28
603799,2023-03-31,2023-04-28
603799,2023-06-30,2023-08-26
603799,2023-09-30,2023-10-25
603799,2023-12-31,2024-04-20
603799,2024-03-31,2024-04-20
603799,2024-06-30,2024-08-20
603799,2024-09-30,2024-10-19
603799,2024-12-31,2025-04-19
603799,2025-03-31,2025-04-19
603799,2025-06-30,2025-08-18
603799,2025-09-30,2025-10-18
603799,2025-12-31,2026-04-08
603799,2026-03-31,2026-04-17
603799,2026-06-30,2026-08-19
002353,2015-03-31,2015-04-23
002353,2015-06-30,2015-07-31
002353,2015-09-30,2015-10-31
002353,2015-12-31,2016-04-09
002353,2016-03-31,2016-04-28
002353,2016-06-30,2016-08-06
002353,2016-09-30,2016-10-28
002353,2016-12-31,2017-03-31
002353,2017-03-31,2017-04-22
002353,2017-06-30,2017-08-10
002353,2017-09-30,2017-10-28
002353,2017-12-31,2018-04-04
002353,2018-03-31,2018-04-25
002353,2018-06-30,2018-08-04
002353,2018-09-30,2018-10-26
002353,2018-12-31,2019-04-10
002353,2019-03-31,2019-04-26
002353,2019-06-30,2019-08-03
002353,2019-09-30,2019-10-25
002353,2019-12-31,2020-04-10
002353,2020-03-31,2020-04-29
002353,2020-06-30,2020-08-11
002353,2020-09-30,2020-10-29
002353,2020-12-31,2021-04-09
002353,2021-03-31,2021-04-28
002353,2021-06-30,2021-08-27
002353,2021-09-30,2021-10-27
002353,2021-12-31,2022-04-15
002353,2022-03-31,2022-04-27
002353,2022-06-30,2022-08-10
002353,2022-09-30,2022-10-29
002353,2022-12-31,2023-04-21
002353,2023-03-31,2023-04-29
002353,2023-06-30,2023-08-11
002353,2023-09-30,2023-10-28
002353,2023-12-31,2024-04-03
002353,2024-03-31,2024-04-26
002353,2024-06-30,2024-08-29
002353,2024-09-30,2024-10-25
002353,2024-12-31,2025-04-10
002353,2025-03-31,2025-04-23
002353,2025-06-30,2025-08-07
002353,2025-09-30,2025-10-24
002353,2025-12-31,2026-04-17
002353,2026-03-31,2026-04-17
002353,2026-06-30,2026-08-14
002384,2015-03-31,2015-04-23
002384,2015-06-30,2015-08-20
002384,2015-09-30,2015-10-31
002384,2015-12-31,2016-04-21
002384,2016-03-31,2016-04-29
002384,2016-06-30,2016-08-24
002384,2016-09-30,2016-10-27
002384,2016-12-31,2017-04-25
002384,2017-03-31,2017-04-28
002384,2017-06-30,2017-08-22
002384,2017-09-30,2017-10-25
002384,2017-12-31,2018-04-27
002384,2018-03-31,2018-04-28
002384,2018-06-30,2018-08-02
002384,2018-09-30,2018-10-20
002384,2018-12-31,2019-04-20
002384,2019-03-31,2019-04-24
002384,2019-06-30,2019-08-10
002384,2019-09-30,2019-10-29
002384,2019-12-31,2020-04-23
002384,2020-03-31,2020-04-25
002384,2020-06-30,2020-08-27
002384,2020-09-30,2020-10-28
002384,2020-12-31,2021-04-15
002384,2021-03-31,2021-04-26
002384,2021-06-30,2021-08-12
002384,2021-09-30,2021-10-26
002384,2021-12-31,2022-04-20
002384,2022-03-31,2022-04-22
002384,2022-06-30,2022-08-18
002384,2022-09-30,2022-10-25
002384,2022-12-31,2023-04-21
002384,2023-03-31,2023-04-25
002384,2023-06-30,2023-08-31
002384,2023-09-30,2023-10-25
002384,2023-12-31,2024-04-18
002384,2024-03-31,2024-04-25
002384,2024-06-30,2024-08-20
002384,2024-09-30,2024-10-29
002384,2024-12-31,2025-04-25
002384,2025-03-31,2025-04-30
002384,2025-06-30,2025-08-27
002384,2025-09-30,2025-10-22
002384,2025-12-31,2026-04-22
002384,2026-03-31,2026-04-28
002384,2026-06-30,2026-08-22
600938,2022-03-31,2022-04-29
600938,2022-06-30,2022-08-26
600938,2022-09-30,2022-10-28
600938,2022-12-31,2023-03-30
600938,2023-03-31,2023-04-28
600938,2023-06-30,2023-08-18
600938,2023-09-30,2023-10-25
600938,2023-12-31,2024-03-22
600938,2024-03-31,2024-04-26
600938,2024-06-30,2024-08-29
600938,2024-09-30,2024-10-29
600938,2024-12-31,2025-03-28
600938,2025-03-31,2025-04-30
600938,2025-06-30,2025-08-28
600938,2025-09-30,2025-10-31
600938,2025-12-31,2026-03-27
600938,2026-03-31,2026-04-29
600938,2026-06-30,2026-08-27
601398,2015-03-31,2015-04-30
601398,2015-06-30,2015-08-28
601398,2015-09-30,2015-10-31
601398,2015-12-31,2016-03-31
601398,2016-03-31,2016-04-29
601398,2016-06-30,2016-08-31
601398,2016-09-30,2016-10-29
601398,2016-12-31,2017-03-31
601398,2017-03-31,2017-04-29
601398,2017-06-30,2017-08-31
601398,2017-09-30,2017-10-31
601398,2017-12-31,2018-03-28
601398,2018-03-31,2018-04-28
601398,2018-06-30,2018-08-31
601398,2018-09-30,2018-10-31
601398,2018-12-31,2019-03-29
601398,2019-03-31,2019-04-30
601398,2019-06-30,2019-08-30
601398,2019-09-30,2019-10-26
601398,2019-12-31,2020-03-28
601398,2020-03-31,2020-04-29
601398,2020-06-30,2020-08-31
601398,2020-09-30,2020-10-31
601398,2020-12-31,2021-03-27
601398,2021-03-31,2021-04-30
601398,2021-06-30,2021-08-28
601398,2021-09-30,2021-10-30
601398,2021-12-31,2022-03-31
601398,2022-03-31,2022-04-30
601398,2022-06-30,2022-08-31
601398,2022-09-30,2022-10-29
601398,2022-12-31,2023-03-31
601398,2023-03-31,2023-04-29
601398,2023-06-30,2023-08-31
601398,2023-09-30,2023-10-28
601398,2023-12-31,2024-03-28
601398,2024-03-31,2024-04-30
601398,2024-06-30,2024-08-31
601398,2024-09-30,2024-10-31
601398,2024-12-31,2025-03-29
601398,2025-03-31,2025-04-30
601398,2025-06-30,2025-08-30
601398,2025-09-30,2025-10-31
601398,2025-12-31,2026-03-28
601398,2026-03-31,2026-04-30
601398,2026-06-30,2026-08-29
